"subject","section","sessionTitle","date","presentCount","totalCount","pct"
"Advanced Communication Skills","CDU Batch-1 - S-001","III semester Project - 8","2026-08-22","0","64","0"
"Advanced Communication Skills","CDU Batch-1 - S-001","III semester Project - 7","2026-08-19","22","64","34.4"
"Advanced Communication Skills","CDU Batch-1 - S-001","III semester Project - 6","2026-08-04","36","64","56.3"
"Advanced Communication Skills","CDU Batch-1 - S-001","III semester Project - 5","2026-08-03","30","64","46.9"
"Advanced Communication Skills","CDU Batch-1 - S-001","III semester Project - 4","2026-07-30","35","64","54.7"
"Advanced Communication Skills","CDU Batch-1 - S-001","III semester Project - 3","2026-07-28","42","64","65.6"
"Advanced Communication Skills","CDU Batch-1 - S-001","III semester Project - 2","2026-07-23","54","64","84.4"
"Advanced Communication Skills","CDU Batch-1 - S-001","Real Time Session 3: Activity","2026-07-17","40","64","62.5"
"Advanced Communication Skills","CDU Batch-1 - S-001","Emphasizing Self-Expression","2026-07-13","42","64","65.6"
"Advanced Communication Skills","CDU Batch-1 - S-001","Module 1 Quiz","2026-07-13","44","64","68.8"
"Advanced Communication Skills","CDU Batch-1 - S-001","Real Time Session 3: Activity","2026-07-09","48","64","75"
"Advanced Communication Skills","CDU Batch-1 - S-001","Framing Effective Questions","2026-07-07","37","64","57.8"
"Advanced Communication Skills","CDU Batch-1 - S-001","Real Time Session 2: Activity","2026-07-03","30","64","46.9"
"Advanced Communication Skills","CDU Batch-1 - S-001","Real Time Session 2: Activity","2026-07-02","36","64","56.3"
"Advanced Communication Skills","CDU Batch-1 - S-001","Designing Clear Prompts","2026-06-23","52","64","81.3"
"Advanced Communication Skills","CDU Batch-1 - S-001","Real Time Session 1: Activity","2026-06-22","43","64","67.2"
"Advanced Communication Skills","CDU Batch-1 - S-001","Real Time Session 1: Activity","2026-06-20","49","64","76.6"
"Advanced Communication Skills","CDU Batch-1 - S-001","Mastering the Art of Discussion","2026-06-17","42","64","65.6"
"Advanced Communication Skills","CDU Batch-1 - S-001","Mastering the Art of Discussion","2026-06-16","36","64","56.3"
"Advanced Communication Skills","CDU Batch-1 - S-001","The Language of Connection","2026-06-13","0","64","0"
"Advanced Communication Skills","CDU Batch-1 - S-001","Accuracy in sentence structure","2026-06-12","18","64","28.1"
"Advanced Communication Skills","CDU Batch-1 - S-002","III semester Project - 8","2026-08-22","0","64","0"
"Advanced Communication Skills","CDU Batch-1 - S-002","III semester Project - 7","2026-08-19","32","64","50"
"Advanced Communication Skills","CDU Batch-1 - S-002","III semester Project - 6","2026-08-04","35","64","54.7"
"Advanced Communication Skills","CDU Batch-1 - S-002","III semester Project - 5","2026-08-01","39","64","60.9"
"Advanced Communication Skills","CDU Batch-1 - S-002","III semester Project - 4","2026-07-28","46","64","71.9"
"Advanced Communication Skills","CDU Batch-1 - S-002","III semester Project - 3","2026-07-27","46","64","71.9"
"Advanced Communication Skills","CDU Batch-1 - S-002","III semester Project - 2","2026-07-23","44","64","68.8"
"Advanced Communication Skills","CDU Batch-1 - S-002","Real Time Session 3: Activity","2026-07-17","15","64","23.4"
"Advanced Communication Skills","CDU Batch-1 - S-002","Emphasizing Self-Expression","2026-07-13","42","64","65.6"
"Advanced Communication Skills","CDU Batch-1 - S-002","Module 1 Quiz","2026-07-13","41","64","64.1"
"Advanced Communication Skills","CDU Batch-1 - S-002","Real Time Session 3: Activity","2026-07-09","13","64","20.3"
"Advanced Communication Skills","CDU Batch-1 - S-002","Framing Effective Questions","2026-07-07","43","64","67.2"
"Advanced Communication Skills","CDU Batch-1 - S-002","Real Time Session 2: Activity","2026-07-06","17","64","26.6"
"Advanced Communication Skills","CDU Batch-1 - S-002","Real Time Session 2: Activity","2026-07-02","28","64","43.8"
"Advanced Communication Skills","CDU Batch-1 - S-002","Real Time Session 1: Activity","2026-06-25","51","64","79.7"
"Advanced Communication Skills","CDU Batch-1 - S-002","Real Time Session 1: Activity","2026-06-23","30","64","46.9"
"Advanced Communication Skills","CDU Batch-1 - S-002","Designing Clear Prompts","2026-06-19","35","64","54.7"
"Advanced Communication Skills","CDU Batch-1 - S-002","Mastering the Art of Discussion","2026-06-17","23","64","35.9"
"Advanced Communication Skills","CDU Batch-1 - S-002","The Language of Connection","2026-06-15","33","64","51.6"
"Advanced Communication Skills","CDU Batch-1 - S-002","Accuracy in sentence structure","2026-06-12","34","64","53.1"
"Advanced Communication Skills","CDU Batch-1 - S-003","III semester Project - 7","2026-08-20","35","80","43.8"
"Advanced Communication Skills","CDU Batch-1 - S-003","III semester Project - 6","2026-08-04","45","80","56.3"
"Advanced Communication Skills","CDU Batch-1 - S-003","III semester Project - 5","2026-08-01","40","80","50"
"Advanced Communication Skills","CDU Batch-1 - S-003","III semester Project - 4","2026-07-30","48","80","60"
"Advanced Communication Skills","CDU Batch-1 - S-003","III semester Project - 3","2026-07-28","44","80","55"
"Advanced Communication Skills","CDU Batch-1 - S-003","III semester Project - 2","2026-07-23","52","80","65"
"Advanced Communication Skills","CDU Batch-1 - S-003","III semester Project - 1","2026-07-21","61","80","76.3"
"Advanced Communication Skills","CDU Batch-1 - S-003","Real Time Session 3: Activity","2026-07-20","70","80","87.5"
"Advanced Communication Skills","CDU Batch-1 - S-003","Real Time Session 3: Activity","2026-07-18","35","80","43.8"
"Advanced Communication Skills","CDU Batch-1 - S-003","Module 1 Quiz","2026-07-13","59","80","73.8"
"Advanced Communication Skills","CDU Batch-1 - S-003","Emphasizing Self-Expression","2026-07-11","31","80","38.8"
"Advanced Communication Skills","CDU Batch-1 - S-003","Framing Effective Questions","2026-07-08","29","80","36.3"
"Advanced Communication Skills","CDU Batch-1 - S-003","Real Time Session 2: Activity","2026-07-06","39","80","48.8"
"Advanced Communication Skills","CDU Batch-1 - S-003","Real Time Session 2: Activity","2026-07-02","19","80","23.8"
"Advanced Communication Skills","CDU Batch-1 - S-003","Real Time Session 1: Activity","2026-06-24","30","80","37.5"
"Advanced Communication Skills","CDU Batch-1 - S-003","Real Time Session 1: Activity","2026-06-23","39","80","48.8"
"Advanced Communication Skills","CDU Batch-1 - S-003","Designing Clear Prompts","2026-06-20","54","80","67.5"
"Advanced Communication Skills","CDU Batch-1 - S-003","The Language of Connection","2026-06-18","52","80","65"
"Advanced Communication Skills","CDU Batch-1 - S-003","Mastering the Art of Discussion","2026-06-16","32","80","40"
"Advanced Communication Skills","CDU Batch-1 - S-003","The Language of Connection","2026-06-13","0","80","0"
"Advanced Communication Skills","CDU Batch-1 - S-003","Accuracy in sentence structure","2026-06-11","3","80","3.8"
"Advanced Communication Skills","CDU Batch-1 - S-004","III semester Project - 7","2026-08-19","60","94","63.8"
"Advanced Communication Skills","CDU Batch-1 - S-004","III semester Project - 6","2026-08-08","36","94","38.3"
"Advanced Communication Skills","CDU Batch-1 - S-004","III semester Project - 5","2026-08-03","62","94","66"
"Advanced Communication Skills","CDU Batch-1 - S-004","III semester Project - 4","2026-07-31","70","94","74.5"
"Advanced Communication Skills","CDU Batch-1 - S-004","III semester Project - 3","2026-07-27","61","94","64.9"
"Advanced Communication Skills","CDU Batch-1 - S-004","III semester Project - 2","2026-07-23","70","94","74.5"
"Advanced Communication Skills","CDU Batch-1 - S-004","III semester Project - 1","2026-07-21","72","94","76.6"
"Advanced Communication Skills","CDU Batch-1 - S-004","Real Time Session 3: Activity","2026-07-20","41","94","43.6"
"Advanced Communication Skills","CDU Batch-1 - S-004","Real Time Session 3: Activity","2026-07-18","60","94","63.8"
"Advanced Communication Skills","CDU Batch-1 - S-004","Module 1 Quiz","2026-07-13","82","94","87.2"
"Advanced Communication Skills","CDU Batch-1 - S-004","Emphasizing Self-Expression","2026-07-11","21","94","22.3"
"Advanced Communication Skills","CDU Batch-1 - S-004","Framing Effective Questions","2026-07-08","82","94","87.2"
"Advanced Communication Skills","CDU Batch-1 - S-004","Real Time Session 2: Activity","2026-07-06","65","94","69.1"
"Advanced Communication Skills","CDU Batch-1 - S-004","Real Time Session 2: Activity","2026-06-27","39","94","41.5"
"Advanced Communication Skills","CDU Batch-1 - S-004","Designing Clear Prompts","2026-06-25","76","94","80.9"
"Advanced Communication Skills","CDU Batch-1 - S-004","Real Time Session 1: Activity","2026-06-24","78","94","83"
"Advanced Communication Skills","CDU Batch-1 - S-004","Real Time Session 1: Activity","2026-06-22","84","94","89.4"
"Advanced Communication Skills","CDU Batch-1 - S-004","Mastering the Art of Discussion","2026-06-19","67","94","71.3"
"Advanced Communication Skills","CDU Batch-1 - S-004","The Language of Connection: Activity","2026-06-17","65","94","69.1"
"Advanced Communication Skills","CDU Batch-1 - S-004","The Language of Connection","2026-06-16","72","94","76.6"
"Advanced Communication Skills","CDU Batch-1 - S-004","The Language of Connection","2026-06-15","60","94","63.8"
"Advanced Communication Skills","CDU Batch-1 - S-004","The Language of Connection","2026-06-12","30","94","31.9"
"Advanced Communication Skills","CDU Batch-1 - S-004","Accuracy in sentence structure","2026-06-11","16","94","17"
"Advanced Communication Skills","CDU Batch-1 - S-005","III semester Project - 7","2026-08-20","38","94","40.4"
"Advanced Communication Skills","CDU Batch-1 - S-005","III semester Project - 5","2026-08-08","35","94","37.2"
"Advanced Communication Skills","CDU Batch-1 - S-005","III semester Project - 6","2026-08-01","49","94","52.1"
"Advanced Communication Skills","CDU Batch-1 - S-005","III semester Project - 5","2026-07-31","42","94","44.7"
"Advanced Communication Skills","CDU Batch-1 - S-005","III semester Project - 4","2026-07-30","69","94","73.4"
"Advanced Communication Skills","CDU Batch-1 - S-005","III semester Project - 3","2026-07-29","64","94","68.1"
"Advanced Communication Skills","CDU Batch-1 - S-005","III semester Project - 2","2026-07-27","64","94","68.1"
"Advanced Communication Skills","CDU Batch-1 - S-005","III semester Project - 1","2026-07-22","73","94","77.7"
"Advanced Communication Skills","CDU Batch-1 - S-005","Real Time Session 3: Activity","2026-07-18","16","94","17"
"Advanced Communication Skills","CDU Batch-1 - S-005","Real Time Session 3: Activity","2026-07-17","39","94","41.5"
"Advanced Communication Skills","CDU Batch-1 - S-005","Emphasizing Self-Expression","2026-07-13","76","94","80.9"
"Advanced Communication Skills","CDU Batch-1 - S-005","Module 1 Quiz","2026-07-13","70","94","74.5"
"Advanced Communication Skills","CDU Batch-1 - S-005","Framing Effective Questions","2026-07-07","76","94","80.9"
"Advanced Communication Skills","CDU Batch-1 - S-005","Real Time Session 2: Activity","2026-07-06","42","94","44.7"
"Advanced Communication Skills","CDU Batch-1 - S-005","Real Time Session 2: Activity","2026-07-03","57","94","60.6"
"Advanced Communication Skills","CDU Batch-1 - S-005","Real Time Session 2: Activity","2026-07-01","0","94","0"
"Advanced Communication Skills","CDU Batch-1 - S-005","Real Time Session 1: Activity","2026-06-22","31","94","33"
"Advanced Communication Skills","CDU Batch-1 - S-005","Real Time Session 1: Activity","2026-06-20","31","94","33"
"Advanced Communication Skills","CDU Batch-1 - S-005","Designing Clear Prompts","2026-06-19","53","94","56.4"
"Advanced Communication Skills","CDU Batch-1 - S-005","Mastering the Art of Discussion","2026-06-16","42","94","44.7"
"Advanced Communication Skills","CDU Batch-1 - S-005","The Language of Connection","2026-06-13","0","94","0"
"Advanced Communication Skills","CDU Batch-1 - S-005","Accuracy in sentence structure","2026-06-11","28","94","29.8"
"Advanced Communication Skills","CDU Batch-1 - S-006","III semester Project - 7","2026-08-20","27","62","43.5"
"Advanced Communication Skills","CDU Batch-1 - S-006","III semester Project - 6","2026-08-04","40","62","64.5"
"Advanced Communication Skills","CDU Batch-1 - S-006","III semester Project - 5","2026-08-01","43","62","69.4"
"Advanced Communication Skills","CDU Batch-1 - S-006","III semester Project - 3","2026-07-29","49","62","79"
"Advanced Communication Skills","CDU Batch-1 - S-006","III semester Project - 2","2026-07-27","50","62","80.6"
"Advanced Communication Skills","CDU Batch-1 - S-006","III semester Project - 1","2026-07-22","55","62","88.7"
"Advanced Communication Skills","CDU Batch-1 - S-006","Real Time Session 3: Activity","2026-07-20","27","62","43.5"
"Advanced Communication Skills","CDU Batch-1 - S-006","Real Time Session 3: Activity","2026-07-18","32","62","51.6"
"Advanced Communication Skills","CDU Batch-1 - S-006","Module 1 Quiz","2026-07-13","51","62","82.3"
"Advanced Communication Skills","CDU Batch-1 - S-006","Real Time Session 3: Activity","2026-07-13","41","62","66.1"
"Advanced Communication Skills","CDU Batch-1 - S-006","Framing Effective Questions","2026-07-11","14","62","22.6"
"Advanced Communication Skills","CDU Batch-1 - S-006","Framing Effective Questions","2026-07-09","44","62","71"
"Advanced Communication Skills","CDU Batch-1 - S-006","Real Time Session 2: Activity","2026-07-07","25","62","40.3"
"Advanced Communication Skills","CDU Batch-1 - S-006","Real Time Session 2: Activity","2026-07-03","40","62","64.5"
"Advanced Communication Skills","CDU Batch-1 - S-006","Real Time Session 2: Activity","2026-07-01","4","62","6.5"
"Advanced Communication Skills","CDU Batch-1 - S-006","Real Time Session 1: Activity","2026-06-24","24","62","38.7"
"Advanced Communication Skills","CDU Batch-1 - S-006","Real Time Session 1: Activity","2026-06-22","28","62","45.2"
"Advanced Communication Skills","CDU Batch-1 - S-006","Designing Clear Prompts","2026-06-18","50","62","80.6"
"Advanced Communication Skills","CDU Batch-1 - S-006","Mastering the Art of Discussion","2026-06-16","32","62","51.6"
"Advanced Communication Skills","CDU Batch-1 - S-006","The Language of Connection","2026-06-15","18","62","29"
"Advanced Communication Skills","CDU Batch-1 - S-006","The Language of Connection","2026-06-13","0","62","0"
"Advanced Communication Skills","CDU Batch-1 - S-006","Accuracy in sentence structure","2026-06-12","15","62","24.2"
"Advanced Communication Skills","CDU Batch-1 - S-007","III semester Project - 8","2026-08-20","25","60","41.7"
"Advanced Communication Skills","CDU Batch-1 - S-007","III semester Project - 7","2026-08-19","28","60","46.7"
"Advanced Communication Skills","CDU Batch-1 - S-007","III semester Project - 6","2026-08-03","33","60","55"
"Advanced Communication Skills","CDU Batch-1 - S-007","III semester Project - 5","2026-07-30","36","60","60"
"Advanced Communication Skills","CDU Batch-1 - S-007","III semester Project - 4","2026-07-28","41","60","68.3"
"Advanced Communication Skills","CDU Batch-1 - S-007","III semester Project - 3","2026-07-27","39","60","65"
"Advanced Communication Skills","CDU Batch-1 - S-007","III semester Project - 3","2026-07-23","35","60","58.3"
"Advanced Communication Skills","CDU Batch-1 - S-007","III semester Project - 2","2026-07-21","49","60","81.7"
"Advanced Communication Skills","CDU Batch-1 - S-007","III semester Project - 1","2026-07-20","45","60","75"
"Advanced Communication Skills","CDU Batch-1 - S-007","Real Time Session 3: Activity","2026-07-15","30","60","50"
"Advanced Communication Skills","CDU Batch-1 - S-007","Real Time Session 3: Activity","2026-07-14","38","60","63.3"
"Advanced Communication Skills","CDU Batch-1 - S-007","Module 1 Quiz","2026-07-13","45","60","75"
"Advanced Communication Skills","CDU Batch-1 - S-007","Real Time Session 3: Activity","2026-07-13","21","60","35"
"Advanced Communication Skills","CDU Batch-1 - S-007","Emphasizing Self-Expression","2026-07-11","33","60","55"
"Advanced Communication Skills","CDU Batch-1 - S-007","Emphasizing Self-Expression","2026-07-09","0","60","0"
"Advanced Communication Skills","CDU Batch-1 - S-007","Framing Effective Questions","2026-07-07","43","60","71.7"
"Advanced Communication Skills","CDU Batch-1 - S-007","Real Time Session 2: Activity","2026-07-06","30","60","50"
"Advanced Communication Skills","CDU Batch-1 - S-007","Real Time Session 2: Activity","2026-07-02","29","60","48.3"
"Advanced Communication Skills","CDU Batch-1 - S-007","Real Time Session 2: Activity","2026-06-24","34","60","56.7"
"Advanced Communication Skills","CDU Batch-1 - S-007","Real Time Session 1: Activity","2026-06-23","28","60","46.7"
"Advanced Communication Skills","CDU Batch-1 - S-007","Real Time Session 1: Activity","2026-06-22","21","60","35"
"Advanced Communication Skills","CDU Batch-1 - S-007","Designing Clear Prompts","2026-06-19","42","60","70"
"Advanced Communication Skills","CDU Batch-1 - S-007","Mastering the Art of Discussion","2026-06-18","36","60","60"
"Advanced Communication Skills","CDU Batch-1 - S-007","Mastering the Art of Discussion","2026-06-16","30","60","50"
"Advanced Communication Skills","CDU Batch-1 - S-007","Accuracy in sentence structure","2026-06-13","16","60","26.7"
"Advanced Communication Skills","CDU Batch-1 - S-007","Accuracy in sentence structure","2026-06-12","25","60","41.7"
"Advanced Communication Skills","CDU Batch-1 - S-008","III semester Project - 8","2026-08-20","27","58","46.6"
"Advanced Communication Skills","CDU Batch-1 - S-008","III semester Project - 7","2026-08-04","30","58","51.7"
"Advanced Communication Skills","CDU Batch-1 - S-008","III semester Project - 6","2026-08-03","31","58","53.4"
"Advanced Communication Skills","CDU Batch-1 - S-008","III semester Project - 4","2026-07-28","35","58","60.3"
"Advanced Communication Skills","CDU Batch-1 - S-008","III semester Project - 4","2026-07-27","39","58","67.2"
"Advanced Communication Skills","CDU Batch-1 - S-008","III semester Project - 3","2026-07-23","34","58","58.6"
"Advanced Communication Skills","CDU Batch-1 - S-008","III semester Project - 2","2026-07-21","42","58","72.4"
"Advanced Communication Skills","CDU Batch-1 - S-008","III semester Project - 1","2026-07-20","41","58","70.7"
"Advanced Communication Skills","CDU Batch-1 - S-008","Real Time Session 3: Activity","2026-07-18","28","58","48.3"
"Advanced Communication Skills","CDU Batch-1 - S-008","Module 1 Quiz","2026-07-13","40","58","69"
"Advanced Communication Skills","CDU Batch-1 - S-008","Real Time Session 3: Activity","2026-07-13","28","58","48.3"
"Advanced Communication Skills","CDU Batch-1 - S-008","Emphasizing Self-Expression","2026-07-09","43","58","74.1"
"Advanced Communication Skills","CDU Batch-1 - S-008","Framing Effective Questions","2026-07-08","40","58","69"
"Advanced Communication Skills","CDU Batch-1 - S-008","Real Time Session 2: Activity","2026-07-06","23","58","39.7"
"Advanced Communication Skills","CDU Batch-1 - S-008","Real Time Session 2: Activity","2026-06-29","40","58","69"
"Advanced Communication Skills","CDU Batch-1 - S-008","Real Time Session 1: Activity","2026-06-24","40","58","69"
"Advanced Communication Skills","CDU Batch-1 - S-008","Real Time Session 1: Activity","2026-06-20","26","58","44.8"
"Advanced Communication Skills","CDU Batch-1 - S-008","Designing Clear Prompts","2026-06-18","30","58","51.7"
"Advanced Communication Skills","CDU Batch-1 - S-008","Mastering the Art of Discussion","2026-06-17","24","58","41.4"
"Advanced Communication Skills","CDU Batch-1 - S-008","Real Time Session 1: Activity","2026-06-15","16","58","27.6"
"Advanced Communication Skills","CDU Batch-1 - S-008","The Language of Connection","2026-06-12","2","58","3.4"
"Advanced Communication Skills","CDU Batch-1 - S-008","Accuracy in sentence structure","2026-06-11","0","58","0"
"Advanced Communication Skills","CDU Batch-1 - S-009","III semester Project - 8","2026-08-20","24","60","40"
"Advanced Communication Skills","CDU Batch-1 - S-009","III semester Project - 7","2026-08-19","21","60","35"
"Advanced Communication Skills","CDU Batch-1 - S-009","III semester Project - 6","2026-08-04","42","60","70"
"Advanced Communication Skills","CDU Batch-1 - S-009","III semester Project - 5","2026-07-31","37","60","61.7"
"Advanced Communication Skills","CDU Batch-1 - S-009","III semester Project - 4","2026-07-28","51","60","85"
"Advanced Communication Skills","CDU Batch-1 - S-009","III semester Project - 3","2026-07-27","41","60","68.3"
"Advanced Communication Skills","CDU Batch-1 - S-009","Real Time Session 3: Activity","2026-07-15","34","60","56.7"
"Advanced Communication Skills","CDU Batch-1 - S-009","Real Time Session 3: Activity","2026-07-14","38","60","63.3"
"Advanced Communication Skills","CDU Batch-1 - S-009","Module 1 Quiz","2026-07-13","44","60","73.3"
"Advanced Communication Skills","CDU Batch-1 - S-009","Real Time Session 3: Activity","2026-07-11","25","60","41.7"
"Advanced Communication Skills","CDU Batch-1 - S-009","Emphasizing Self-Expression","2026-07-09","49","60","81.7"
"Advanced Communication Skills","CDU Batch-1 - S-009","Framing Effective Questions","2026-07-07","44","60","73.3"
"Advanced Communication Skills","CDU Batch-1 - S-009","Real Time Session 2: Activity","2026-07-06","31","60","51.7"
"Advanced Communication Skills","CDU Batch-1 - S-009","Real Time Session 2: Activity","2026-07-03","39","60","65"
"Advanced Communication Skills","CDU Batch-1 - S-009","Real Time Session 2: Activity","2026-06-29","37","60","61.7"
"Advanced Communication Skills","CDU Batch-1 - S-009","Real Time Session 1: Activity","2026-06-24","34","60","56.7"
"Advanced Communication Skills","CDU Batch-1 - S-009","Real Time Session 1: Activity","2026-06-20","40","60","66.7"
"Advanced Communication Skills","CDU Batch-1 - S-009","Designing Clear Prompts","2026-06-18","35","60","58.3"
"Advanced Communication Skills","CDU Batch-1 - S-009","Mastering the Art of Discussion","2026-06-16","26","60","43.3"
"Advanced Communication Skills","CDU Batch-1 - S-009","The Language of Connection","2026-06-13","19","60","31.7"
"Advanced Communication Skills","CDU Batch-1 - S-009","Accuracy in sentence structure","2026-06-11","0","60","0"
"Advanced Communication Skills","CDU Batch-1 - S-010","III semester Project - 9","2026-08-22","0","70","0"
"Advanced Communication Skills","CDU Batch-1 - S-010","III semester Project - 8","2026-08-20","40","70","57.1"
"Advanced Communication Skills","CDU Batch-1 - S-010","III semester Project - 7","2026-08-08","21","70","30"
"Advanced Communication Skills","CDU Batch-1 - S-010","III semester Project - 6","2026-08-04","45","70","64.3"
"Advanced Communication Skills","CDU Batch-1 - S-010","III semester Project - 3","2026-07-27","50","70","71.4"
"Advanced Communication Skills","CDU Batch-1 - S-010","III semester Project - 1","2026-07-20","40","70","57.1"
"Advanced Communication Skills","CDU Batch-1 - S-010","Real Time Session 3: Activity","2026-07-18","47","70","67.1"
"Advanced Communication Skills","CDU Batch-1 - S-010","Real Time Session 3: Activity","2026-07-15","55","70","78.6"
"Advanced Communication Skills","CDU Batch-1 - S-010","Real Time Session 3: Activity","2026-07-14","31","70","44.3"
"Advanced Communication Skills","CDU Batch-1 - S-010","Module 1 Quiz","2026-07-13","45","70","64.3"
"Advanced Communication Skills","CDU Batch-1 - S-010","Emphasizing Self-Expression","2026-07-08","57","70","81.4"
"Advanced Communication Skills","CDU Batch-1 - S-010","Framing Effective Questions","2026-07-07","43","70","61.4"
"Advanced Communication Skills","CDU Batch-1 - S-010","Real Time Session 2: Activity","2026-07-02","40","70","57.1"
"Advanced Communication Skills","CDU Batch-1 - S-010","Real Time Session 2: Activity","2026-06-29","30","70","42.9"
"Advanced Communication Skills","CDU Batch-1 - S-010","Real Time Session 2: Activity","2026-06-27","38","70","54.3"
"Advanced Communication Skills","CDU Batch-1 - S-010","Real Time Session 2: Activity","2026-06-22","42","70","60"
"Advanced Communication Skills","CDU Batch-1 - S-010","Real Time Session 1: Activity","2026-06-20","47","70","67.1"
"Advanced Communication Skills","CDU Batch-1 - S-010","Designing Clear Prompts","2026-06-18","48","70","68.6"
"Advanced Communication Skills","CDU Batch-1 - S-010","Mastering the Art of Discussion","2026-06-16","41","70","58.6"
"Advanced Communication Skills","CDU Batch-1 - S-010","Real Time Session 1: Activity","2026-06-15","34","70","48.6"
"Advanced Communication Skills","CDU Batch-1 - S-010","The Language of Connection","2026-06-12","19","70","27.1"
"Advanced Communication Skills","CDU Batch-1 - S-010","Accuracy in sentence structure","2026-06-11","1","70","1.4"
"Advanced Communication Skills","CDU Batch-1 - S-011","III semester Project - 9","2026-08-22","0","51","0"
"Advanced Communication Skills","CDU Batch-1 - S-011","III semester Project - 8","2026-08-19","22","51","43.1"
"Advanced Communication Skills","CDU Batch-1 - S-011","III semester Project - 7","2026-08-08","25","51","49"
"Advanced Communication Skills","CDU Batch-1 - S-011","III semester Project - 6","2026-08-04","33","51","64.7"
"Advanced Communication Skills","CDU Batch-1 - S-011","III semester Project - 5","2026-08-03","32","51","62.7"
"Advanced Communication Skills","CDU Batch-1 - S-011","III semester Project - 1","2026-07-20","37","51","72.5"
"Advanced Communication Skills","CDU Batch-1 - S-011","Real Time Session 3: Activity","2026-07-16","83","102","81.4"
"Advanced Communication Skills","CDU Batch-1 - S-011","Module 1 Quiz","2026-07-13","42","51","82.4"
"Advanced Communication Skills","CDU Batch-1 - S-011","Real Time Session 3: Activity","2026-07-13","38","51","74.5"
"Advanced Communication Skills","CDU Batch-1 - S-011","Emphasizing Self-Expression","2026-07-09","25","51","49"
"Advanced Communication Skills","CDU Batch-1 - S-011","Framing Effective Questions","2026-07-07","43","51","84.3"
"Advanced Communication Skills","CDU Batch-1 - S-011","Real Time Session 2: Activity","2026-07-02","28","51","54.9"
"Advanced Communication Skills","CDU Batch-1 - S-011","Real Time Session 2: Activity","2026-06-29","35","51","68.6"
"Advanced Communication Skills","CDU Batch-1 - S-011","Real Time Session 1: Activity","2026-06-24","24","51","47.1"
"Advanced Communication Skills","CDU Batch-1 - S-011","Real Time Session 1: Activity","2026-06-23","28","51","54.9"
"Advanced Communication Skills","CDU Batch-1 - S-011","Designing Clear Prompts","2026-06-19","37","51","72.5"
"Advanced Communication Skills","CDU Batch-1 - S-011","Mastering the Art of Discussion","2026-06-17","30","51","58.8"
"Advanced Communication Skills","CDU Batch-1 - S-011","Real Time Session 1: Activity","2026-06-15","28","51","54.9"
"Advanced Communication Skills","CDU Batch-1 - S-011","The Language of Connection","2026-06-13","0","51","0"
"Advanced Communication Skills","CDU Batch-1 - S-011","Accuracy in sentence structure","2026-06-11","0","51","0"
"Advanced Communication Skills","CDU Batch-1 - S-012","III semester Project - 9","2026-08-22","22","60","36.7"
"Advanced Communication Skills","CDU Batch-1 - S-012","III semester Project - 8","2026-08-19","28","60","46.7"
"Advanced Communication Skills","CDU Batch-1 - S-012","III semester Project - 7","2026-08-08","25","60","41.7"
"Advanced Communication Skills","CDU Batch-1 - S-012","III semester Project - 6","2026-08-03","37","60","61.7"
"Advanced Communication Skills","CDU Batch-1 - S-012","III semester Project - 1","2026-07-21","43","60","71.7"
"Advanced Communication Skills","CDU Batch-1 - S-012","Real Time Session 3: Activity","2026-07-15","40","60","66.7"
"Advanced Communication Skills","CDU Batch-1 - S-012","Real Time Session 3: Activity","2026-07-14","32","60","53.3"
"Advanced Communication Skills","CDU Batch-1 - S-012","Module 1 Quiz","2026-07-13","46","60","76.7"
"Advanced Communication Skills","CDU Batch-1 - S-012","Emphasizing Self-Expression","2026-07-11","28","60","46.7"
"Advanced Communication Skills","CDU Batch-1 - S-012","Framing Effective Questions","2026-07-08","47","60","78.3"
"Advanced Communication Skills","CDU Batch-1 - S-012","Framing Effective Questions","2026-07-07","44","60","73.3"
"Advanced Communication Skills","CDU Batch-1 - S-012","Real Time Session 2: Activity","2026-07-06","26","60","43.3"
"Advanced Communication Skills","CDU Batch-1 - S-012","Real Time Session 2: Activity","2026-07-03","0","60","0"
"Advanced Communication Skills","CDU Batch-1 - S-012","Designing Clear Prompts","2026-06-25","35","60","58.3"
"Advanced Communication Skills","CDU Batch-1 - S-012","Real Time Session 2: Activity","2026-06-25","36","60","60"
"Advanced Communication Skills","CDU Batch-1 - S-012","Real Time Session 2: Activity","2026-06-23","18","60","30"
"Advanced Communication Skills","CDU Batch-1 - S-012","Real Time Session 1: Activity","2026-06-22","31","60","51.7"
"Advanced Communication Skills","CDU Batch-1 - S-012","Mastering the Art of Discussion","2026-06-17","30","60","50"
"Advanced Communication Skills","CDU Batch-1 - S-012","Mastering the Art of Discussion","2026-06-16","24","60","40"
"Advanced Communication Skills","CDU Batch-1 - S-012","Real Time Session 1: Activity","2026-06-15","9","60","15"
"Advanced Communication Skills","CDU Batch-1 - S-012","The Language of Connection","2026-06-13","0","60","0"
"Advanced Communication Skills","CDU Batch-1 - S-012","Accuracy in sentence structure","2026-06-12","0","60","0"
"Advanced Communication Skills","CDU Batch-1 - S-013","III semester Project - 6","2026-08-04","33","60","55"
"Advanced Communication Skills","CDU Batch-1 - S-013","III semester Project - 5","2026-08-03","21","60","35"
"Advanced Communication Skills","CDU Batch-1 - S-013","III semester Project - 4","2026-07-30","41","60","68.3"
"Advanced Communication Skills","CDU Batch-1 - S-013","III semester Project - 3","2026-07-28","42","60","70"
"Advanced Communication Skills","CDU Batch-1 - S-013","III semester Project - 2","2026-07-23","43","60","71.7"
"Advanced Communication Skills","CDU Batch-1 - S-013","III semester Project - 1","2026-07-21","44","60","73.3"
"Advanced Communication Skills","CDU Batch-1 - S-013","Real Time Session 3: Activity","2026-07-20","30","60","50"
"Advanced Communication Skills","CDU Batch-1 - S-013","Real Time Session 3: Activity","2026-07-18","25","60","41.7"
"Advanced Communication Skills","CDU Batch-1 - S-013","Module 1 Quiz","2026-07-13","44","60","73.3"
"Advanced Communication Skills","CDU Batch-1 - S-013","Emphasizing Self-Expression","2026-07-11","43","60","71.7"
"Advanced Communication Skills","CDU Batch-1 - S-013","Framing Effective Questions","2026-07-08","46","60","76.7"
"Advanced Communication Skills","CDU Batch-1 - S-013","Real Time Session 2: Activity","2026-07-07","44","60","73.3"
"Advanced Communication Skills","CDU Batch-1 - S-013","Real Time Session 2: Activity","2026-07-06","48","60","80"
"Advanced Communication Skills","CDU Batch-1 - S-013","Real Time Session 2: Activity","2026-07-03","38","60","63.3"
"Advanced Communication Skills","CDU Batch-1 - S-013","Real Time Session 2: Activity","2026-07-01","2","60","3.3"
"Advanced Communication Skills","CDU Batch-1 - S-013","Real Time Session 2: Activity","2026-06-27","28","60","46.7"
"Advanced Communication Skills","CDU Batch-1 - S-013","Real Time Session 1: Activity","2026-06-24","67","120","55.8"
"Advanced Communication Skills","CDU Batch-1 - S-013","Designing Clear Prompts","2026-06-19","51","60","85"
"Advanced Communication Skills","CDU Batch-1 - S-013","Mastering the Art of Discussion","2026-06-17","46","60","76.7"
"Advanced Communication Skills","CDU Batch-1 - S-013","The Language of Connection","2026-06-15","27","60","45"
"Advanced Communication Skills","CDU Batch-1 - S-013","Accuracy in sentence structure","2026-06-11","0","60","0"
"Advanced Communication Skills","CDU Batch-1 - S-014","III semester Project - 6","2026-08-04","24","60","40"
"Advanced Communication Skills","CDU Batch-1 - S-014","III semester Project - 5","2026-08-03","30","60","50"
"Advanced Communication Skills","CDU Batch-1 - S-014","III semester Project - 4","2026-07-31","32","60","53.3"
"Advanced Communication Skills","CDU Batch-1 - S-014","III semester Project - 3","2026-07-27","41","60","68.3"
"Advanced Communication Skills","CDU Batch-1 - S-014","III semester Project - 2","2026-07-23","42","60","70"
"Advanced Communication Skills","CDU Batch-1 - S-014","III semester Project - 1","2026-07-20","41","60","68.3"
"Advanced Communication Skills","CDU Batch-1 - S-014","Real Time Session 3: Activity","2026-07-17","48","60","80"
"Advanced Communication Skills","CDU Batch-1 - S-014","Real Time Session 3: Activity","2026-07-15","40","60","66.7"
"Advanced Communication Skills","CDU Batch-1 - S-014","Emphasizing Self-Expression","2026-07-13","41","60","68.3"
"Advanced Communication Skills","CDU Batch-1 - S-014","Module 1 Quiz","2026-07-13","44","60","73.3"
"Advanced Communication Skills","CDU Batch-1 - S-014","Framing Effective Questions","2026-07-09","46","60","76.7"
"Advanced Communication Skills","CDU Batch-1 - S-014","Real Time Session 2: Activity","2026-07-07","44","60","73.3"
"Advanced Communication Skills","CDU Batch-1 - S-014","Real Time Session 2: Activity","2026-07-03","37","60","61.7"
"Advanced Communication Skills","CDU Batch-1 - S-014","Real Time Session 1: Activity","2026-06-27","21","60","35"
"Advanced Communication Skills","CDU Batch-1 - S-014","Real Time Session 1: Activity","2026-06-24","33","60","55"
"Advanced Communication Skills","CDU Batch-1 - S-014","Designing Clear Prompts","2026-06-19","46","60","76.7"
"Advanced Communication Skills","CDU Batch-1 - S-014","The Language of Connection","2026-06-18","47","60","78.3"
"Advanced Communication Skills","CDU Batch-1 - S-014","Mastering the Art of Discussion","2026-06-16","0","60","0"
"Advanced Communication Skills","CDU Batch-1 - S-014","The Language of Connection","2026-06-13","8","60","13.3"
"Advanced Communication Skills","CDU Batch-1 - S-014","Accuracy in sentence structure","2026-06-11","0","60","0"
"Advanced Communication Skills","CDU Batch-1 - S-015","III semester Project - 6","2026-08-04","39","60","65"
"Advanced Communication Skills","CDU Batch-1 - S-015","III semester Project - 5","2026-08-03","38","60","63.3"
"Advanced Communication Skills","CDU Batch-1 - S-015","III semester Project - 4","2026-07-30","53","60","88.3"
"Advanced Communication Skills","CDU Batch-1 - S-015","III semester Project - 3","2026-07-28","40","60","66.7"
"Advanced Communication Skills","CDU Batch-1 - S-015","III semester Project - 2","2026-07-27","0","60","0"
"Advanced Communication Skills","CDU Batch-1 - S-015","III semester Project - 1","2026-07-22","47","60","78.3"
"Advanced Communication Skills","CDU Batch-1 - S-015","Real Time Session 3: Activity","2026-07-20","45","60","75"
"Advanced Communication Skills","CDU Batch-1 - S-015","Real Time Session 2: Activity","2026-07-17","35","60","58.3"
"Advanced Communication Skills","CDU Batch-1 - S-015","Real Time Session 3: Activity","2026-07-15","36","60","60"
"Advanced Communication Skills","CDU Batch-1 - S-015","Module 1 Quiz","2026-07-13","49","60","81.7"
"Advanced Communication Skills","CDU Batch-1 - S-015","Emphasizing Self-Expression","2026-07-11","33","60","55"
"Advanced Communication Skills","CDU Batch-1 - S-015","Framing Effective Questions","2026-07-08","44","60","73.3"
"Advanced Communication Skills","CDU Batch-1 - S-015","Real Time Session 2: Activity","2026-07-07","45","60","75"
"Advanced Communication Skills","CDU Batch-1 - S-015","Designing Clear Prompts","2026-07-06","42","60","70"
"Advanced Communication Skills","CDU Batch-1 - S-015","Designing Clear Prompts","2026-07-03","52","60","86.7"
"Advanced Communication Skills","CDU Batch-1 - S-015","Real Time Session 1: Activity","2026-06-25","21","60","35"
"Advanced Communication Skills","CDU Batch-1 - S-015","Real Time Session 1: Activity","2026-06-23","40","60","66.7"
"Advanced Communication Skills","CDU Batch-1 - S-015","Real Time Session 1: Activity","2026-06-22","14","60","23.3"
"Advanced Communication Skills","CDU Batch-1 - S-015","Mastering the Art of Discussion","2026-06-20","43","60","71.7"
"Advanced Communication Skills","CDU Batch-1 - S-015","The Language of Connection","2026-06-18","45","60","75"
"Advanced Communication Skills","CDU Batch-1 - S-015","Mastering the Art of Discussion","2026-06-16","10","60","16.7"
"Advanced Communication Skills","CDU Batch-1 - S-015","Real Time Session 1: Activity","2026-06-15","10","60","16.7"
"Advanced Communication Skills","CDU Batch-1 - S-015","The Language of Connection","2026-06-13","7","60","11.7"
"Advanced Communication Skills","CDU Batch-1 - S-015","Accuracy in sentence structure","2026-06-12","9","60","15"
"Advanced Communication Skills","CDU Batch-1 - S-016","III semester Project - 7","2026-08-20","18","76","23.7"
"Advanced Communication Skills","CDU Batch-1 - S-016","III semester Project - 6","2026-08-19","25","76","32.9"
"Advanced Communication Skills","CDU Batch-1 - S-016","III semester Project - 7","2026-08-08","32","76","42.1"
"Advanced Communication Skills","CDU Batch-1 - S-016","III semester Project - 5","2026-08-01","33","76","43.4"
"Advanced Communication Skills","CDU Batch-1 - S-016","III semester Project - 4","2026-07-30","50","76","65.8"
"Advanced Communication Skills","CDU Batch-1 - S-016","III semester Project - 3","2026-07-29","45","76","59.2"
"Advanced Communication Skills","CDU Batch-1 - S-016","III semester Project - 2","2026-07-28","50","76","65.8"
"Advanced Communication Skills","CDU Batch-1 - S-016","III semester Project - 1","2026-07-21","53","76","69.7"
"Advanced Communication Skills","CDU Batch-1 - S-016","Real Time Session 3: Activity","2026-07-18","41","76","53.9"
"Advanced Communication Skills","CDU Batch-1 - S-016","Real Time Session 3: Activity","2026-07-17","55","76","72.4"
"Advanced Communication Skills","CDU Batch-1 - S-016","Module 1 Quiz","2026-07-13","56","76","73.7"
"Advanced Communication Skills","CDU Batch-1 - S-016","Emphasizing Self-Expression","2026-07-11","36","76","47.4"
"Advanced Communication Skills","CDU Batch-1 - S-016","Framing Effective Questions","2026-07-09","62","76","81.6"
"Advanced Communication Skills","CDU Batch-1 - S-016","Real Time Session 2: Activity","2026-07-07","51","76","67.1"
"Advanced Communication Skills","CDU Batch-1 - S-016","Real Time Session 2: Activity","2026-07-03","54","76","71.1"
"Advanced Communication Skills","CDU Batch-1 - S-016","Real Time Session 2: Activity","2026-06-29","31","76","40.8"
"Advanced Communication Skills","CDU Batch-1 - S-016","Real Time Session 1: Activity","2026-06-23","14","76","18.4"
"Advanced Communication Skills","CDU Batch-1 - S-016","Real Time Session 1: Activity","2026-06-22","44","76","57.9"
"Advanced Communication Skills","CDU Batch-1 - S-016","Designing Clear Prompts","2026-06-19","39","76","51.3"
"Advanced Communication Skills","CDU Batch-1 - S-016","Mastering the Art of Discussion","2026-06-17","6","76","7.9"
"Advanced Communication Skills","CDU Batch-1 - S-016","The Language of Connection","2026-06-13","0","76","0"
"Advanced Communication Skills","CDU Batch-1 - S-016","Accuracy in sentence structure","2026-06-11","0","76","0"
"Advanced Communication Skills","CDU Batch-1 - S-017","III semester Project - 8","2026-08-22","14","60","23.3"
"Advanced Communication Skills","CDU Batch-1 - S-017","III semester Project - 7","2026-08-20","21","60","35"
"Advanced Communication Skills","CDU Batch-1 - S-017","III semester Project - 6","2026-08-19","19","60","31.7"
"Advanced Communication Skills","CDU Batch-1 - S-017","III semester Project - 5","2026-08-01","19","60","31.7"
"Advanced Communication Skills","CDU Batch-1 - S-017","III semester Project - 4","2026-07-31","21","60","35"
"Advanced Communication Skills","CDU Batch-1 - S-017","III semester Project - 3","2026-07-27","32","60","53.3"
"Advanced Communication Skills","CDU Batch-1 - S-017","III semester Project - 1","2026-07-23","37","60","61.7"
"Advanced Communication Skills","CDU Batch-1 - S-017","III semester Project - 2","2026-07-22","22","60","36.7"
"Advanced Communication Skills","CDU Batch-1 - S-017","III semester Project - 1","2026-07-21","40","60","66.7"
"Advanced Communication Skills","CDU Batch-1 - S-017","Real Time Session 3: Activity","2026-07-20","32","60","53.3"
"Advanced Communication Skills","CDU Batch-1 - S-017","Real Time Session 3: Activity","2026-07-17","48","60","80"
"Advanced Communication Skills","CDU Batch-1 - S-017","Emphasizing Self-Expression","2026-07-13","45","60","75"
"Advanced Communication Skills","CDU Batch-1 - S-017","Module 1 Quiz","2026-07-13","46","60","76.7"
"Advanced Communication Skills","CDU Batch-1 - S-017","Framing Effective Questions","2026-07-09","34","60","56.7"
"Advanced Communication Skills","CDU Batch-1 - S-017","Real Time Session 2: Activity","2026-07-08","34","60","56.7"
"Advanced Communication Skills","CDU Batch-1 - S-017","Designing Clear Prompts","2026-07-01","28","60","46.7"
"Advanced Communication Skills","CDU Batch-1 - S-017","Real Time Session 2: Activity","2026-06-29","27","60","45"
"Advanced Communication Skills","CDU Batch-1 - S-017","Real Time Session 1: Activity","2026-06-27","18","60","30"
"Advanced Communication Skills","CDU Batch-1 - S-017","Real Time Session 1: Activity","2026-06-25","21","60","35"
"Advanced Communication Skills","CDU Batch-1 - S-017","Real Time Session 1: Activity","2026-06-23","18","60","30"
"Advanced Communication Skills","CDU Batch-1 - S-017","Real Time Session 1: Activity","2026-06-22","18","60","30"
"Advanced Communication Skills","CDU Batch-1 - S-017","The Language of Connection: Activity","2026-06-20","6","60","10"
"Advanced Communication Skills","CDU Batch-1 - S-017","The Language of Connection","2026-06-18","11","60","18.3"
"Advanced Communication Skills","CDU Batch-1 - S-017","Mastering the Art of Discussion","2026-06-16","2","60","3.3"
"Advanced Communication Skills","CDU Batch-1 - S-017","The Language of Connection","2026-06-13","0","60","0"
"Advanced Communication Skills","CDU Batch-1 - S-017","Accuracy in sentence structure","2026-06-12","0","60","0"
"Advanced Communication Skills","CDU Batch-1 - S-018","III semester Project - 8","2026-08-22","0","60","0"
"Advanced Communication Skills","CDU Batch-1 - S-018","III semester Project - 6","2026-08-20","22","60","36.7"
"Advanced Communication Skills","CDU Batch-1 - S-018","III semester Project - 7","2026-08-19","19","60","31.7"
"Advanced Communication Skills","CDU Batch-1 - S-018","III semester Project - 7","2026-08-08","17","60","28.3"
"Advanced Communication Skills","CDU Batch-1 - S-018","III semester Project - 5","2026-08-01","33","60","55"
"Advanced Communication Skills","CDU Batch-1 - S-018","III semester Project - 4","2026-07-31","36","60","60"
"Advanced Communication Skills","CDU Batch-1 - S-018","III semester Project - 3","2026-07-29","34","60","56.7"
"Advanced Communication Skills","CDU Batch-1 - S-018","III semester Project - 2","2026-07-23","35","60","58.3"
"Advanced Communication Skills","CDU Batch-1 - S-018","III semester Project - 1","2026-07-22","32","60","53.3"
"Advanced Communication Skills","CDU Batch-1 - S-018","Real Time Session 3: Activity","2026-07-20","32","60","53.3"
"Advanced Communication Skills","CDU Batch-1 - S-018","Real Time Session 3: Activity","2026-07-18","22","60","36.7"
"Advanced Communication Skills","CDU Batch-1 - S-018","Emphasizing Self-Expression","2026-07-13","37","60","61.7"
"Advanced Communication Skills","CDU Batch-1 - S-018","Module 1 Quiz","2026-07-13","31","60","51.7"
"Advanced Communication Skills","CDU Batch-1 - S-018","Framing Effective Questions","2026-07-08","46","60","76.7"
"Advanced Communication Skills","CDU Batch-1 - S-018","Designing Clear Prompts","2026-07-02","42","60","70"
"Advanced Communication Skills","CDU Batch-1 - S-018","Real Time Session 2: Activity","2026-06-29","20","60","33.3"
"Advanced Communication Skills","CDU Batch-1 - S-018","Real Time Session 1: Activity","2026-06-25","20","60","33.3"
"Advanced Communication Skills","CDU Batch-1 - S-018","Real Time Session 1: Activity","2026-06-24","13","60","21.7"
"Advanced Communication Skills","CDU Batch-1 - S-018","Designing Clear Prompts","2026-06-19","3","60","5"
"Advanced Communication Skills","CDU Batch-1 - S-018","Mastering the Art of Discussion","2026-06-17","4","60","6.7"
"Advanced Communication Skills","CDU Batch-1 - S-018","The Language of Connection","2026-06-15","1","60","1.7"
"Advanced Communication Skills","CDU Batch-1 - S-018","Accuracy in sentence structure","2026-06-11","0","60","0"
"Advanced Communication Skills","CDU Batch-1 - S-019","III semester Project - 8","2026-08-22","8","39","20.5"
"Advanced Communication Skills","CDU Batch-1 - S-019","III semester Project - 7","2026-08-19","9","39","23.1"
"Advanced Communication Skills","CDU Batch-1 - S-019","III semester Project - 6","2026-08-08","2","39","5.1"
"Advanced Communication Skills","CDU Batch-1 - S-019","III semester Project - 5","2026-08-03","10","39","25.6"
"Advanced Communication Skills","CDU Batch-1 - S-019","III semester Project - 4","2026-07-30","13","39","33.3"
"Advanced Communication Skills","CDU Batch-1 - S-019","III semester Project - 3","2026-07-29","13","39","33.3"
"Advanced Communication Skills","CDU Batch-1 - S-019","III semester Project - 2","2026-07-28","14","39","35.9"
"Advanced Communication Skills","CDU Batch-1 - S-019","III semester Project - 1","2026-07-22","18","39","46.2"
"Advanced Communication Skills","CDU Batch-1 - S-019","Real Time Session 3: Activity","2026-07-20","12","39","30.8"
"Advanced Communication Skills","CDU Batch-1 - S-019","Real Time Session 3: Activity","2026-07-18","15","39","38.5"
"Advanced Communication Skills","CDU Batch-1 - S-019","Real Time Session 2: Activity","2026-07-15","9","39","23.1"
"Advanced Communication Skills","CDU Batch-1 - S-019","Module 1 Quiz","2026-07-13","14","39","35.9"
"Advanced Communication Skills","CDU Batch-1 - S-019","Emphasizing Self-Expression","2026-07-11","9","39","23.1"
"Advanced Communication Skills","CDU Batch-1 - S-019","Framing Effective Questions","2026-07-08","6","39","15.4"
"Advanced Communication Skills","CDU Batch-1 - S-019","Real Time Session 2: Activity","2026-07-07","0","39","0"
"Advanced Communication Skills","CDU Batch-1 - S-019","Real Time Session 2: Activity","2026-07-03","0","39","0"
"Advanced Communication Skills","CDU Batch-1 - S-019","Designing Clear Prompts","2026-07-01","0","39","0"
"Advanced Communication Skills","CDU Batch-1 - S-019","Real Time Session 1: Activity","2026-06-27","0","39","0"
"Advanced Communication Skills","CDU Batch-1 - S-019","Mastering the Art of Discussion","2026-06-25","0","39","0"
"Advanced Communication Skills","CDU Batch-1 - S-019","Real Time Session 1: Activity","2026-06-24","0","39","0"
"Advanced Communication Skills","CDU Batch-1 - S-019","Real Time Session 1: Activity","2026-06-23","1","39","2.6"
"Advanced Communication Skills","CDU Batch-1 - S-019","The Language of Connection","2026-06-19","0","39","0"
"Advanced Communication Skills","CDU Batch-1 - S-019","Accuracy in sentence structure","2026-06-18","1","39","2.6"
"Advanced Communication Skills","CDU Batch-1 - S-019","Mastering the Art of Discussion","2026-06-17","1","39","2.6"
"Advanced Communication Skills","CDU Batch-1 - S-019","The Language of Connection","2026-06-15","0","39","0"
"Advanced Communication Skills","CDU Batch-1 - S-019","The Language of Connection","2026-06-13","0","39","0"
"Advanced Communication Skills","CDU Batch-1 - S-019","Accuracy in sentence structure","2026-06-11","0","39","0"
"Advanced Communication Skills","CDU Batch-1 - S-020","III semester Project - 8","2026-08-22","0","47","0"
"Advanced Communication Skills","CDU Batch-1 - S-020","III semester Project - 7","2026-08-20","13","47","27.7"
"Advanced Communication Skills","CDU Batch-1 - S-020","III semester Project - 6","2026-08-04","19","47","40.4"
"Advanced Communication Skills","CDU Batch-1 - S-020","III semester Project - 5","2026-08-01","21","47","44.7"
"Advanced Communication Skills","CDU Batch-1 - S-020","III semester Project - 4","2026-07-30","24","47","51.1"
"Advanced Communication Skills","CDU Batch-1 - S-020","III semester Project - 3","2026-07-29","30","47","63.8"
"Advanced Communication Skills","CDU Batch-1 - S-020","III semester Project - 2","2026-07-28","32","47","68.1"
"Advanced Communication Skills","CDU Batch-1 - S-020","III semester Project - 1","2026-07-27","27","47","57.4"
"Advanced Communication Skills","CDU Batch-1 - S-020","III semester Project - 1","2026-07-23","34","47","72.3"
"Advanced Communication Skills","CDU Batch-1 - S-020","Real Time Session 3: Activity","2026-07-21","15","47","31.9"
"Advanced Communication Skills","CDU Batch-1 - S-020","Real Time Session 3: Activity","2026-07-15","25","47","53.2"
"Advanced Communication Skills","CDU Batch-1 - S-020","Module 1 Quiz","2026-07-13","28","47","59.6"
"Advanced Communication Skills","CDU Batch-1 - S-020","Emphasizing Self-Expression","2026-07-09","34","47","72.3"
"Advanced Communication Skills","CDU Batch-1 - S-020","Framing Effective Questions","2026-07-08","31","47","66"
"Advanced Communication Skills","CDU Batch-1 - S-020","Real Time Session 2: Activity","2026-07-07","24","47","51.1"
"Advanced Communication Skills","CDU Batch-1 - S-020","Designing Clear Prompts","2026-07-06","26","47","55.3"
"Advanced Communication Skills","CDU Batch-1 - S-020","Real Time Session 2: Activity","2026-07-03","21","47","44.7"
"Advanced Communication Skills","CDU Batch-1 - S-020","Designing Clear Prompts","2026-07-02","32","47","68.1"
"Advanced Communication Skills","CDU Batch-1 - S-020","Mastering the Art of Discussion","2026-06-29","27","47","57.4"
"Advanced Communication Skills","CDU Batch-1 - S-020","Mastering the Art of Discussion","2026-06-27","16","47","34"
"Advanced Communication Skills","CDU Batch-1 - S-020","Real Time Session 1: Activity","2026-06-25","19","47","40.4"
"Advanced Communication Skills","CDU Batch-1 - S-020","Real Time Session 1: Activity","2026-06-23","9","47","19.1"
"Advanced Communication Skills","CDU Batch-1 - S-020","Real Time Session 1: Activity","2026-06-22","9","47","19.1"
"Advanced Communication Skills","CDU Batch-1 - S-020","The Language of Connection: Activity","2026-06-20","6","47","12.8"
"Advanced Communication Skills","CDU Batch-1 - S-020","The Language of Connection","2026-06-18","5","47","10.6"
"Advanced Communication Skills","CDU Batch-1 - S-020","Mastering the Art of Discussion","2026-06-16","2","47","4.3"
"Advanced Communication Skills","CDU Batch-1 - S-020","The Language of Connection","2026-06-15","2","47","4.3"
"Advanced Communication Skills","CDU Batch-1 - S-020","Accuracy in sentence structure","2026-06-12","2","47","4.3"
"Logical Reasoning and Analytical Skills","CDU Batch-1 - S-001","Visual Reasoning Daily Practice","2026-08-01","46","64","71.9"
"Logical Reasoning and Analytical Skills","CDU Batch-1 - S-001","Visual Reasoning Daily Practice","2026-07-31","53","64","82.8"
"Logical Reasoning and Analytical Skills","CDU Batch-1 - S-001","Visual Reasoning","2026-07-30","46","64","71.9"
"Logical Reasoning and Analytical Skills","CDU Batch-1 - S-001","Counting Figures Daily Practice","2026-07-28","46","64","71.9"
"Logical Reasoning and Analytical Skills","CDU Batch-1 - S-001","Counting Figures","2026-07-27","42","64","65.6"
"Logical Reasoning and Analytical Skills","CDU Batch-1 - S-001","Company Specific MCQs - Data Sufficiency","2026-07-23","57","64","89.1"
"Logical Reasoning and Analytical Skills","CDU Batch-1 - S-001","Company Specific MCQs - Puzzles","2026-07-22","52","64","81.3"
"Logical Reasoning and Analytical Skills","CDU Batch-1 - S-001","Company Specific Session - Puzzles & Data Sufficiency","2026-07-21","56","64","87.5"
"Logical Reasoning and Analytical Skills","CDU Batch-1 - S-001","Data Sufficiency Daily Practice","2026-07-20","54","64","84.4"
"Logical Reasoning and Analytical Skills","CDU Batch-1 - S-001","Data Sufficiency","2026-07-18","37","64","57.8"
"Logical Reasoning and Analytical Skills","CDU Batch-1 - S-001","Puzzles Daily Practice","2026-07-17","43","64","67.2"
"Logical Reasoning and Analytical Skills","CDU Batch-1 - S-001","Quiz - Venn Diagrams and Syllogisms","2026-07-16","55","64","85.9"
"Logical Reasoning and Analytical Skills","CDU Batch-1 - S-001","Company Specific MCQs - Cubes","2026-07-15","54","64","84.4"
"Logical Reasoning and Analytical Skills","CDU Batch-1 - S-001","Puzzles","2026-07-15","46","64","71.9"
"Logical Reasoning and Analytical Skills","CDU Batch-1 - S-001","Company Specific MCQs - Syllogisms","2026-07-14","50","64","78.1"
"Logical Reasoning and Analytical Skills","CDU Batch-1 - S-001","Company Specific MCQs - Venn Diagrams","2026-07-11","37","64","57.8"
"Logical Reasoning and Analytical Skills","CDU Batch-1 - S-001","Company Specific Session - Venn Diagrams, Syllogisms, Cubes","2026-07-09","41","64","64.1"
"Logical Reasoning and Analytical Skills","CDU Batch-1 - S-001","Cubes Daily Practice","2026-07-08","48","64","75"
"Logical Reasoning and Analytical Skills","CDU Batch-1 - S-001","Quiz - Data Arrangements and Blood relations","2026-07-08","41","64","64.1"
"Logical Reasoning and Analytical Skills","CDU Batch-1 - S-001","Cubes","2026-07-06","47","64","73.4"
"Logical Reasoning and Analytical Skills","CDU Batch-1 - S-001","Syllogisms 2 Daily Practice","2026-07-02","45","64","70.3"
"Logical Reasoning and Analytical Skills","CDU Batch-1 - S-001","Syllogisms 1 Daily Practice","2026-06-29","44","64","68.8"
"Logical Reasoning and Analytical Skills","CDU Batch-1 - S-001","Syllogisms 2","2026-06-29","48","64","75"
"Logical Reasoning and Analytical Skills","CDU Batch-1 - S-001","Syllogisms 1","2026-06-25","100","128","78.1"
"Logical Reasoning and Analytical Skills","CDU Batch-1 - S-001","Venn Diagrams Daily Practice","2026-06-24","53","64","82.8"
"Logical Reasoning and Analytical Skills","CDU Batch-1 - S-001","Company Specific MCQs - Blood relations","2026-06-23","50","64","78.1"
"Logical Reasoning and Analytical Skills","CDU Batch-1 - S-001","Company Specific MCQs - Data Arrangements","2026-06-23","51","64","79.7"
"Logical Reasoning and Analytical Skills","CDU Batch-1 - S-001","Venn Diagrams","2026-06-20","51","64","79.7"
"Logical Reasoning and Analytical Skills","CDU Batch-1 - S-001","Blood Relations 2 Daily Practice","2026-06-19","48","64","75"
"Logical Reasoning and Analytical Skills","CDU Batch-1 - S-001","Company Specific Session - Arrangements & Blood relations","2026-06-19","50","64","78.1"
"Logical Reasoning and Analytical Skills","CDU Batch-1 - S-001","Blood Relations 1 Daily Practice","2026-06-18","51","64","79.7"
"Logical Reasoning and Analytical Skills","CDU Batch-1 - S-001","Blood Relations 2","2026-06-17","43","64","67.2"
"Logical Reasoning and Analytical Skills","CDU Batch-1 - S-001","Circular Arrangements Daily Practice","2026-06-17","44","64","68.8"
"Logical Reasoning and Analytical Skills","CDU Batch-1 - S-001","Blood Relations 1","2026-06-16","36","64","56.3"
"Logical Reasoning and Analytical Skills","CDU Batch-1 - S-001","Circular Arrangements","2026-06-15","37","64","57.8"
"Logical Reasoning and Analytical Skills","CDU Batch-1 - S-001","Linear Arrangements Daily Practice","2026-06-13","31","64","48.4"
"Logical Reasoning and Analytical Skills","CDU Batch-1 - S-001","Linear Arrangements","2026-06-12","19","64","29.7"
"Logical Reasoning and Analytical Skills","CDU Batch-1 - S-001","Introduction","2026-06-11","15","64","23.4"
"Logical Reasoning and Analytical Skills","CDU Batch-1 - S-002","Visual Reasoning Daily Practice","2026-08-03","48","64","75"
"Logical Reasoning and Analytical Skills","CDU Batch-1 - S-002","Visual Reasoning","2026-08-01","41","64","64.1"
"Logical Reasoning and Analytical Skills","CDU Batch-1 - S-002","Visual Reasoning","2026-07-31","47","64","73.4"
"Logical Reasoning and Analytical Skills","CDU Batch-1 - S-002","Counting Figures Daily Practice","2026-07-28","51","64","79.7"
"Logical Reasoning and Analytical Skills","CDU Batch-1 - S-002","Counting Figures","2026-07-27","53","64","82.8"
"Logical Reasoning and Analytical Skills","CDU Batch-1 - S-002","Company Specific MCQs - Data Sufficiency","2026-07-23","54","64","84.4"
"Logical Reasoning and Analytical Skills","CDU Batch-1 - S-002","Company Specific MCQs - Puzzles","2026-07-22","57","64","89.1"
"Logical Reasoning and Analytical Skills","CDU Batch-1 - S-002","Company Specific Session - Puzzles & Data Sufficiency","2026-07-21","51","64","79.7"
"Logical Reasoning and Analytical Skills","CDU Batch-1 - S-002","Data Sufficiency Daily Practice","2026-07-20","47","64","73.4"
"Logical Reasoning and Analytical Skills","CDU Batch-1 - S-002","Data Sufficiency","2026-07-18","30","64","46.9"
"Logical Reasoning and Analytical Skills","CDU Batch-1 - S-002","Puzzles Daily Practice","2026-07-17","35","64","54.7"
"Logical Reasoning and Analytical Skills","CDU Batch-1 - S-002","Company Specific MCQs - Cubes","2026-07-16","55","64","85.9"
"Logical Reasoning and Analytical Skills","CDU Batch-1 - S-002","Quiz - Venn Diagrams and Syllogisms","2026-07-16","52","64","81.3"
"Logical Reasoning and Analytical Skills","CDU Batch-1 - S-002","Company Specific MCQs - Syllogisms","2026-07-15","52","64","81.3"
"Logical Reasoning and Analytical Skills","CDU Batch-1 - S-002","Puzzles","2026-07-14","43","64","67.2"
"Logical Reasoning and Analytical Skills","CDU Batch-1 - S-002","Company Specific MCQs - Venn Diagrams","2026-07-13","47","64","73.4"
"Logical Reasoning and Analytical Skills","CDU Batch-1 - S-002","Company Specific Session - Venn Diagrams, Syllogisms, Cubes","2026-07-09","48","64","75"
"Logical Reasoning and Analytical Skills","CDU Batch-1 - S-002","Cubes Daily Practice","2026-07-08","53","64","82.8"
"Logical Reasoning and Analytical Skills","CDU Batch-1 - S-002","Quiz - Data Arrangements and Blood relations","2026-07-08","47","64","73.4"
"Logical Reasoning and Analytical Skills","CDU Batch-1 - S-002","Cubes","2026-07-06","41","64","64.1"
"Logical Reasoning and Analytical Skills","CDU Batch-1 - S-002","Syllogisms 2 Daily Practice","2026-07-01","43","64","67.2"
"Logical Reasoning and Analytical Skills","CDU Batch-1 - S-002","Syllogisms 1 Daily Practice","2026-06-29","49","64","76.6"
"Logical Reasoning and Analytical Skills","CDU Batch-1 - S-002","Syllogisms 2","2026-06-29","51","64","79.7"
"Logical Reasoning and Analytical Skills","CDU Batch-1 - S-002","Syllogisms 1","2026-06-27","31","64","48.4"
"Logical Reasoning and Analytical Skills","CDU Batch-1 - S-002","Syllogisms 1","2026-06-25","56","64","87.5"
"Logical Reasoning and Analytical Skills","CDU Batch-1 - S-002","Venn Diagrams Daily Practice","2026-06-24","41","64","64.1"
"Logical Reasoning and Analytical Skills","CDU Batch-1 - S-002","Company Specific MCQs - Blood relations","2026-06-23","46","64","71.9"
"Logical Reasoning and Analytical Skills","CDU Batch-1 - S-002","Company Specific MCQs - Data Arrangements","2026-06-23","23","64","35.9"
"Logical Reasoning and Analytical Skills","CDU Batch-1 - S-002","Venn Diagrams","2026-06-22","52","64","81.3"
"Logical Reasoning and Analytical Skills","CDU Batch-1 - S-002","Blood Relations 2 Daily Practice","2026-06-19","47","64","73.4"
"Logical Reasoning and Analytical Skills","CDU Batch-1 - S-002","Company Specific Session - Arrangements & Blood relations","2026-06-19","34","64","53.1"
"Logical Reasoning and Analytical Skills","CDU Batch-1 - S-002","Blood Relations 2","2026-06-18","44","64","68.8"
"Logical Reasoning and Analytical Skills","CDU Batch-1 - S-002","Blood Relations 1 Daily Practice","2026-06-17","46","64","71.9"
"Logical Reasoning and Analytical Skills","CDU Batch-1 - S-002","Circular Arrangements Daily Practice","2026-06-16","35","64","54.7"
"Logical Reasoning and Analytical Skills","CDU Batch-1 - S-002","Circular Arrangements","2026-06-15","30","64","46.9"
"Logical Reasoning and Analytical Skills","CDU Batch-1 - S-002","Linear Arrangements Daily Practice","2026-06-13","20","64","31.3"
"Logical Reasoning and Analytical Skills","CDU Batch-1 - S-002","Linear Arrangements","2026-06-12","36","64","56.3"
"Logical Reasoning and Analytical Skills","CDU Batch-1 - S-002","Linear Arrangements Daily Practice","2026-06-12","33","64","51.6"
"Logical Reasoning and Analytical Skills","CDU Batch-1 - S-002","Introduction","2026-06-11","12","64","18.8"
"Logical Reasoning and Analytical Skills","CDU Batch-1 - S-003","Visual Reasoning Daily Practice","2026-08-01","59","80","73.8"
"Logical Reasoning and Analytical Skills","CDU Batch-1 - S-003","Visual Reasoning","2026-07-31","58","80","72.5"
"Logical Reasoning and Analytical Skills","CDU Batch-1 - S-003","Counting Figures","2026-07-28","60","80","75"
"Logical Reasoning and Analytical Skills","CDU Batch-1 - S-003","Counting Figures Daily Practice","2026-07-28","54","80","67.5"
"Logical Reasoning and Analytical Skills","CDU Batch-1 - S-003","Company Specific MCQs - Data Sufficiency","2026-07-27","58","80","72.5"
"Logical Reasoning and Analytical Skills","CDU Batch-1 - S-003","Company Specific MCQs - Puzzles","2026-07-23","61","80","76.3"
"Logical Reasoning and Analytical Skills","CDU Batch-1 - S-003","Company Specific Session - Puzzles & Data Sufficiency","2026-07-22","65","80","81.3"
"Logical Reasoning and Analytical Skills","CDU Batch-1 - S-003","Data Sufficiency Daily Practice","2026-07-21","67","80","83.8"
"Logical Reasoning and Analytical Skills","CDU Batch-1 - S-003","Data Sufficiency","2026-07-20","60","80","75"
"Logical Reasoning and Analytical Skills","CDU Batch-1 - S-003","Puzzles Daily Practice","2026-07-18","47","80","58.8"
"Logical Reasoning and Analytical Skills","CDU Batch-1 - S-003","Company Specific MCQs - Cubes","2026-07-17","60","80","75"
"Logical Reasoning and Analytical Skills","CDU Batch-1 - S-003","Company Specific MCQs - Syllogisms","2026-07-16","69","80","86.3"
"Logical Reasoning and Analytical Skills","CDU Batch-1 - S-003","Quiz - Venn Diagrams and Syllogisms","2026-07-16","68","80","85"
"Logical Reasoning and Analytical Skills","CDU Batch-1 - S-003","Puzzles","2026-07-14","67","80","83.8"
"Logical Reasoning and Analytical Skills","CDU Batch-1 - S-003","Company Specific MCQs - Venn Diagrams","2026-07-13","65","80","81.3"
"Logical Reasoning and Analytical Skills","CDU Batch-1 - S-003","Company Specific Session - Venn Diagrams, Syllogisms, Cubes","2026-07-11","45","80","56.3"
"Logical Reasoning and Analytical Skills","CDU Batch-1 - S-003","Quiz - Data Arrangements and Blood relations","2026-07-08","58","80","72.5"
"Logical Reasoning and Analytical Skills","CDU Batch-1 - S-003","Cubes","2026-07-07","63","80","78.8"
"Logical Reasoning and Analytical Skills","CDU Batch-1 - S-003","Cubes Daily Practice","2026-07-07","66","80","82.5"
"Logical Reasoning and Analytical Skills","CDU Batch-1 - S-003","Syllogisms 2 Daily Practice","2026-07-03","58","80","72.5"
"Logical Reasoning and Analytical Skills","CDU Batch-1 - S-003","Syllogisms 1 Daily Practice","2026-07-01","45","80","56.3"
"Logical Reasoning and Analytical Skills","CDU Batch-1 - S-003","Syllogisms 2","2026-06-29","53","80","66.3"
"Logical Reasoning and Analytical Skills","CDU Batch-1 - S-003","Syllogisms 1","2026-06-27","45","80","56.3"
"Logical Reasoning and Analytical Skills","CDU Batch-1 - S-003","Syllogisms 1","2026-06-25","53","80","66.3"
"Logical Reasoning and Analytical Skills","CDU Batch-1 - S-003","Venn Diagrams Daily Practice","2026-06-24","64","80","80"
"Logical Reasoning and Analytical Skills","CDU Batch-1 - S-003","Company Specific MCQs - Blood relations","2026-06-23","52","80","65"
"Logical Reasoning and Analytical Skills","CDU Batch-1 - S-003","Company Specific MCQs - Data Arrangements","2026-06-23","52","80","65"
"Logical Reasoning and Analytical Skills","CDU Batch-1 - S-003","Venn Diagrams","2026-06-22","51","80","63.8"
"Logical Reasoning and Analytical Skills","CDU Batch-1 - S-003","Company Specific Session - Arrangements & Blood relations","2026-06-19","62","80","77.5"
"Logical Reasoning and Analytical Skills","CDU Batch-1 - S-003","Blood Relations 2","2026-06-18","52","80","65"
"Logical Reasoning and Analytical Skills","CDU Batch-1 - S-003","Blood Relations 2 Daily Practice","2026-06-18","58","80","72.5"
"Logical Reasoning and Analytical Skills","CDU Batch-1 - S-003","Blood Relations 1 Daily Practice","2026-06-17","46","80","57.5"
"Logical Reasoning and Analytical Skills","CDU Batch-1 - S-003","Blood Relations 1","2026-06-16","33","80","41.3"
"Logical Reasoning and Analytical Skills","CDU Batch-1 - S-003","Blood Relations 1 Daily Practice","2026-06-16","40","80","50"
"Logical Reasoning and Analytical Skills","CDU Batch-1 - S-003","Circular Arrangements","2026-06-15","29","80","36.3"
"Logical Reasoning and Analytical Skills","CDU Batch-1 - S-003","Circular Arrangements Daily Practice","2026-06-15","28","80","35"
"Logical Reasoning and Analytical Skills","CDU Batch-1 - S-003","Linear Arrangements","2026-06-13","17","80","21.3"
"Logical Reasoning and Analytical Skills","CDU Batch-1 - S-003","Linear Arrangements Daily Practice","2026-06-13","17","80","21.3"
"Logical Reasoning and Analytical Skills","CDU Batch-1 - S-003","Introduction","2026-06-12","14","80","17.5"
"Logical Reasoning and Analytical Skills","CDU Batch-1 - S-004","Visual Reasoning Daily Practice","2026-07-31","69","94","73.4"
"Logical Reasoning and Analytical Skills","CDU Batch-1 - S-004","Visual Reasoning","2026-07-30","76","94","80.9"
"Logical Reasoning and Analytical Skills","CDU Batch-1 - S-004","Counting Figures Daily Practice","2026-07-29","74","94","78.7"
"Logical Reasoning and Analytical Skills","CDU Batch-1 - S-004","Counting Figures","2026-07-27","75","94","79.8"
"Logical Reasoning and Analytical Skills","CDU Batch-1 - S-004","Company Specific MCQs - Data Sufficiency","2026-07-23","74","94","78.7"
"Logical Reasoning and Analytical Skills","CDU Batch-1 - S-004","Company Specific MCQs - Puzzles","2026-07-22","79","94","84"
"Logical Reasoning and Analytical Skills","CDU Batch-1 - S-004","Company Specific Session - Puzzles & Data Sufficiency","2026-07-21","79","94","84"
"Logical Reasoning and Analytical Skills","CDU Batch-1 - S-004","Data Sufficiency Daily Practice","2026-07-20","66","94","70.2"
"Logical Reasoning and Analytical Skills","CDU Batch-1 - S-004","Data Sufficiency","2026-07-18","68","94","72.3"
"Logical Reasoning and Analytical Skills","CDU Batch-1 - S-004","Puzzles","2026-07-17","83","94","88.3"
"Logical Reasoning and Analytical Skills","CDU Batch-1 - S-004","Puzzles Daily Practice","2026-07-17","81","94","86.2"
"Logical Reasoning and Analytical Skills","CDU Batch-1 - S-004","Company Specific MCQs - Cubes","2026-07-16","76","94","80.9"
"Logical Reasoning and Analytical Skills","CDU Batch-1 - S-004","Company Specific MCQs - Syllogisms","2026-07-16","84","94","89.4"
"Logical Reasoning and Analytical Skills","CDU Batch-1 - S-004","Quiz - Venn Diagrams and Syllogisms","2026-07-16","73","94","77.7"
"Logical Reasoning and Analytical Skills","CDU Batch-1 - S-004","Company Specific MCQs - Venn Diagrams","2026-07-15","79","94","84"
"Logical Reasoning and Analytical Skills","CDU Batch-1 - S-004","Company Specific Session - Venn Diagrams, Syllogisms, Cubes","2026-07-15","79","94","84"
"Logical Reasoning and Analytical Skills","CDU Batch-1 - S-004","Cubes Daily Practice","2026-07-11","68","94","72.3"
"Logical Reasoning and Analytical Skills","CDU Batch-1 - S-004","Quiz - Data Arrangements and Blood relations","2026-07-08","85","94","90.4"
"Logical Reasoning and Analytical Skills","CDU Batch-1 - S-004","Cubes","2026-07-06","80","94","85.1"
"Logical Reasoning and Analytical Skills","CDU Batch-1 - S-004","Cubes Daily Practice","2026-07-06","80","94","85.1"
"Logical Reasoning and Analytical Skills","CDU Batch-1 - S-004","Syllogisms 2 Daily Practice","2026-07-02","77","94","81.9"
"Logical Reasoning and Analytical Skills","CDU Batch-1 - S-004","Syllogisms 2","2026-06-29","79","94","84"
"Logical Reasoning and Analytical Skills","CDU Batch-1 - S-004","Syllogisms 1 Daily Practice","2026-06-27","57","94","60.6"
"Logical Reasoning and Analytical Skills","CDU Batch-1 - S-004","Syllogisms 1","2026-06-25","84","94","89.4"
"Logical Reasoning and Analytical Skills","CDU Batch-1 - S-004","Syllogisms 1","2026-06-24","81","94","86.2"
"Logical Reasoning and Analytical Skills","CDU Batch-1 - S-004","Venn Diagrams Daily Practice","2026-06-24","81","94","86.2"
"Logical Reasoning and Analytical Skills","CDU Batch-1 - S-004","Blood Relations 2 Daily Practice","2026-06-23","80","94","85.1"
"Logical Reasoning and Analytical Skills","CDU Batch-1 - S-004","Blood Relations 1 Daily Practice","2026-06-22","85","94","90.4"
"Logical Reasoning and Analytical Skills","CDU Batch-1 - S-004","Venn Diagrams","2026-06-22","86","94","91.5"
"Logical Reasoning and Analytical Skills","CDU Batch-1 - S-004","Company Specific MCQs - Blood relations","2026-06-20","66","94","70.2"
"Logical Reasoning and Analytical Skills","CDU Batch-1 - S-004","Company Specific MCQs - Data Arrangements","2026-06-20","69","94","73.4"
"Logical Reasoning and Analytical Skills","CDU Batch-1 - S-004","Company Specific Session - Arrangements & Blood relations","2026-06-20","69","94","73.4"
"Logical Reasoning and Analytical Skills","CDU Batch-1 - S-004","Blood Relations 2","2026-06-18","78","94","83"
"Logical Reasoning and Analytical Skills","CDU Batch-1 - S-004","Blood Relations 1","2026-06-17","62","94","66"
"Logical Reasoning and Analytical Skills","CDU Batch-1 - S-004","Blood Relations 1","2026-06-16","72","94","76.6"
"Logical Reasoning and Analytical Skills","CDU Batch-1 - S-004","Circular Arrangements Daily Practice","2026-06-16","68","94","72.3"
"Logical Reasoning and Analytical Skills","CDU Batch-1 - S-004","Circular Arrangements","2026-06-15","59","94","62.8"
"Logical Reasoning and Analytical Skills","CDU Batch-1 - S-004","Linear Arrangements Daily Practice","2026-06-13","38","94","40.4"
"Logical Reasoning and Analytical Skills","CDU Batch-1 - S-004","Linear Arrangements","2026-06-12","31","94","33"
"Logical Reasoning and Analytical Skills","CDU Batch-1 - S-004","Introduction","2026-06-11","13","94","13.8"
"Logical Reasoning and Analytical Skills","CDU Batch-1 - S-005","Visual Reasoning Daily Practice","2026-08-01","68","94","72.3"
"Logical Reasoning and Analytical Skills","CDU Batch-1 - S-005","Visual Reasoning","2026-07-31","75","94","79.8"
"Logical Reasoning and Analytical Skills","CDU Batch-1 - S-005","Counting Figures Daily Practice","2026-07-29","76","94","80.9"
"Logical Reasoning and Analytical Skills","CDU Batch-1 - S-005","Counting Figures","2026-07-28","81","94","86.2"
"Logical Reasoning and Analytical Skills","CDU Batch-1 - S-005","Company Specific MCQs - Data Sufficiency","2026-07-27","78","94","83"
"Logical Reasoning and Analytical Skills","CDU Batch-1 - S-005","Company Specific MCQs - Puzzles","2026-07-23","88","94","93.6"
"Logical Reasoning and Analytical Skills","CDU Batch-1 - S-005","Company Specific Session - Puzzles & Data Sufficiency","2026-07-22","77","94","81.9"
"Logical Reasoning and Analytical Skills","CDU Batch-1 - S-005","Data Sufficiency Daily Practice","2026-07-21","79","94","84"
"Logical Reasoning and Analytical Skills","CDU Batch-1 - S-005","Data Sufficiency","2026-07-20","79","94","84"
"Logical Reasoning and Analytical Skills","CDU Batch-1 - S-005","Puzzles Daily Practice","2026-07-17","54","94","57.4"
"Logical Reasoning and Analytical Skills","CDU Batch-1 - S-005","Puzzles","2026-07-16","82","94","87.2"
"Logical Reasoning and Analytical Skills","CDU Batch-1 - S-005","Quiz - Venn Diagrams and Syllogisms","2026-07-16","80","94","85.1"
"Logical Reasoning and Analytical Skills","CDU Batch-1 - S-005","Company Specific MCQs - Cubes","2026-07-15","78","94","83"
"Logical Reasoning and Analytical Skills","CDU Batch-1 - S-005","Company Specific MCQs - Syllogisms","2026-07-14","63","94","67"
"Logical Reasoning and Analytical Skills","CDU Batch-1 - S-005","Company Specific MCQs - Venn Diagrams","2026-07-13","60","94","63.8"
"Logical Reasoning and Analytical Skills","CDU Batch-1 - S-005","Company Specific Session - Venn Diagrams, Syllogisms, Cubes","2026-07-13","70","94","74.5"
"Logical Reasoning and Analytical Skills","CDU Batch-1 - S-005","Cubes Daily Practice","2026-07-08","152","188","80.9"
"Logical Reasoning and Analytical Skills","CDU Batch-1 - S-005","Quiz - Data Arrangements and Blood relations","2026-07-08","74","94","78.7"
"Logical Reasoning and Analytical Skills","CDU Batch-1 - S-005","Cubes","2026-07-07","76","94","80.9"
"Logical Reasoning and Analytical Skills","CDU Batch-1 - S-005","Syllogisms 2 Daily Practice","2026-07-02","65","94","69.1"
"Logical Reasoning and Analytical Skills","CDU Batch-1 - S-005","Syllogisms 2","2026-07-01","79","94","84"
"Logical Reasoning and Analytical Skills","CDU Batch-1 - S-005","Syllogisms 1 Daily Practice","2026-06-29","68","94","72.3"
"Logical Reasoning and Analytical Skills","CDU Batch-1 - S-005","Syllogisms 1","2026-06-27","61","94","64.9"
"Logical Reasoning and Analytical Skills","CDU Batch-1 - S-005","Syllogisms 1","2026-06-25","70","94","74.5"
"Logical Reasoning and Analytical Skills","CDU Batch-1 - S-005","Venn Diagrams Daily Practice","2026-06-24","73","94","77.7"
"Logical Reasoning and Analytical Skills","CDU Batch-1 - S-005","Company Specific MCQs - Blood relations","2026-06-23","77","94","81.9"
"Logical Reasoning and Analytical Skills","CDU Batch-1 - S-005","Company Specific MCQs - Data Arrangements","2026-06-23","76","94","80.9"
"Logical Reasoning and Analytical Skills","CDU Batch-1 - S-005","Blood Relations 2 Daily Practice","2026-06-22","72","94","76.6"
"Logical Reasoning and Analytical Skills","CDU Batch-1 - S-005","Venn Diagrams","2026-06-22","78","94","83"
"Logical Reasoning and Analytical Skills","CDU Batch-1 - S-005","Blood Relations 1 Daily Practice","2026-06-20","47","94","50"
"Logical Reasoning and Analytical Skills","CDU Batch-1 - S-005","Company Specific Session - Arrangements & Blood relations","2026-06-20","63","94","67"
"Logical Reasoning and Analytical Skills","CDU Batch-1 - S-005","Blood Relations 2","2026-06-19","70","94","74.5"
"Logical Reasoning and Analytical Skills","CDU Batch-1 - S-005","Blood Relations 1","2026-06-18","70","94","74.5"
"Logical Reasoning and Analytical Skills","CDU Batch-1 - S-005","Circular Arrangements Daily Practice","2026-06-18","53","94","56.4"
"Logical Reasoning and Analytical Skills","CDU Batch-1 - S-005","Circular Arrangements","2026-06-17","48","94","51.1"
"Logical Reasoning and Analytical Skills","CDU Batch-1 - S-005","Circular Arrangements","2026-06-16","51","94","54.3"
"Logical Reasoning and Analytical Skills","CDU Batch-1 - S-005","Linear Arrangements","2026-06-13","27","94","28.7"
"Logical Reasoning and Analytical Skills","CDU Batch-1 - S-005","Linear Arrangements Daily Practice","2026-06-13","27","94","28.7"
"Logical Reasoning and Analytical Skills","CDU Batch-1 - S-005","Introduction","2026-06-11","29","94","30.9"
"Logical Reasoning and Analytical Skills","CDU Batch-1 - S-006","Visual Reasoning Daily Practice","2026-07-31","46","62","74.2"
"Logical Reasoning and Analytical Skills","CDU Batch-1 - S-006","Visual Reasoning","2026-07-30","46","62","74.2"
"Logical Reasoning and Analytical Skills","CDU Batch-1 - S-006","Counting Figures Daily Practice","2026-07-28","49","62","79"
"Logical Reasoning and Analytical Skills","CDU Batch-1 - S-006","Company Specific MCQs - Data Sufficiency","2026-07-27","53","62","85.5"
"Logical Reasoning and Analytical Skills","CDU Batch-1 - S-006","Counting Figures","2026-07-27","51","62","82.3"
"Logical Reasoning and Analytical Skills","CDU Batch-1 - S-006","Company Specific MCQs - Puzzles","2026-07-23","53","62","85.5"
"Logical Reasoning and Analytical Skills","CDU Batch-1 - S-006","Company Specific Session - Puzzles & Data Sufficiency","2026-07-22","43","62","69.4"
"Logical Reasoning and Analytical Skills","CDU Batch-1 - S-006","Company Specific MCQs - Cubes","2026-07-21","51","62","82.3"
"Logical Reasoning and Analytical Skills","CDU Batch-1 - S-006","Data Sufficiency Daily Practice","2026-07-21","43","62","69.4"
"Logical Reasoning and Analytical Skills","CDU Batch-1 - S-006","Data Sufficiency","2026-07-20","45","62","72.6"
"Logical Reasoning and Analytical Skills","CDU Batch-1 - S-006","Cubes Daily Practice","2026-07-18","34","62","54.8"
"Logical Reasoning and Analytical Skills","CDU Batch-1 - S-006","Puzzles","2026-07-16","47","62","75.8"
"Logical Reasoning and Analytical Skills","CDU Batch-1 - S-006","Puzzles Daily Practice","2026-07-16","55","62","88.7"
"Logical Reasoning and Analytical Skills","CDU Batch-1 - S-006","Quiz - Venn Diagrams and Syllogisms","2026-07-16","51","62","82.3"
"Logical Reasoning and Analytical Skills","CDU Batch-1 - S-006","Company Specific MCQs - Syllogisms","2026-07-15","38","62","61.3"
"Logical Reasoning and Analytical Skills","CDU Batch-1 - S-006","Company Specific MCQs - Venn Diagrams","2026-07-15","43","62","69.4"
"Logical Reasoning and Analytical Skills","CDU Batch-1 - S-006","Cubes Daily Practice","2026-07-14","55","62","88.7"
"Logical Reasoning and Analytical Skills","CDU Batch-1 - S-006","Company Specific Session - Venn Diagrams, Syllogisms, Cubes","2026-07-13","33","62","53.2"
"Logical Reasoning and Analytical Skills","CDU Batch-1 - S-006","Cubes","2026-07-09","52","62","83.9"
"Logical Reasoning and Analytical Skills","CDU Batch-1 - S-006","Quiz - Data Arrangements and Blood relations","2026-07-08","53","62","85.5"
"Logical Reasoning and Analytical Skills","CDU Batch-1 - S-006","Cubes","2026-07-07","40","62","64.5"
"Logical Reasoning and Analytical Skills","CDU Batch-1 - S-006","Syllogisms 2 Daily Practice","2026-07-06","49","62","79"
"Logical Reasoning and Analytical Skills","CDU Batch-1 - S-006","Syllogisms 2","2026-07-03","51","62","82.3"
"Logical Reasoning and Analytical Skills","CDU Batch-1 - S-006","Syllogisms 1 Daily Practice","2026-07-02","44","62","71"
"Logical Reasoning and Analytical Skills","CDU Batch-1 - S-006","Syllogisms 1","2026-06-29","47","62","75.8"
"Logical Reasoning and Analytical Skills","CDU Batch-1 - S-006","Syllogisms 1 Daily Practice","2026-06-29","49","62","79"
"Logical Reasoning and Analytical Skills","CDU Batch-1 - S-006","Syllogisms 1","2026-06-27","43","62","69.4"
"Logical Reasoning and Analytical Skills","CDU Batch-1 - S-006","Venn Diagrams Daily Practice","2026-06-25","51","62","82.3"
"Logical Reasoning and Analytical Skills","CDU Batch-1 - S-006","Venn Diagrams","2026-06-24","49","62","79"
"Logical Reasoning and Analytical Skills","CDU Batch-1 - S-006","Company Specific MCQs - Blood relations","2026-06-23","44","62","71"
"Logical Reasoning and Analytical Skills","CDU Batch-1 - S-006","Company Specific MCQs - Data Arrangements","2026-06-23","40","62","64.5"
"Logical Reasoning and Analytical Skills","CDU Batch-1 - S-006","Blood Relations 1 Daily Practice","2026-06-22","52","62","83.9"
"Logical Reasoning and Analytical Skills","CDU Batch-1 - S-006","Blood Relations 2 Daily Practice","2026-06-22","48","62","77.4"
"Logical Reasoning and Analytical Skills","CDU Batch-1 - S-006","Company Specific Session - Arrangements & Blood relations","2026-06-20","52","62","83.9"
"Logical Reasoning and Analytical Skills","CDU Batch-1 - S-006","Company Specific Session - Arrangements & Blood relations","2026-06-19","54","62","87.1"
"Logical Reasoning and Analytical Skills","CDU Batch-1 - S-006","Blood Relations 2","2026-06-18","42","62","67.7"
"Logical Reasoning and Analytical Skills","CDU Batch-1 - S-006","Blood Relations 2 Daily Practice","2026-06-18","0","62","0"
"Logical Reasoning and Analytical Skills","CDU Batch-1 - S-006","Blood Relations 1","2026-06-17","40","62","64.5"
"Logical Reasoning and Analytical Skills","CDU Batch-1 - S-006","Circular Arrangements","2026-06-15","31","62","50"
"Logical Reasoning and Analytical Skills","CDU Batch-1 - S-006","Linear Arrangements Daily Practice","2026-06-13","15","62","24.2"
"Logical Reasoning and Analytical Skills","CDU Batch-1 - S-006","Linear Arrangements","2026-06-12","30","124","24.2"
"Logical Reasoning and Analytical Skills","CDU Batch-1 - S-006","Introduction","2026-06-11","7","62","11.3"
"Logical Reasoning and Analytical Skills","CDU Batch-1 - S-007","Visual Reasoning Daily Practice","2026-08-01","42","60","70"
"Logical Reasoning and Analytical Skills","CDU Batch-1 - S-007","Visual Reasoning","2026-07-31","44","60","73.3"
"Logical Reasoning and Analytical Skills","CDU Batch-1 - S-007","Counting Figures Daily Practice","2026-07-28","31","60","51.7"
"Logical Reasoning and Analytical Skills","CDU Batch-1 - S-007","Counting Figures","2026-07-27","35","60","58.3"
"Logical Reasoning and Analytical Skills","CDU Batch-1 - S-007","Company Specific MCQs - Data Sufficiency","2026-07-23","41","60","68.3"
"Logical Reasoning and Analytical Skills","CDU Batch-1 - S-007","Company Specific MCQs - Puzzles","2026-07-22","49","60","81.7"
"Logical Reasoning and Analytical Skills","CDU Batch-1 - S-007","Company Specific Session - Puzzles & Data Sufficiency","2026-07-21","43","60","71.7"
"Logical Reasoning and Analytical Skills","CDU Batch-1 - S-007","Data Sufficiency Daily Practice","2026-07-20","47","60","78.3"
"Logical Reasoning and Analytical Skills","CDU Batch-1 - S-007","Company Specific MCQs - Cubes","2026-07-18","30","60","50"
"Logical Reasoning and Analytical Skills","CDU Batch-1 - S-007","Data Sufficiency","2026-07-18","19","60","31.7"
"Logical Reasoning and Analytical Skills","CDU Batch-1 - S-007","Puzzles","2026-07-17","33","60","55"
"Logical Reasoning and Analytical Skills","CDU Batch-1 - S-007","Puzzles Daily Practice","2026-07-17","31","60","51.7"
"Logical Reasoning and Analytical Skills","CDU Batch-1 - S-007","Quiz - Venn Diagrams and Syllogisms","2026-07-16","48","60","80"
"Logical Reasoning and Analytical Skills","CDU Batch-1 - S-007","Company Specific MCQs - Syllogisms","2026-07-15","47","60","78.3"
"Logical Reasoning and Analytical Skills","CDU Batch-1 - S-007","Company Specific MCQs - Venn Diagrams","2026-07-14","40","60","66.7"
"Logical Reasoning and Analytical Skills","CDU Batch-1 - S-007","Company Specific Session - Venn Diagrams, Syllogisms, Cubes","2026-07-13","21","60","35"
"Logical Reasoning and Analytical Skills","CDU Batch-1 - S-007","Cubes Daily Practice","2026-07-09","45","60","75"
"Logical Reasoning and Analytical Skills","CDU Batch-1 - S-007","Cubes","2026-07-08","30","60","50"
"Logical Reasoning and Analytical Skills","CDU Batch-1 - S-007","Quiz - Data Arrangements and Blood relations","2026-07-08","44","60","73.3"
"Logical Reasoning and Analytical Skills","CDU Batch-1 - S-007","Cubes","2026-07-07","41","60","68.3"
"Logical Reasoning and Analytical Skills","CDU Batch-1 - S-007","Syllogisms 2 Daily Practice","2026-07-06","44","60","73.3"
"Logical Reasoning and Analytical Skills","CDU Batch-1 - S-007","Syllogisms 2","2026-07-03","41","60","68.3"
"Logical Reasoning and Analytical Skills","CDU Batch-1 - S-007","Syllogisms 1 Daily Practice","2026-06-29","37","60","61.7"
"Logical Reasoning and Analytical Skills","CDU Batch-1 - S-007","Syllogisms 2","2026-06-29","43","60","71.7"
"Logical Reasoning and Analytical Skills","CDU Batch-1 - S-007","Syllogisms 1","2026-06-27","19","60","31.7"
"Logical Reasoning and Analytical Skills","CDU Batch-1 - S-007","Syllogisms 1","2026-06-25","39","60","65"
"Logical Reasoning and Analytical Skills","CDU Batch-1 - S-007","Venn Diagrams","2026-06-24","44","60","73.3"
"Logical Reasoning and Analytical Skills","CDU Batch-1 - S-007","Venn Diagrams Daily Practice","2026-06-24","24","60","40"
"Logical Reasoning and Analytical Skills","CDU Batch-1 - S-007","Company Specific MCQs - Blood relations","2026-06-23","37","60","61.7"
"Logical Reasoning and Analytical Skills","CDU Batch-1 - S-007","Company Specific MCQs - Data Arrangements","2026-06-23","15","60","25"
"Logical Reasoning and Analytical Skills","CDU Batch-1 - S-007","Blood Relations 2 Daily Practice","2026-06-22","46","60","76.7"
"Logical Reasoning and Analytical Skills","CDU Batch-1 - S-007","Company Specific Session - Arrangements & Blood relations","2026-06-20","44","60","73.3"
"Logical Reasoning and Analytical Skills","CDU Batch-1 - S-007","Company Specific Session - Arrangements & Blood relations","2026-06-19","39","60","65"
"Logical Reasoning and Analytical Skills","CDU Batch-1 - S-007","Blood Relations 1 Daily Practice","2026-06-17","43","60","71.7"
"Logical Reasoning and Analytical Skills","CDU Batch-1 - S-007","Blood Relations 2","2026-06-17","41","60","68.3"
"Logical Reasoning and Analytical Skills","CDU Batch-1 - S-007","Blood Relations 1","2026-06-16","35","60","58.3"
"Logical Reasoning and Analytical Skills","CDU Batch-1 - S-007","Circular Arrangements","2026-06-15","31","60","51.7"
"Logical Reasoning and Analytical Skills","CDU Batch-1 - S-007","Linear Arrangements Daily Practice","2026-06-13","22","60","36.7"
"Logical Reasoning and Analytical Skills","CDU Batch-1 - S-007","Linear Arrangements","2026-06-12","25","60","41.7"
"Logical Reasoning and Analytical Skills","CDU Batch-1 - S-007","Introduction","2026-06-11","5","60","8.3"
"Logical Reasoning and Analytical Skills","CDU Batch-1 - S-008","Counting Figures Daily Practice","2026-08-03","44","58","75.9"
"Logical Reasoning and Analytical Skills","CDU Batch-1 - S-008","Visual Reasoning Daily Practice","2026-08-01","38","58","65.5"
"Logical Reasoning and Analytical Skills","CDU Batch-1 - S-008","Visual Reasoning","2026-07-31","35","58","60.3"
"Logical Reasoning and Analytical Skills","CDU Batch-1 - S-008","Counting Figures Daily Practice","2026-07-29","20","58","34.5"
"Logical Reasoning and Analytical Skills","CDU Batch-1 - S-008","Counting Figures","2026-07-28","35","58","60.3"
"Logical Reasoning and Analytical Skills","CDU Batch-1 - S-008","Company Specific MCQs - Data Sufficiency","2026-07-23","45","58","77.6"
"Logical Reasoning and Analytical Skills","CDU Batch-1 - S-008","Company Specific MCQs - Puzzles","2026-07-22","49","58","84.5"
"Logical Reasoning and Analytical Skills","CDU Batch-1 - S-008","Company Specific Session - Puzzles & Data Sufficiency","2026-07-21","39","58","67.2"
"Logical Reasoning and Analytical Skills","CDU Batch-1 - S-008","Data Sufficiency Daily Practice","2026-07-20","23","58","39.7"
"Logical Reasoning and Analytical Skills","CDU Batch-1 - S-008","Data Sufficiency","2026-07-18","47","58","81"
"Logical Reasoning and Analytical Skills","CDU Batch-1 - S-008","Puzzles","2026-07-17","36","58","62.1"
"Logical Reasoning and Analytical Skills","CDU Batch-1 - S-008","Puzzles Daily Practice","2026-07-17","48","58","82.8"
"Logical Reasoning and Analytical Skills","CDU Batch-1 - S-008","Company Specific MCQs - Cubes","2026-07-16","45","58","77.6"
"Logical Reasoning and Analytical Skills","CDU Batch-1 - S-008","Quiz - Venn Diagrams and Syllogisms","2026-07-16","44","58","75.9"
"Logical Reasoning and Analytical Skills","CDU Batch-1 - S-008","Company Specific MCQs - Syllogisms","2026-07-15","32","58","55.2"
"Logical Reasoning and Analytical Skills","CDU Batch-1 - S-008","Company Specific MCQs - Venn Diagrams","2026-07-14","48","58","82.8"
"Logical Reasoning and Analytical Skills","CDU Batch-1 - S-008","Venn Diagrams Daily Practice","2026-07-13","44","58","75.9"
"Logical Reasoning and Analytical Skills","CDU Batch-1 - S-008","Company Specific Session - Venn Diagrams, Syllogisms, Cubes","2026-07-11","26","58","44.8"
"Logical Reasoning and Analytical Skills","CDU Batch-1 - S-008","Cubes","2026-07-08","46","58","79.3"
"Logical Reasoning and Analytical Skills","CDU Batch-1 - S-008","Cubes Daily Practice","2026-07-08","48","58","82.8"
"Logical Reasoning and Analytical Skills","CDU Batch-1 - S-008","Quiz - Data Arrangements and Blood relations","2026-07-08","45","58","77.6"
"Logical Reasoning and Analytical Skills","CDU Batch-1 - S-008","Cubes","2026-07-06","36","58","62.1"
"Logical Reasoning and Analytical Skills","CDU Batch-1 - S-008","Syllogisms 2 Daily Practice","2026-07-03","34","58","58.6"
"Logical Reasoning and Analytical Skills","CDU Batch-1 - S-008","Syllogisms 2","2026-07-01","37","58","63.8"
"Logical Reasoning and Analytical Skills","CDU Batch-1 - S-008","Syllogisms 1 Daily Practice","2026-06-29","43","58","74.1"
"Logical Reasoning and Analytical Skills","CDU Batch-1 - S-008","Syllogisms 2","2026-06-29","43","58","74.1"
"Logical Reasoning and Analytical Skills","CDU Batch-1 - S-008","Syllogisms 1","2026-06-27","28","58","48.3"
"Logical Reasoning and Analytical Skills","CDU Batch-1 - S-008","Syllogisms 1","2026-06-25","44","58","75.9"
"Logical Reasoning and Analytical Skills","CDU Batch-1 - S-008","Venn Diagrams Daily Practice","2026-06-24","36","58","62.1"
"Logical Reasoning and Analytical Skills","CDU Batch-1 - S-008","Blood Relations 2 Daily Practice","2026-06-23","32","58","55.2"
"Logical Reasoning and Analytical Skills","CDU Batch-1 - S-008","Venn Diagrams","2026-06-23","33","58","56.9"
"Logical Reasoning and Analytical Skills","CDU Batch-1 - S-008","Company Specific MCQs - Blood relations","2026-06-22","36","58","62.1"
"Logical Reasoning and Analytical Skills","CDU Batch-1 - S-008","Company Specific MCQs - Data Arrangements","2026-06-22","8","58","13.8"
"Logical Reasoning and Analytical Skills","CDU Batch-1 - S-008","Company Specific Session - Arrangements & Blood relations","2026-06-20","57","116","49.1"
"Logical Reasoning and Analytical Skills","CDU Batch-1 - S-008","Blood Relations 1 Daily Practice","2026-06-19","36","58","62.1"
"Logical Reasoning and Analytical Skills","CDU Batch-1 - S-008","Blood Relations 2","2026-06-18","31","58","53.4"
"Logical Reasoning and Analytical Skills","CDU Batch-1 - S-008","Blood Relations 2 Daily Practice","2026-06-18","32","58","55.2"
"Logical Reasoning and Analytical Skills","CDU Batch-1 - S-008","Blood Relations 1","2026-06-16","19","58","32.8"
"Logical Reasoning and Analytical Skills","CDU Batch-1 - S-008","Circular Arrangements","2026-06-15","15","58","25.9"
"Logical Reasoning and Analytical Skills","CDU Batch-1 - S-008","Circular Arrangements Daily Practice","2026-06-15","15","58","25.9"
"Logical Reasoning and Analytical Skills","CDU Batch-1 - S-008","Linear Arrangements","2026-06-13","4","58","6.9"
"Logical Reasoning and Analytical Skills","CDU Batch-1 - S-008","Linear Arrangements Daily Practice","2026-06-13","5","58","8.6"
"Logical Reasoning and Analytical Skills","CDU Batch-1 - S-008","Introduction","2026-06-12","2","58","3.4"
"Logical Reasoning and Analytical Skills","CDU Batch-1 - S-008","Linear Arrangements Daily Practice","2026-06-12","2","58","3.4"
"Logical Reasoning and Analytical Skills","CDU Batch-1 - S-009","Visual Reasoning Daily Practice","2026-08-01","45","60","75"
"Logical Reasoning and Analytical Skills","CDU Batch-1 - S-009","Visual Reasoning Daily Practice","2026-07-31","42","60","70"
"Logical Reasoning and Analytical Skills","CDU Batch-1 - S-009","Visual Reasoning","2026-07-30","49","60","81.7"
"Logical Reasoning and Analytical Skills","CDU Batch-1 - S-009","Counting Figures Daily Practice","2026-07-29","48","60","80"
"Logical Reasoning and Analytical Skills","CDU Batch-1 - S-009","Counting Figures","2026-07-28","44","60","73.3"
"Logical Reasoning and Analytical Skills","CDU Batch-1 - S-009","Company Specific MCQs - Data Sufficiency","2026-07-23","29","60","48.3"
"Logical Reasoning and Analytical Skills","CDU Batch-1 - S-009","Company Specific MCQs - Puzzles","2026-07-22","19","60","31.7"
"Logical Reasoning and Analytical Skills","CDU Batch-1 - S-009","Company Specific Session - Puzzles & Data Sufficiency","2026-07-21","50","60","83.3"
"Logical Reasoning and Analytical Skills","CDU Batch-1 - S-009","Data Sufficiency Daily Practice","2026-07-20","47","60","78.3"
"Logical Reasoning and Analytical Skills","CDU Batch-1 - S-009","Data Sufficiency","2026-07-18","42","60","70"
"Logical Reasoning and Analytical Skills","CDU Batch-1 - S-009","Puzzles","2026-07-17","51","60","85"
"Logical Reasoning and Analytical Skills","CDU Batch-1 - S-009","Puzzles Daily Practice","2026-07-17","50","60","83.3"
"Logical Reasoning and Analytical Skills","CDU Batch-1 - S-009","Quiz - Venn Diagrams and Syllogisms","2026-07-16","50","60","83.3"
"Logical Reasoning and Analytical Skills","CDU Batch-1 - S-009","Company Specific MCQs - Cubes","2026-07-15","46","60","76.7"
"Logical Reasoning and Analytical Skills","CDU Batch-1 - S-009","Company Specific MCQs - Syllogisms","2026-07-14","41","60","68.3"
"Logical Reasoning and Analytical Skills","CDU Batch-1 - S-009","Company Specific MCQs - Venn Diagrams","2026-07-13","43","60","71.7"
"Logical Reasoning and Analytical Skills","CDU Batch-1 - S-009","Company Specific Session - Venn Diagrams, Syllogisms, Cubes","2026-07-11","30","60","50"
"Logical Reasoning and Analytical Skills","CDU Batch-1 - S-009","Cubes Daily Practice","2026-07-09","51","60","85"
"Logical Reasoning and Analytical Skills","CDU Batch-1 - S-009","Cubes","2026-07-08","48","60","80"
"Logical Reasoning and Analytical Skills","CDU Batch-1 - S-009","Quiz - Data Arrangements and Blood relations","2026-07-08","43","60","71.7"
"Logical Reasoning and Analytical Skills","CDU Batch-1 - S-009","Cubes","2026-07-06","45","60","75"
"Logical Reasoning and Analytical Skills","CDU Batch-1 - S-009","Syllogisms 2 Daily Practice","2026-07-06","48","60","80"
"Logical Reasoning and Analytical Skills","CDU Batch-1 - S-009","Syllogisms 1 Daily Practice","2026-07-03","42","60","70"
"Logical Reasoning and Analytical Skills","CDU Batch-1 - S-009","Syllogisms 2","2026-07-01","29","60","48.3"
"Logical Reasoning and Analytical Skills","CDU Batch-1 - S-009","Syllogisms 2","2026-06-29","41","60","68.3"
"Logical Reasoning and Analytical Skills","CDU Batch-1 - S-009","Syllogisms 1","2026-06-25","37","60","61.7"
"Logical Reasoning and Analytical Skills","CDU Batch-1 - S-009","Venn Diagrams Daily Practice","2026-06-25","32","60","53.3"
"Logical Reasoning and Analytical Skills","CDU Batch-1 - S-009","Venn Diagrams","2026-06-24","40","60","66.7"
"Logical Reasoning and Analytical Skills","CDU Batch-1 - S-009","Company Specific MCQs - Blood relations","2026-06-23","25","60","41.7"
"Logical Reasoning and Analytical Skills","CDU Batch-1 - S-009","Company Specific MCQs - Data Arrangements","2026-06-23","23","60","38.3"
"Logical Reasoning and Analytical Skills","CDU Batch-1 - S-009","Blood Relations 2 Daily Practice","2026-06-22","20","60","33.3"
"Logical Reasoning and Analytical Skills","CDU Batch-1 - S-009","Company Specific Session - Arrangements & Blood relations","2026-06-20","42","60","70"
"Logical Reasoning and Analytical Skills","CDU Batch-1 - S-009","Company Specific Session - Arrangements & Blood relations","2026-06-19","33","60","55"
"Logical Reasoning and Analytical Skills","CDU Batch-1 - S-009","Blood Relations 1 Daily Practice","2026-06-18","37","60","61.7"
"Logical Reasoning and Analytical Skills","CDU Batch-1 - S-009","Blood Relations 2","2026-06-18","38","60","63.3"
"Logical Reasoning and Analytical Skills","CDU Batch-1 - S-009","Blood Relations 2","2026-06-17","35","60","58.3"
"Logical Reasoning and Analytical Skills","CDU Batch-1 - S-009","Blood Relations 1","2026-06-16","31","60","51.7"
"Logical Reasoning and Analytical Skills","CDU Batch-1 - S-009","Circular Arrangements","2026-06-15","30","60","50"
"Logical Reasoning and Analytical Skills","CDU Batch-1 - S-009","Circular Arrangements Daily Practice","2026-06-15","24","60","40"
"Logical Reasoning and Analytical Skills","CDU Batch-1 - S-009","Linear Arrangements Daily Practice","2026-06-13","16","60","26.7"
"Logical Reasoning and Analytical Skills","CDU Batch-1 - S-009","Linear Arrangements","2026-06-12","27","60","45"
"Logical Reasoning and Analytical Skills","CDU Batch-1 - S-009","Introduction","2026-06-11","8","60","13.3"
"Logical Reasoning and Analytical Skills","CDU Batch-1 - S-010","Visual Reasoning Daily Practice","2026-07-31","35","70","50"
"Logical Reasoning and Analytical Skills","CDU Batch-1 - S-010","Visual Reasoning","2026-07-30","52","70","74.3"
"Logical Reasoning and Analytical Skills","CDU Batch-1 - S-010","Counting Figures Daily Practice","2026-07-28","49","70","70"
"Logical Reasoning and Analytical Skills","CDU Batch-1 - S-010","Company Specific MCQs - Data Sufficiency","2026-07-27","54","70","77.1"
"Logical Reasoning and Analytical Skills","CDU Batch-1 - S-010","Counting Figures","2026-07-27","34","70","48.6"
"Logical Reasoning and Analytical Skills","CDU Batch-1 - S-010","Company Specific MCQs - Puzzles","2026-07-23","44","70","62.9"
"Logical Reasoning and Analytical Skills","CDU Batch-1 - S-010","Company Specific Session - Puzzles & Data Sufficiency","2026-07-22","50","70","71.4"
"Logical Reasoning and Analytical Skills","CDU Batch-1 - S-010","Data Sufficiency Daily Practice","2026-07-20","38","70","54.3"
"Logical Reasoning and Analytical Skills","CDU Batch-1 - S-010","Data Sufficiency","2026-07-18","42","70","60"
"Logical Reasoning and Analytical Skills","CDU Batch-1 - S-010","Puzzles","2026-07-16","58","70","82.9"
"Logical Reasoning and Analytical Skills","CDU Batch-1 - S-010","Puzzles Daily Practice","2026-07-16","55","70","78.6"
"Logical Reasoning and Analytical Skills","CDU Batch-1 - S-010","Quiz - Venn Diagrams and Syllogisms","2026-07-16","52","70","74.3"
"Logical Reasoning and Analytical Skills","CDU Batch-1 - S-010","Company Specific MCQs - Cubes","2026-07-15","56","70","80"
"Logical Reasoning and Analytical Skills","CDU Batch-1 - S-010","Company Specific MCQs - Syllogisms","2026-07-14","59","70","84.3"
"Logical Reasoning and Analytical Skills","CDU Batch-1 - S-010","Company Specific MCQs - Venn Diagrams","2026-07-13","53","70","75.7"
"Logical Reasoning and Analytical Skills","CDU Batch-1 - S-010","Company Specific Session - Venn Diagrams, Syllogisms, Cubes","2026-07-11","45","70","64.3"
"Logical Reasoning and Analytical Skills","CDU Batch-1 - S-010","Cubes Daily Practice","2026-07-09","0","70","0"
"Logical Reasoning and Analytical Skills","CDU Batch-1 - S-010","Quiz - Data Arrangements and Blood relations","2026-07-08","54","70","77.1"
"Logical Reasoning and Analytical Skills","CDU Batch-1 - S-010","Cubes","2026-07-07","102","140","72.9"
"Logical Reasoning and Analytical Skills","CDU Batch-1 - S-010","Syllogisms 2 Daily Practice","2026-07-06","50","70","71.4"
"Logical Reasoning and Analytical Skills","CDU Batch-1 - S-010","Syllogisms 2","2026-07-03","43","70","61.4"
"Logical Reasoning and Analytical Skills","CDU Batch-1 - S-010","Syllogisms 1 Daily Practice","2026-07-02","38","70","54.3"
"Logical Reasoning and Analytical Skills","CDU Batch-1 - S-010","Syllogisms 2","2026-07-02","51","70","72.9"
"Logical Reasoning and Analytical Skills","CDU Batch-1 - S-010","Venn Diagrams Daily Practice","2026-06-27","42","70","60"
"Logical Reasoning and Analytical Skills","CDU Batch-1 - S-010","Syllogisms 1","2026-06-25","59","70","84.3"
"Logical Reasoning and Analytical Skills","CDU Batch-1 - S-010","Blood Relations 2 Daily Practice","2026-06-24","55","70","78.6"
"Logical Reasoning and Analytical Skills","CDU Batch-1 - S-010","Company Specific MCQs - Blood relations","2026-06-23","52","70","74.3"
"Logical Reasoning and Analytical Skills","CDU Batch-1 - S-010","Venn Diagrams","2026-06-23","55","70","78.6"
"Logical Reasoning and Analytical Skills","CDU Batch-1 - S-010","Company Specific MCQs - Data Arrangements","2026-06-22","48","70","68.6"
"Logical Reasoning and Analytical Skills","CDU Batch-1 - S-010","Company Specific Session - Arrangements & Blood relations","2026-06-22","35","70","50"
"Logical Reasoning and Analytical Skills","CDU Batch-1 - S-010","Blood Relations 1 Daily Practice","2026-06-19","53","70","75.7"
"Logical Reasoning and Analytical Skills","CDU Batch-1 - S-010","Circular Arrangements Daily Practice","2026-06-19","48","70","68.6"
"Logical Reasoning and Analytical Skills","CDU Batch-1 - S-010","Blood Relations 2","2026-06-18","45","70","64.3"
"Logical Reasoning and Analytical Skills","CDU Batch-1 - S-010","Blood Relations 1","2026-06-17","42","70","60"
"Logical Reasoning and Analytical Skills","CDU Batch-1 - S-010","Circular Arrangements","2026-06-16","43","70","61.4"
"Logical Reasoning and Analytical Skills","CDU Batch-1 - S-010","Linear Arrangements Daily Practice","2026-06-13","10","70","14.3"
"Logical Reasoning and Analytical Skills","CDU Batch-1 - S-010","Linear Arrangements","2026-06-12","9","70","12.9"
"Logical Reasoning and Analytical Skills","CDU Batch-1 - S-010","Introduction","2026-06-11","2","70","2.9"
"Logical Reasoning and Analytical Skills","CDU Batch-1 - S-011","Visual Reasoning Daily Practice","2026-08-04","42","51","82.4"
"Logical Reasoning and Analytical Skills","CDU Batch-1 - S-011","Visual Reasoning","2026-08-03","35","51","68.6"
"Logical Reasoning and Analytical Skills","CDU Batch-1 - S-011","Counting Figures Daily Practice","2026-07-31","36","51","70.6"
"Logical Reasoning and Analytical Skills","CDU Batch-1 - S-011","Counting Figures","2026-07-29","41","51","80.4"
"Logical Reasoning and Analytical Skills","CDU Batch-1 - S-011","Company Specific MCQs - Puzzles","2026-07-28","41","51","80.4"
"Logical Reasoning and Analytical Skills","CDU Batch-1 - S-011","Company Specific MCQs - Data Sufficiency","2026-07-27","41","51","80.4"
"Logical Reasoning and Analytical Skills","CDU Batch-1 - S-011","Company Specific Session - Puzzles & Data Sufficiency","2026-07-22","43","51","84.3"
"Logical Reasoning and Analytical Skills","CDU Batch-1 - S-011","Data Sufficiency Daily Practice","2026-07-21","45","51","88.2"
"Logical Reasoning and Analytical Skills","CDU Batch-1 - S-011","Data Sufficiency","2026-07-20","41","51","80.4"
"Logical Reasoning and Analytical Skills","CDU Batch-1 - S-011","Puzzles Daily Practice","2026-07-18","37","51","72.5"
"Logical Reasoning and Analytical Skills","CDU Batch-1 - S-011","Company Specific MCQs - Cubes","2026-07-17","36","51","70.6"
"Logical Reasoning and Analytical Skills","CDU Batch-1 - S-011","Puzzles","2026-07-17","41","51","80.4"
"Logical Reasoning and Analytical Skills","CDU Batch-1 - S-011","Company Specific MCQs - Cubes","2026-07-16","38","51","74.5"
"Logical Reasoning and Analytical Skills","CDU Batch-1 - S-011","Quiz - Venn Diagrams and Syllogisms","2026-07-16","43","51","84.3"
"Logical Reasoning and Analytical Skills","CDU Batch-1 - S-011","Company Specific MCQs - Syllogisms","2026-07-15","36","51","70.6"
"Logical Reasoning and Analytical Skills","CDU Batch-1 - S-011","Company Specific MCQs - Venn Diagrams","2026-07-14","43","51","84.3"
"Logical Reasoning and Analytical Skills","CDU Batch-1 - S-011","Company Specific Session - Venn Diagrams, Syllogisms, Cubes","2026-07-13","32","51","62.7"
"Logical Reasoning and Analytical Skills","CDU Batch-1 - S-011","Cubes Daily Practice","2026-07-11","33","51","64.7"
"Logical Reasoning and Analytical Skills","CDU Batch-1 - S-011","Cubes","2026-07-09","43","51","84.3"
"Logical Reasoning and Analytical Skills","CDU Batch-1 - S-011","Cubes","2026-07-08","47","51","92.2"
"Logical Reasoning and Analytical Skills","CDU Batch-1 - S-011","Quiz - Data Arrangements and Blood relations","2026-07-08","45","51","88.2"
"Logical Reasoning and Analytical Skills","CDU Batch-1 - S-011","Syllogisms 2","2026-07-03","42","51","82.4"
"Logical Reasoning and Analytical Skills","CDU Batch-1 - S-011","Syllogisms 2 Daily Practice","2026-07-03","44","51","86.3"
"Logical Reasoning and Analytical Skills","CDU Batch-1 - S-011","Syllogisms 2","2026-07-02","2","51","3.9"
"Logical Reasoning and Analytical Skills","CDU Batch-1 - S-011","Syllogisms 2","2026-07-01","30","51","58.8"
"Logical Reasoning and Analytical Skills","CDU Batch-1 - S-011","Syllogisms 1 Daily Practice","2026-06-29","43","51","84.3"
"Logical Reasoning and Analytical Skills","CDU Batch-1 - S-011","Syllogisms 1","2026-06-25","30","51","58.8"
"Logical Reasoning and Analytical Skills","CDU Batch-1 - S-011","Venn Diagrams Daily Practice","2026-06-24","41","51","80.4"
"Logical Reasoning and Analytical Skills","CDU Batch-1 - S-011","Company Specific MCQs - Data Arrangements","2026-06-23","39","51","76.5"
"Logical Reasoning and Analytical Skills","CDU Batch-1 - S-011","Venn Diagrams","2026-06-23","37","51","72.5"
"Logical Reasoning and Analytical Skills","CDU Batch-1 - S-011","Blood Relations 2 Daily Practice","2026-06-22","30","51","58.8"
"Logical Reasoning and Analytical Skills","CDU Batch-1 - S-011","Circular Arrangements Daily Practice","2026-06-22","83","102","81.4"
"Logical Reasoning and Analytical Skills","CDU Batch-1 - S-011","Company Specific Session - Arrangements & Blood relations","2026-06-19","37","51","72.5"
"Logical Reasoning and Analytical Skills","CDU Batch-1 - S-011","Blood Relations 1 Daily Practice","2026-06-18","37","51","72.5"
"Logical Reasoning and Analytical Skills","CDU Batch-1 - S-011","Blood Relations 2","2026-06-18","36","51","70.6"
"Logical Reasoning and Analytical Skills","CDU Batch-1 - S-011","Circular Arrangements","2026-06-17","30","51","58.8"
"Logical Reasoning and Analytical Skills","CDU Batch-1 - S-011","Blood Relations 1","2026-06-16","36","51","70.6"
"Logical Reasoning and Analytical Skills","CDU Batch-1 - S-011","Blood Relations 1 Daily Practice","2026-06-16","36","51","70.6"
"Logical Reasoning and Analytical Skills","CDU Batch-1 - S-011","Circular Arrangements","2026-06-15","30","51","58.8"
"Logical Reasoning and Analytical Skills","CDU Batch-1 - S-011","Circular Arrangements Daily Practice","2026-06-15","32","51","62.7"
"Logical Reasoning and Analytical Skills","CDU Batch-1 - S-011","Linear Arrangements Daily Practice","2026-06-13","20","51","39.2"
"Logical Reasoning and Analytical Skills","CDU Batch-1 - S-011","Linear Arrangements","2026-06-12","16","51","31.4"
"Logical Reasoning and Analytical Skills","CDU Batch-1 - S-011","Linear Arrangements Daily Practice","2026-06-12","16","51","31.4"
"Logical Reasoning and Analytical Skills","CDU Batch-1 - S-011","Introduction","2026-06-11","0","51","0"
"Logical Reasoning and Analytical Skills","CDU Batch-1 - S-012","Visual Reasoning Daily Practice","2026-08-04","42","60","70"
"Logical Reasoning and Analytical Skills","CDU Batch-1 - S-012","Counting Figures Daily Practice","2026-08-03","36","60","60"
"Logical Reasoning and Analytical Skills","CDU Batch-1 - S-012","Visual Reasoning","2026-08-03","42","60","70"
"Logical Reasoning and Analytical Skills","CDU Batch-1 - S-012","Counting Figures","2026-08-01","29","60","48.3"
"Logical Reasoning and Analytical Skills","CDU Batch-1 - S-012","Company Specific MCQs - Data Sufficiency","2026-07-28","41","60","68.3"
"Logical Reasoning and Analytical Skills","CDU Batch-1 - S-012","Company Specific MCQs - Puzzles","2026-07-23","44","60","73.3"
"Logical Reasoning and Analytical Skills","CDU Batch-1 - S-012","Company Specific Session - Puzzles & Data Sufficiency","2026-07-22","46","60","76.7"
"Logical Reasoning and Analytical Skills","CDU Batch-1 - S-012","Data Sufficiency Daily Practice","2026-07-21","40","60","66.7"
"Logical Reasoning and Analytical Skills","CDU Batch-1 - S-012","Data Sufficiency","2026-07-20","44","60","73.3"
"Logical Reasoning and Analytical Skills","CDU Batch-1 - S-012","Puzzles","2026-07-18","28","60","46.7"
"Logical Reasoning and Analytical Skills","CDU Batch-1 - S-012","Puzzles Daily Practice","2026-07-18","28","60","46.7"
"Logical Reasoning and Analytical Skills","CDU Batch-1 - S-012","Company Specific MCQs - Cubes","2026-07-17","33","60","55"
"Logical Reasoning and Analytical Skills","CDU Batch-1 - S-012","Company Specific MCQs - Cubes","2026-07-16","55","60","91.7"
"Logical Reasoning and Analytical Skills","CDU Batch-1 - S-012","Quiz - Venn Diagrams and Syllogisms","2026-07-16","48","60","80"
"Logical Reasoning and Analytical Skills","CDU Batch-1 - S-012","Company Specific MCQs - Syllogisms","2026-07-15","49","60","81.7"
"Logical Reasoning and Analytical Skills","CDU Batch-1 - S-012","Company Specific MCQs - Data Arrangements","2026-07-14","49","60","81.7"
"Logical Reasoning and Analytical Skills","CDU Batch-1 - S-012","Company Specific MCQs - Venn Diagrams","2026-07-13","49","60","81.7"
"Logical Reasoning and Analytical Skills","CDU Batch-1 - S-012","Company Specific Session - Venn Diagrams, Syllogisms, Cubes","2026-07-13","43","60","71.7"
"Logical Reasoning and Analytical Skills","CDU Batch-1 - S-012","Cubes Daily Practice","2026-07-11","40","60","66.7"
"Logical Reasoning and Analytical Skills","CDU Batch-1 - S-012","Cubes","2026-07-09","0","60","0"
"Logical Reasoning and Analytical Skills","CDU Batch-1 - S-012","Quiz - Data Arrangements and Blood relations","2026-07-08","45","60","75"
"Logical Reasoning and Analytical Skills","CDU Batch-1 - S-012","Cubes","2026-07-07","36","60","60"
"Logical Reasoning and Analytical Skills","CDU Batch-1 - S-012","Syllogisms 2 Daily Practice","2026-07-06","45","60","75"
"Logical Reasoning and Analytical Skills","CDU Batch-1 - S-012","Syllogisms 2","2026-07-03","24","60","40"
"Logical Reasoning and Analytical Skills","CDU Batch-1 - S-012","Syllogisms 2","2026-07-02","43","60","71.7"
"Logical Reasoning and Analytical Skills","CDU Batch-1 - S-012","Syllogisms 2","2026-07-01","0","60","0"
"Logical Reasoning and Analytical Skills","CDU Batch-1 - S-012","Syllogisms 1 Daily Practice","2026-06-29","49","60","81.7"
"Logical Reasoning and Analytical Skills","CDU Batch-1 - S-012","Syllogisms 1","2026-06-25","48","60","80"
"Logical Reasoning and Analytical Skills","CDU Batch-1 - S-012","Venn Diagrams Daily Practice","2026-06-24","37","60","61.7"
"Logical Reasoning and Analytical Skills","CDU Batch-1 - S-012","Venn Diagrams","2026-06-23","42","60","70"
"Logical Reasoning and Analytical Skills","CDU Batch-1 - S-012","Company Specific MCQs - Blood relations","2026-06-20","38","60","63.3"
"Logical Reasoning and Analytical Skills","CDU Batch-1 - S-012","Company Specific Session - Arrangements & Blood relations","2026-06-20","37","60","61.7"
"Logical Reasoning and Analytical Skills","CDU Batch-1 - S-012","Blood Relations 1 Daily Practice","2026-06-19","32","60","53.3"
"Logical Reasoning and Analytical Skills","CDU Batch-1 - S-012","Blood Relations 2 Daily Practice","2026-06-19","35","60","58.3"
"Logical Reasoning and Analytical Skills","CDU Batch-1 - S-012","Blood Relations 2","2026-06-18","31","60","51.7"
"Logical Reasoning and Analytical Skills","CDU Batch-1 - S-012","Blood Relations 1","2026-06-17","30","60","50"
"Logical Reasoning and Analytical Skills","CDU Batch-1 - S-012","Circular Arrangements Daily Practice","2026-06-16","17","60","28.3"
"Logical Reasoning and Analytical Skills","CDU Batch-1 - S-012","Circular Arrangements","2026-06-15","9","60","15"
"Logical Reasoning and Analytical Skills","CDU Batch-1 - S-012","Linear Arrangements Daily Practice","2026-06-13","1","60","1.7"
"Logical Reasoning and Analytical Skills","CDU Batch-1 - S-012","Linear Arrangements","2026-06-12","0","60","0"
"Logical Reasoning and Analytical Skills","CDU Batch-1 - S-012","Linear Arrangements Daily Practice","2026-06-12","0","60","0"
"Logical Reasoning and Analytical Skills","CDU Batch-1 - S-012","Introduction","2026-06-11","0","60","0"
"Logical Reasoning and Analytical Skills","CDU Batch-1 - S-013","Visual Reasoning Daily Practice","2026-08-04","47","60","78.3"
"Logical Reasoning and Analytical Skills","CDU Batch-1 - S-013","Company Specific MCQs - Data Sufficiency","2026-08-03","46","60","76.7"
"Logical Reasoning and Analytical Skills","CDU Batch-1 - S-013","Visual Reasoning","2026-08-03","46","60","76.7"
"Logical Reasoning and Analytical Skills","CDU Batch-1 - S-013","Counting Figures Daily Practice","2026-07-31","41","60","68.3"
"Logical Reasoning and Analytical Skills","CDU Batch-1 - S-013","Counting Figures Daily Practice","2026-07-29","48","60","80"
"Logical Reasoning and Analytical Skills","CDU Batch-1 - S-013","Counting Figures","2026-07-28","38","60","63.3"
"Logical Reasoning and Analytical Skills","CDU Batch-1 - S-013","Company Specific MCQs - Puzzles","2026-07-27","46","60","76.7"
"Logical Reasoning and Analytical Skills","CDU Batch-1 - S-013","Company Specific Session - Puzzles & Data Sufficiency","2026-07-23","55","60","91.7"
"Logical Reasoning and Analytical Skills","CDU Batch-1 - S-013","Data Sufficiency Daily Practice","2026-07-22","56","60","93.3"
"Logical Reasoning and Analytical Skills","CDU Batch-1 - S-013","Data Sufficiency","2026-07-21","57","60","95"
"Logical Reasoning and Analytical Skills","CDU Batch-1 - S-013","Puzzles","2026-07-20","50","60","83.3"
"Logical Reasoning and Analytical Skills","CDU Batch-1 - S-013","Puzzles Daily Practice","2026-07-20","51","60","85"
"Logical Reasoning and Analytical Skills","CDU Batch-1 - S-013","Company Specific MCQs - Cubes","2026-07-17","54","60","90"
"Logical Reasoning and Analytical Skills","CDU Batch-1 - S-013","Company Specific MCQs - Cubes","2026-07-16","53","60","88.3"
"Logical Reasoning and Analytical Skills","CDU Batch-1 - S-013","Quiz - Venn Diagrams and Syllogisms","2026-07-16","47","60","78.3"
"Logical Reasoning and Analytical Skills","CDU Batch-1 - S-013","Company Specific MCQs - Blood relations","2026-07-15","46","60","76.7"
"Logical Reasoning and Analytical Skills","CDU Batch-1 - S-013","Company Specific MCQs - Venn Diagrams","2026-07-14","26","60","43.3"
"Logical Reasoning and Analytical Skills","CDU Batch-1 - S-013","Company Specific Session - Venn Diagrams, Syllogisms, Cubes","2026-07-14","52","60","86.7"
"Logical Reasoning and Analytical Skills","CDU Batch-1 - S-013","Cubes Daily Practice","2026-07-09","0","60","0"
"Logical Reasoning and Analytical Skills","CDU Batch-1 - S-013","Quiz - Data Arrangements and Blood relations","2026-07-08","50","60","83.3"
"Logical Reasoning and Analytical Skills","CDU Batch-1 - S-013","Cubes","2026-07-07","43","60","71.7"
"Logical Reasoning and Analytical Skills","CDU Batch-1 - S-013","Syllogisms 2 Daily Practice","2026-07-06","18","60","30"
"Logical Reasoning and Analytical Skills","CDU Batch-1 - S-013","Syllogisms 1 Daily Practice","2026-06-29","41","60","68.3"
"Logical Reasoning and Analytical Skills","CDU Batch-1 - S-013","Syllogisms 2","2026-06-29","39","60","65"
"Logical Reasoning and Analytical Skills","CDU Batch-1 - S-013","Syllogisms 1","2026-06-27","40","60","66.7"
"Logical Reasoning and Analytical Skills","CDU Batch-1 - S-013","Venn Diagrams Daily Practice","2026-06-25","35","60","58.3"
"Logical Reasoning and Analytical Skills","CDU Batch-1 - S-013","Venn Diagrams","2026-06-24","33","60","55"
"Logical Reasoning and Analytical Skills","CDU Batch-1 - S-013","Venn Diagrams","2026-06-23","37","60","61.7"
"Logical Reasoning and Analytical Skills","CDU Batch-1 - S-013","Company Specific MCQs - Data Arrangements","2026-06-19","50","60","83.3"
"Logical Reasoning and Analytical Skills","CDU Batch-1 - S-013","Company Specific Session - Arrangements & Blood relations","2026-06-19","49","60","81.7"
"Logical Reasoning and Analytical Skills","CDU Batch-1 - S-013","Blood Relations 2","2026-06-18","42","60","70"
"Logical Reasoning and Analytical Skills","CDU Batch-1 - S-013","Blood Relations 2 Daily Practice","2026-06-18","45","60","75"
"Logical Reasoning and Analytical Skills","CDU Batch-1 - S-013","Blood Relations 1 Daily Practice","2026-06-17","48","60","80"
"Logical Reasoning and Analytical Skills","CDU Batch-1 - S-013","Circular Arrangements Daily Practice","2026-06-17","46","60","76.7"
"Logical Reasoning and Analytical Skills","CDU Batch-1 - S-013","Blood Relations 1","2026-06-16","37","60","61.7"
"Logical Reasoning and Analytical Skills","CDU Batch-1 - S-013","Circular Arrangements Daily Practice","2026-06-15","21","60","35"
"Logical Reasoning and Analytical Skills","CDU Batch-1 - S-013","Linear Arrangements Daily Practice","2026-06-13","13","60","21.7"
"Logical Reasoning and Analytical Skills","CDU Batch-1 - S-013","Linear Arrangements","2026-06-12","14","60","23.3"
"Logical Reasoning and Analytical Skills","CDU Batch-1 - S-013","Introduction","2026-06-11","0","60","0"
"Logical Reasoning and Analytical Skills","CDU Batch-1 - S-014","Visual Reasoning Daily Practice","2026-08-04","49","60","81.7"
"Logical Reasoning and Analytical Skills","CDU Batch-1 - S-014","Visual Reasoning","2026-08-01","42","60","70"
"Logical Reasoning and Analytical Skills","CDU Batch-1 - S-014","Counting Figures Daily Practice","2026-07-31","26","60","43.3"
"Logical Reasoning and Analytical Skills","CDU Batch-1 - S-014","Counting Figures","2026-07-29","45","60","75"
"Logical Reasoning and Analytical Skills","CDU Batch-1 - S-014","Company Specific MCQs - Data Sufficiency","2026-07-28","46","60","76.7"
"Logical Reasoning and Analytical Skills","CDU Batch-1 - S-014","Company Specific MCQs - Puzzles","2026-07-27","40","60","66.7"
"Logical Reasoning and Analytical Skills","CDU Batch-1 - S-014","Company Specific Session - Puzzles & Data Sufficiency","2026-07-23","48","60","80"
"Logical Reasoning and Analytical Skills","CDU Batch-1 - S-014","Data Sufficiency Daily Practice","2026-07-22","36","60","60"
"Logical Reasoning and Analytical Skills","CDU Batch-1 - S-014","Data Sufficiency","2026-07-21","51","60","85"
"Logical Reasoning and Analytical Skills","CDU Batch-1 - S-014","Puzzles Daily Practice","2026-07-20","46","60","76.7"
"Logical Reasoning and Analytical Skills","CDU Batch-1 - S-014","Puzzles","2026-07-18","51","60","85"
"Logical Reasoning and Analytical Skills","CDU Batch-1 - S-014","Company Specific MCQs - Cubes","2026-07-17","52","60","86.7"
"Logical Reasoning and Analytical Skills","CDU Batch-1 - S-014","Company Specific MCQs - Cubes","2026-07-16","49","60","81.7"
"Logical Reasoning and Analytical Skills","CDU Batch-1 - S-014","Quiz - Venn Diagrams and Syllogisms","2026-07-16","45","60","75"
"Logical Reasoning and Analytical Skills","CDU Batch-1 - S-014","Company Specific MCQs - Syllogisms","2026-07-15","40","60","66.7"
"Logical Reasoning and Analytical Skills","CDU Batch-1 - S-014","Company Specific MCQs - Venn Diagrams","2026-07-14","45","60","75"
"Logical Reasoning and Analytical Skills","CDU Batch-1 - S-014","Company Specific Session - Venn Diagrams, Syllogisms, Cubes","2026-07-13","44","60","73.3"
"Logical Reasoning and Analytical Skills","CDU Batch-1 - S-014","Cubes Daily Practice","2026-07-09","51","60","85"
"Logical Reasoning and Analytical Skills","CDU Batch-1 - S-014","Cubes","2026-07-08","18","60","30"
"Logical Reasoning and Analytical Skills","CDU Batch-1 - S-014","Quiz - Data Arrangements and Blood relations","2026-07-08","39","60","65"
"Logical Reasoning and Analytical Skills","CDU Batch-1 - S-014","Cubes","2026-07-07","42","60","70"
"Logical Reasoning and Analytical Skills","CDU Batch-1 - S-014","Syllogisms 2 Daily Practice","2026-07-03","26","60","43.3"
"Logical Reasoning and Analytical Skills","CDU Batch-1 - S-014","Syllogisms 2","2026-07-02","49","60","81.7"
"Logical Reasoning and Analytical Skills","CDU Batch-1 - S-014","Syllogisms 1 Daily Practice","2026-07-01","34","60","56.7"
"Logical Reasoning and Analytical Skills","CDU Batch-1 - S-014","Syllogisms 1","2026-06-29","39","60","65"
"Logical Reasoning and Analytical Skills","CDU Batch-1 - S-014","Syllogisms 1","2026-06-27","26","60","43.3"
"Logical Reasoning and Analytical Skills","CDU Batch-1 - S-014","Venn Diagrams Daily Practice","2026-06-27","29","60","48.3"
"Logical Reasoning and Analytical Skills","CDU Batch-1 - S-014","Venn Diagrams","2026-06-25","41","60","68.3"
"Logical Reasoning and Analytical Skills","CDU Batch-1 - S-014","Venn Diagrams","2026-06-24","39","60","65"
"Logical Reasoning and Analytical Skills","CDU Batch-1 - S-014","Company Specific MCQs - Blood relations","2026-06-22","41","60","68.3"
"Logical Reasoning and Analytical Skills","CDU Batch-1 - S-014","Company Specific MCQs - Data Arrangements","2026-06-22","41","60","68.3"
"Logical Reasoning and Analytical Skills","CDU Batch-1 - S-014","Company Specific Session - Arrangements & Blood relations","2026-06-22","4","60","6.7"
"Logical Reasoning and Analytical Skills","CDU Batch-1 - S-014","Blood Relations 2 Daily Practice","2026-06-20","34","60","56.7"
"Logical Reasoning and Analytical Skills","CDU Batch-1 - S-014","Blood Relations 1 Daily Practice","2026-06-18","46","60","76.7"
"Logical Reasoning and Analytical Skills","CDU Batch-1 - S-014","Blood Relations 2","2026-06-18","46","60","76.7"
"Logical Reasoning and Analytical Skills","CDU Batch-1 - S-014","Blood Relations 1","2026-06-17","37","60","61.7"
"Logical Reasoning and Analytical Skills","CDU Batch-1 - S-014","Circular Arrangements Daily Practice","2026-06-17","35","60","58.3"
"Logical Reasoning and Analytical Skills","CDU Batch-1 - S-014","Circular Arrangements","2026-06-16","25","60","41.7"
"Logical Reasoning and Analytical Skills","CDU Batch-1 - S-014","Circular Arrangements Daily Practice","2026-06-16","27","60","45"
"Logical Reasoning and Analytical Skills","CDU Batch-1 - S-014","Linear Arrangements","2026-06-13","9","60","15"
"Logical Reasoning and Analytical Skills","CDU Batch-1 - S-014","Linear Arrangements Daily Practice","2026-06-13","8","60","13.3"
"Logical Reasoning and Analytical Skills","CDU Batch-1 - S-014","Introduction","2026-06-12","6","60","10"
"Logical Reasoning and Analytical Skills","CDU Batch-1 - S-015","Visual Reasoning Daily Practice","2026-08-04","49","60","81.7"
"Logical Reasoning and Analytical Skills","CDU Batch-1 - S-015","Visual Reasoning","2026-08-01","48","60","80"
"Logical Reasoning and Analytical Skills","CDU Batch-1 - S-015","Counting Figures Daily Practice","2026-07-31","52","60","86.7"
"Logical Reasoning and Analytical Skills","CDU Batch-1 - S-015","Counting Figures","2026-07-29","49","60","81.7"
"Logical Reasoning and Analytical Skills","CDU Batch-1 - S-015","Company Specific MCQs - Data Sufficiency","2026-07-28","50","60","83.3"
"Logical Reasoning and Analytical Skills","CDU Batch-1 - S-015","Company Specific MCQs - Puzzles","2026-07-27","49","60","81.7"
"Logical Reasoning and Analytical Skills","CDU Batch-1 - S-015","Company Specific Session - Puzzles & Data Sufficiency","2026-07-27","54","60","90"
"Logical Reasoning and Analytical Skills","CDU Batch-1 - S-015","Data Sufficiency","2026-07-23","52","60","86.7"
"Logical Reasoning and Analytical Skills","CDU Batch-1 - S-015","Data Sufficiency Daily Practice","2026-07-23","53","60","88.3"
"Logical Reasoning and Analytical Skills","CDU Batch-1 - S-015","Puzzles Daily Practice","2026-07-22","51","60","85"
"Logical Reasoning and Analytical Skills","CDU Batch-1 - S-015","Puzzles","2026-07-21","51","60","85"
"Logical Reasoning and Analytical Skills","CDU Batch-1 - S-015","Puzzles","2026-07-20","46","60","76.7"
"Logical Reasoning and Analytical Skills","CDU Batch-1 - S-015","Company Specific MCQs - Cubes","2026-07-18","32","60","53.3"
"Logical Reasoning and Analytical Skills","CDU Batch-1 - S-015","Company Specific MCQs - Syllogisms","2026-07-17","42","60","70"
"Logical Reasoning and Analytical Skills","CDU Batch-1 - S-015","Company Specific MCQs - Cubes","2026-07-16","46","60","76.7"
"Logical Reasoning and Analytical Skills","CDU Batch-1 - S-015","Company Specific MCQs - Syllogisms","2026-07-16","37","60","61.7"
"Logical Reasoning and Analytical Skills","CDU Batch-1 - S-015","Quiz - Venn Diagrams and Syllogisms","2026-07-16","47","60","78.3"
"Logical Reasoning and Analytical Skills","CDU Batch-1 - S-015","Company Specific MCQs - Venn Diagrams","2026-07-15","51","60","85"
"Logical Reasoning and Analytical Skills","CDU Batch-1 - S-015","Company Specific Session - Venn Diagrams, Syllogisms, Cubes","2026-07-13","52","60","86.7"
"Logical Reasoning and Analytical Skills","CDU Batch-1 - S-015","Quiz - Data Arrangements and Blood relations","2026-07-08","45","60","75"
"Logical Reasoning and Analytical Skills","CDU Batch-1 - S-015","Cubes","2026-07-07","44","60","73.3"
"Logical Reasoning and Analytical Skills","CDU Batch-1 - S-015","Cubes Daily Practice","2026-07-07","41","60","68.3"
"Logical Reasoning and Analytical Skills","CDU Batch-1 - S-015","Syllogisms 1 Daily Practice","2026-07-06","49","60","81.7"
"Logical Reasoning and Analytical Skills","CDU Batch-1 - S-015","Syllogisms 2","2026-07-06","50","60","83.3"
"Logical Reasoning and Analytical Skills","CDU Batch-1 - S-015","Syllogisms 2 Daily Practice","2026-07-06","28","60","46.7"
"Logical Reasoning and Analytical Skills","CDU Batch-1 - S-015","Syllogisms 1","2026-07-03","44","60","73.3"
"Logical Reasoning and Analytical Skills","CDU Batch-1 - S-015","Syllogisms 1","2026-07-02","50","60","83.3"
"Logical Reasoning and Analytical Skills","CDU Batch-1 - S-015","Venn Diagrams","2026-06-25","37","60","61.7"
"Logical Reasoning and Analytical Skills","CDU Batch-1 - S-015","Venn Diagrams Daily Practice","2026-06-25","51","60","85"
"Logical Reasoning and Analytical Skills","CDU Batch-1 - S-015","Venn Diagrams","2026-06-24","48","60","80"
"Logical Reasoning and Analytical Skills","CDU Batch-1 - S-015","Company Specific MCQs - Blood relations","2026-06-23","46","60","76.7"
"Logical Reasoning and Analytical Skills","CDU Batch-1 - S-015","Company Specific MCQs - Data Arrangements","2026-06-23","46","60","76.7"
"Logical Reasoning and Analytical Skills","CDU Batch-1 - S-015","Blood Relations 2 Daily Practice","2026-06-22","51","60","85"
"Logical Reasoning and Analytical Skills","CDU Batch-1 - S-015","Company Specific Session - Arrangements & Blood relations","2026-06-20","43","60","71.7"
"Logical Reasoning and Analytical Skills","CDU Batch-1 - S-015","Blood Relations 2","2026-06-19","46","60","76.7"
"Logical Reasoning and Analytical Skills","CDU Batch-1 - S-015","Blood Relations 2 Daily Practice","2026-06-19","47","60","78.3"
"Logical Reasoning and Analytical Skills","CDU Batch-1 - S-015","Circular Arrangements Daily Practice","2026-06-17","17","60","28.3"
"Logical Reasoning and Analytical Skills","CDU Batch-1 - S-015","Blood Relations 1","2026-06-16","10","60","16.7"
"Logical Reasoning and Analytical Skills","CDU Batch-1 - S-015","Linear Arrangements","2026-06-13","7","60","11.7"
"Logical Reasoning and Analytical Skills","CDU Batch-1 - S-015","Linear Arrangements Daily Practice","2026-06-13","7","60","11.7"
"Logical Reasoning and Analytical Skills","CDU Batch-1 - S-015","Introduction","2026-06-11","0","60","0"
"Logical Reasoning and Analytical Skills","CDU Batch-1 - S-016","Visual Reasoning Daily Practice","2026-08-01","30","76","39.5"
"Logical Reasoning and Analytical Skills","CDU Batch-1 - S-016","Counting Figures Daily Practice","2026-07-30","58","76","76.3"
"Logical Reasoning and Analytical Skills","CDU Batch-1 - S-016","Visual Reasoning","2026-07-30","57","76","75"
"Logical Reasoning and Analytical Skills","CDU Batch-1 - S-016","Counting Figures","2026-07-29","55","76","72.4"
"Logical Reasoning and Analytical Skills","CDU Batch-1 - S-016","Company Specific MCQs - Data Sufficiency","2026-07-28","54","76","71.1"
"Logical Reasoning and Analytical Skills","CDU Batch-1 - S-016","Company Specific MCQs - Puzzles","2026-07-27","60","76","78.9"
"Logical Reasoning and Analytical Skills","CDU Batch-1 - S-016","Company Specific Session - Puzzles & Data Sufficiency","2026-07-23","54","76","71.1"
"Logical Reasoning and Analytical Skills","CDU Batch-1 - S-016","Data Sufficiency Daily Practice","2026-07-21","62","76","81.6"
"Logical Reasoning and Analytical Skills","CDU Batch-1 - S-016","Data Sufficiency","2026-07-20","48","76","63.2"
"Logical Reasoning and Analytical Skills","CDU Batch-1 - S-016","Puzzles","2026-07-18","51","76","67.1"
"Logical Reasoning and Analytical Skills","CDU Batch-1 - S-016","Puzzles Daily Practice","2026-07-18","37","76","48.7"
"Logical Reasoning and Analytical Skills","CDU Batch-1 - S-016","Puzzles","2026-07-17","55","76","72.4"
"Logical Reasoning and Analytical Skills","CDU Batch-1 - S-016","Quiz - Venn Diagrams and Syllogisms","2026-07-16","58","76","76.3"
"Logical Reasoning and Analytical Skills","CDU Batch-1 - S-016","Company Specific MCQs - Cubes","2026-07-15","62","76","81.6"
"Logical Reasoning and Analytical Skills","CDU Batch-1 - S-016","Company Specific MCQs - Syllogisms","2026-07-14","57","76","75"
"Logical Reasoning and Analytical Skills","CDU Batch-1 - S-016","Company Specific MCQs - Venn Diagrams","2026-07-13","63","76","82.9"
"Logical Reasoning and Analytical Skills","CDU Batch-1 - S-016","Company Specific Session - Venn Diagrams, Syllogisms, Cubes","2026-07-11","33","76","43.4"
"Logical Reasoning and Analytical Skills","CDU Batch-1 - S-016","Cubes","2026-07-08","69","76","90.8"
"Logical Reasoning and Analytical Skills","CDU Batch-1 - S-016","Cubes Daily Practice","2026-07-08","59","76","77.6"
"Logical Reasoning and Analytical Skills","CDU Batch-1 - S-016","Quiz - Data Arrangements and Blood relations","2026-07-08","59","76","77.6"
"Logical Reasoning and Analytical Skills","CDU Batch-1 - S-016","Cubes","2026-07-06","59","76","77.6"
"Logical Reasoning and Analytical Skills","CDU Batch-1 - S-016","Syllogisms 2 Daily Practice","2026-07-03","54","76","71.1"
"Logical Reasoning and Analytical Skills","CDU Batch-1 - S-016","Syllogisms 1 Daily Practice","2026-07-02","57","76","75"
"Logical Reasoning and Analytical Skills","CDU Batch-1 - S-016","Syllogisms 2","2026-06-29","120","152","78.9"
"Logical Reasoning and Analytical Skills","CDU Batch-1 - S-016","Syllogisms 1","2026-06-27","44","76","57.9"
"Logical Reasoning and Analytical Skills","CDU Batch-1 - S-016","Venn Diagrams Daily Practice","2026-06-25","43","76","56.6"
"Logical Reasoning and Analytical Skills","CDU Batch-1 - S-016","Venn Diagrams","2026-06-24","55","76","72.4"
"Logical Reasoning and Analytical Skills","CDU Batch-1 - S-016","Venn Diagrams Daily Practice","2026-06-24","54","76","71.1"
"Logical Reasoning and Analytical Skills","CDU Batch-1 - S-016","Company Specific MCQs - Data Arrangements","2026-06-23","38","76","50"
"Logical Reasoning and Analytical Skills","CDU Batch-1 - S-016","Company Specific Session - Arrangements & Blood relations","2026-06-23","35","76","46.1"
"Logical Reasoning and Analytical Skills","CDU Batch-1 - S-016","Company Specific MCQs - Blood relations","2026-06-22","6","76","7.9"
"Logical Reasoning and Analytical Skills","CDU Batch-1 - S-016","Company Specific MCQs - Data Arrangements","2026-06-22","6","76","7.9"
"Logical Reasoning and Analytical Skills","CDU Batch-1 - S-016","Company Specific Session - Arrangements & Blood relations","2026-06-22","39","76","51.3"
"Logical Reasoning and Analytical Skills","CDU Batch-1 - S-016","Blood Relations 2 Daily Practice","2026-06-20","39","76","51.3"
"Logical Reasoning and Analytical Skills","CDU Batch-1 - S-016","Blood Relations 2","2026-06-19","37","76","48.7"
"Logical Reasoning and Analytical Skills","CDU Batch-1 - S-016","Blood Relations 1","2026-06-18","20","76","26.3"
"Logical Reasoning and Analytical Skills","CDU Batch-1 - S-016","Blood Relations 1 Daily Practice","2026-06-18","20","76","26.3"
"Logical Reasoning and Analytical Skills","CDU Batch-1 - S-016","Circular Arrangements","2026-06-17","6","76","7.9"
"Logical Reasoning and Analytical Skills","CDU Batch-1 - S-016","Blood Relations 1","2026-06-16","4","76","5.3"
"Logical Reasoning and Analytical Skills","CDU Batch-1 - S-016","Circular Arrangements Daily Practice","2026-06-16","4","76","5.3"
"Logical Reasoning and Analytical Skills","CDU Batch-1 - S-016","Linear Arrangements Daily Practice","2026-06-13","8","76","10.5"
"Logical Reasoning and Analytical Skills","CDU Batch-1 - S-016","Linear Arrangements","2026-06-12","8","76","10.5"
"Logical Reasoning and Analytical Skills","CDU Batch-1 - S-016","Introduction","2026-06-11","0","76","0"
"Logical Reasoning and Analytical Skills","CDU Batch-1 - S-017","Visual Reasoning Daily Practice","2026-07-31","40","60","66.7"
"Logical Reasoning and Analytical Skills","CDU Batch-1 - S-017","Visual Reasoning","2026-07-30","45","60","75"
"Logical Reasoning and Analytical Skills","CDU Batch-1 - S-017","Counting Figures Daily Practice","2026-07-29","33","60","55"
"Logical Reasoning and Analytical Skills","CDU Batch-1 - S-017","Counting Figures","2026-07-28","43","60","71.7"
"Logical Reasoning and Analytical Skills","CDU Batch-1 - S-017","Company Specific MCQs - Data Sufficiency","2026-07-27","46","60","76.7"
"Logical Reasoning and Analytical Skills","CDU Batch-1 - S-017","Company Specific MCQs - Puzzles","2026-07-23","45","60","75"
"Logical Reasoning and Analytical Skills","CDU Batch-1 - S-017","Company Specific Session - Puzzles & Data Sufficiency","2026-07-22","47","60","78.3"
"Logical Reasoning and Analytical Skills","CDU Batch-1 - S-017","Data Sufficiency Daily Practice","2026-07-21","48","60","80"
"Logical Reasoning and Analytical Skills","CDU Batch-1 - S-017","Data Sufficiency","2026-07-20","23","60","38.3"
"Logical Reasoning and Analytical Skills","CDU Batch-1 - S-017","Puzzles Daily Practice","2026-07-17","42","60","70"
"Logical Reasoning and Analytical Skills","CDU Batch-1 - S-017","Puzzles","2026-07-16","42","60","70"
"Logical Reasoning and Analytical Skills","CDU Batch-1 - S-017","Quiz - Venn Diagrams and Syllogisms","2026-07-16","49","60","81.7"
"Logical Reasoning and Analytical Skills","CDU Batch-1 - S-017","Puzzles","2026-07-15","46","60","76.7"
"Logical Reasoning and Analytical Skills","CDU Batch-1 - S-017","Company Specific MCQs - Syllogisms","2026-07-14","43","60","71.7"
"Logical Reasoning and Analytical Skills","CDU Batch-1 - S-017","Company Specific MCQs - Cubes","2026-07-13","35","60","58.3"
"Logical Reasoning and Analytical Skills","CDU Batch-1 - S-017","Company Specific MCQs - Venn Diagrams","2026-07-13","46","60","76.7"
"Logical Reasoning and Analytical Skills","CDU Batch-1 - S-017","Company Specific Session - Venn Diagrams, Syllogisms, Cubes","2026-07-11","34","60","56.7"
"Logical Reasoning and Analytical Skills","CDU Batch-1 - S-017","Quiz - Data Arrangements and Blood relations","2026-07-08","34","60","56.7"
"Logical Reasoning and Analytical Skills","CDU Batch-1 - S-017","Cubes","2026-07-07","45","60","75"
"Logical Reasoning and Analytical Skills","CDU Batch-1 - S-017","Cubes","2026-07-06","33","60","55"
"Logical Reasoning and Analytical Skills","CDU Batch-1 - S-017","Cubes Daily Practice","2026-07-06","19","60","31.7"
"Logical Reasoning and Analytical Skills","CDU Batch-1 - S-017","Syllogisms 1 Daily Practice","2026-07-03","40","60","66.7"
"Logical Reasoning and Analytical Skills","CDU Batch-1 - S-017","Syllogisms 2 Daily Practice","2026-07-03","36","60","60"
"Logical Reasoning and Analytical Skills","CDU Batch-1 - S-017","Syllogisms 2","2026-06-29","39","60","65"
"Logical Reasoning and Analytical Skills","CDU Batch-1 - S-017","Syllogisms 1","2026-06-27","30","60","50"
"Logical Reasoning and Analytical Skills","CDU Batch-1 - S-017","Venn Diagrams Daily Practice","2026-06-25","47","60","78.3"
"Logical Reasoning and Analytical Skills","CDU Batch-1 - S-017","Venn Diagrams","2026-06-24","28","60","46.7"
"Logical Reasoning and Analytical Skills","CDU Batch-1 - S-017","Blood Relations 2 Daily Practice","2026-06-23","39","60","65"
"Logical Reasoning and Analytical Skills","CDU Batch-1 - S-017","Company Specific MCQs - Blood relations","2026-06-23","30","60","50"
"Logical Reasoning and Analytical Skills","CDU Batch-1 - S-017","Company Specific MCQs - Data Arrangements","2026-06-23","10","60","16.7"
"Logical Reasoning and Analytical Skills","CDU Batch-1 - S-017","Company Specific Session - Arrangements & Blood relations","2026-06-23","33","60","55"
"Logical Reasoning and Analytical Skills","CDU Batch-1 - S-017","Blood Relations 2 Daily Practice","2026-06-22","9","60","15"
"Logical Reasoning and Analytical Skills","CDU Batch-1 - S-017","Company Specific MCQs - Blood relations","2026-06-22","8","60","13.3"
"Logical Reasoning and Analytical Skills","CDU Batch-1 - S-017","Company Specific Session - Arrangements & Blood relations","2026-06-22","9","60","15"
"Logical Reasoning and Analytical Skills","CDU Batch-1 - S-017","Blood Relations 1 Daily Practice","2026-06-18","11","60","18.3"
"Logical Reasoning and Analytical Skills","CDU Batch-1 - S-017","Blood Relations 2","2026-06-18","11","60","18.3"
"Logical Reasoning and Analytical Skills","CDU Batch-1 - S-017","Circular Arrangements","2026-06-17","5","60","8.3"
"Logical Reasoning and Analytical Skills","CDU Batch-1 - S-017","Blood Relations 1","2026-06-16","2","60","3.3"
"Logical Reasoning and Analytical Skills","CDU Batch-1 - S-017","Circular Arrangements Daily Practice","2026-06-16","2","60","3.3"
"Logical Reasoning and Analytical Skills","CDU Batch-1 - S-017","Circular Arrangements Daily Practice","2026-06-15","0","60","0"
"Logical Reasoning and Analytical Skills","CDU Batch-1 - S-017","Linear Arrangements Daily Practice","2026-06-13","0","60","0"
"Logical Reasoning and Analytical Skills","CDU Batch-1 - S-017","Linear Arrangements","2026-06-12","0","60","0"
"Logical Reasoning and Analytical Skills","CDU Batch-1 - S-017","Linear Arrangements Daily Practice","2026-06-12","0","60","0"
"Logical Reasoning and Analytical Skills","CDU Batch-1 - S-017","Introduction","2026-06-11","0","60","0"
"Logical Reasoning and Analytical Skills","CDU Batch-1 - S-018","Visual Reasoning","2026-08-03","37","60","61.7"
"Logical Reasoning and Analytical Skills","CDU Batch-1 - S-018","Visual Reasoning Daily Practice","2026-08-03","40","60","66.7"
"Logical Reasoning and Analytical Skills","CDU Batch-1 - S-018","Visual Reasoning Daily Practice","2026-08-01","34","60","56.7"
"Logical Reasoning and Analytical Skills","CDU Batch-1 - S-018","Visual Reasoning","2026-07-31","33","60","55"
"Logical Reasoning and Analytical Skills","CDU Batch-1 - S-018","Counting Figures Daily Practice","2026-07-29","38","60","63.3"
"Logical Reasoning and Analytical Skills","CDU Batch-1 - S-018","Counting Figures","2026-07-28","47","60","78.3"
"Logical Reasoning and Analytical Skills","CDU Batch-1 - S-018","Company Specific MCQs - Data Sufficiency","2026-07-27","37","60","61.7"
"Logical Reasoning and Analytical Skills","CDU Batch-1 - S-018","Company Specific MCQs - Puzzles","2026-07-23","48","60","80"
"Logical Reasoning and Analytical Skills","CDU Batch-1 - S-018","Company Specific Session - Puzzles & Data Sufficiency","2026-07-22","34","60","56.7"
"Logical Reasoning and Analytical Skills","CDU Batch-1 - S-018","Data Sufficiency Daily Practice","2026-07-22","47","60","78.3"
"Logical Reasoning and Analytical Skills","CDU Batch-1 - S-018","Data Sufficiency","2026-07-21","44","60","73.3"
"Logical Reasoning and Analytical Skills","CDU Batch-1 - S-018","Puzzles Daily Practice","2026-07-18","35","60","58.3"
"Logical Reasoning and Analytical Skills","CDU Batch-1 - S-018","Puzzles","2026-07-17","47","60","78.3"
"Logical Reasoning and Analytical Skills","CDU Batch-1 - S-018","Company Specific MCQs - Cubes","2026-07-16","49","60","81.7"
"Logical Reasoning and Analytical Skills","CDU Batch-1 - S-018","Quiz - Venn Diagrams and Syllogisms","2026-07-16","42","60","70"
"Logical Reasoning and Analytical Skills","CDU Batch-1 - S-018","Company Specific MCQs - Syllogisms","2026-07-15","47","60","78.3"
"Logical Reasoning and Analytical Skills","CDU Batch-1 - S-018","Company Specific MCQs - Venn Diagrams","2026-07-14","47","60","78.3"
"Logical Reasoning and Analytical Skills","CDU Batch-1 - S-018","Company Specific Session - Venn Diagrams, Syllogisms, Cubes","2026-07-11","32","60","53.3"
"Logical Reasoning and Analytical Skills","CDU Batch-1 - S-018","Cubes Daily Practice","2026-07-09","48","60","80"
"Logical Reasoning and Analytical Skills","CDU Batch-1 - S-018","Cubes","2026-07-08","41","60","68.3"
"Logical Reasoning and Analytical Skills","CDU Batch-1 - S-018","Quiz - Data Arrangements and Blood relations","2026-07-08","38","60","63.3"
"Logical Reasoning and Analytical Skills","CDU Batch-1 - S-018","Cubes","2026-07-07","31","60","51.7"
"Logical Reasoning and Analytical Skills","CDU Batch-1 - S-018","Syllogisms 2 Daily Practice","2026-07-02","39","60","65"
"Logical Reasoning and Analytical Skills","CDU Batch-1 - S-018","Syllogisms 1 Daily Practice","2026-07-01","0","60","0"
"Logical Reasoning and Analytical Skills","CDU Batch-1 - S-018","Syllogisms 2","2026-07-01","22","60","36.7"
"Logical Reasoning and Analytical Skills","CDU Batch-1 - S-018","Venn Diagrams Daily Practice","2026-06-29","28","60","46.7"
"Logical Reasoning and Analytical Skills","CDU Batch-1 - S-018","Syllogisms 1","2026-06-27","17","60","28.3"
"Logical Reasoning and Analytical Skills","CDU Batch-1 - S-018","Company Specific MCQs - Blood relations","2026-06-25","20","60","33.3"
"Logical Reasoning and Analytical Skills","CDU Batch-1 - S-018","Company Specific MCQs - Data Arrangements","2026-06-25","18","60","30"
"Logical Reasoning and Analytical Skills","CDU Batch-1 - S-018","Venn Diagrams","2026-06-25","14","60","23.3"
"Logical Reasoning and Analytical Skills","CDU Batch-1 - S-018","Blood Relations 2 Daily Practice","2026-06-20","5","60","8.3"
"Logical Reasoning and Analytical Skills","CDU Batch-1 - S-018","Company Specific Session - Arrangements & Blood relations","2026-06-19","3","60","5"
"Logical Reasoning and Analytical Skills","CDU Batch-1 - S-018","Blood Relations 1 Daily Practice","2026-06-18","4","60","6.7"
"Logical Reasoning and Analytical Skills","CDU Batch-1 - S-018","Blood Relations 2","2026-06-18","4","60","6.7"
"Logical Reasoning and Analytical Skills","CDU Batch-1 - S-018","Circular Arrangements","2026-06-17","2","60","3.3"
"Logical Reasoning and Analytical Skills","CDU Batch-1 - S-018","Blood Relations 1","2026-06-16","3","60","5"
"Logical Reasoning and Analytical Skills","CDU Batch-1 - S-018","Circular Arrangements","2026-06-15","3","60","5"
"Logical Reasoning and Analytical Skills","CDU Batch-1 - S-018","Circular Arrangements Daily Practice","2026-06-15","1","60","1.7"
"Logical Reasoning and Analytical Skills","CDU Batch-1 - S-018","Linear Arrangements","2026-06-13","1","60","1.7"
"Logical Reasoning and Analytical Skills","CDU Batch-1 - S-018","Linear Arrangements Daily Practice","2026-06-13","1","60","1.7"
"Logical Reasoning and Analytical Skills","CDU Batch-1 - S-018","Introduction","2026-06-11","1","60","1.7"
"Logical Reasoning and Analytical Skills","CDU Batch-1 - S-019","Visual Reasoning Daily Practice","2026-08-03","24","39","61.5"
"Logical Reasoning and Analytical Skills","CDU Batch-1 - S-019","Visual Reasoning","2026-08-01","16","39","41"
"Logical Reasoning and Analytical Skills","CDU Batch-1 - S-019","Counting Figures","2026-07-29","25","39","64.1"
"Logical Reasoning and Analytical Skills","CDU Batch-1 - S-019","Company Specific MCQs - Data Sufficiency","2026-07-28","25","39","64.1"
"Logical Reasoning and Analytical Skills","CDU Batch-1 - S-019","Company Specific MCQs - Puzzles","2026-07-27","12","39","30.8"
"Logical Reasoning and Analytical Skills","CDU Batch-1 - S-019","Company Specific Session - Puzzles & Data Sufficiency","2026-07-23","21","39","53.8"
"Logical Reasoning and Analytical Skills","CDU Batch-1 - S-019","Data Sufficiency Daily Practice","2026-07-21","20","39","51.3"
"Logical Reasoning and Analytical Skills","CDU Batch-1 - S-019","Data Sufficiency","2026-07-20","21","39","53.8"
"Logical Reasoning and Analytical Skills","CDU Batch-1 - S-019","Puzzles Daily Practice","2026-07-18","18","39","46.2"
"Logical Reasoning and Analytical Skills","CDU Batch-1 - S-019","Puzzles","2026-07-17","23","39","59"
"Logical Reasoning and Analytical Skills","CDU Batch-1 - S-019","Company Specific MCQs - Cubes","2026-07-16","20","39","51.3"
"Logical Reasoning and Analytical Skills","CDU Batch-1 - S-019","Quiz - Venn Diagrams and Syllogisms","2026-07-16","16","39","41"
"Logical Reasoning and Analytical Skills","CDU Batch-1 - S-019","Company Specific MCQs - Syllogisms","2026-07-15","20","39","51.3"
"Logical Reasoning and Analytical Skills","CDU Batch-1 - S-019","Company Specific MCQs - Venn Diagrams","2026-07-14","13","39","33.3"
"Logical Reasoning and Analytical Skills","CDU Batch-1 - S-019","Company Specific Session - Venn Diagrams, Syllogisms, Cubes","2026-07-13","16","39","41"
"Logical Reasoning and Analytical Skills","CDU Batch-1 - S-019","Cubes Daily Practice","2026-07-09","11","39","28.2"
"Logical Reasoning and Analytical Skills","CDU Batch-1 - S-019","Quiz - Data Arrangements and Blood relations","2026-07-08","6","39","15.4"
"Logical Reasoning and Analytical Skills","CDU Batch-1 - S-019","Cubes","2026-07-06","2","39","5.1"
"Logical Reasoning and Analytical Skills","CDU Batch-1 - S-019","Syllogisms 2 Daily Practice","2026-07-06","2","39","5.1"
"Logical Reasoning and Analytical Skills","CDU Batch-1 - S-019","Syllogisms 2","2026-07-02","1","39","2.6"
"Logical Reasoning and Analytical Skills","CDU Batch-1 - S-019","Syllogisms 2","2026-06-29","0","39","0"
"Logical Reasoning and Analytical Skills","CDU Batch-1 - S-019","Syllogisms 1","2026-06-25","0","39","0"
"Logical Reasoning and Analytical Skills","CDU Batch-1 - S-019","Venn Diagrams","2026-06-24","0","39","0"
"Logical Reasoning and Analytical Skills","CDU Batch-1 - S-019","Venn Diagrams Daily Practice","2026-06-24","0","39","0"
"Logical Reasoning and Analytical Skills","CDU Batch-1 - S-019","Blood Relations 2 Daily Practice","2026-06-23","0","39","0"
"Logical Reasoning and Analytical Skills","CDU Batch-1 - S-019","Blood Relations 2 Daily Practice","2026-06-22","2","39","5.1"
"Logical Reasoning and Analytical Skills","CDU Batch-1 - S-019","Blood Relations 2 Daily Practice","2026-06-20","1","39","2.6"
"Logical Reasoning and Analytical Skills","CDU Batch-1 - S-019","Company Specific Session - Arrangements & Blood relations","2026-06-20","1","39","2.6"
"Logical Reasoning and Analytical Skills","CDU Batch-1 - S-019","Blood Relations 1 Daily Practice","2026-06-19","0","39","0"
"Logical Reasoning and Analytical Skills","CDU Batch-1 - S-019","Blood Relations 2","2026-06-19","0","39","0"
"Logical Reasoning and Analytical Skills","CDU Batch-1 - S-019","Blood Relations 1","2026-06-17","1","39","2.6"
"Logical Reasoning and Analytical Skills","CDU Batch-1 - S-019","Circular Arrangements","2026-06-16","0","39","0"
"Logical Reasoning and Analytical Skills","CDU Batch-1 - S-019","Circular Arrangements Daily Practice","2026-06-16","0","39","0"
"Logical Reasoning and Analytical Skills","CDU Batch-1 - S-019","Linear Arrangements","2026-06-13","0","39","0"
"Logical Reasoning and Analytical Skills","CDU Batch-1 - S-019","Linear Arrangements Daily Practice","2026-06-13","0","39","0"
"Logical Reasoning and Analytical Skills","CDU Batch-1 - S-019","Introduction","2026-06-12","2","39","5.1"
"Logical Reasoning and Analytical Skills","CDU Batch-1 - S-020","Visual Reasoning Daily Practice","2026-08-01","29","47","61.7"
"Logical Reasoning and Analytical Skills","CDU Batch-1 - S-020","Visual Reasoning","2026-07-31","28","47","59.6"
"Logical Reasoning and Analytical Skills","CDU Batch-1 - S-020","Counting Figures Daily Practice","2026-07-29","25","47","53.2"
"Logical Reasoning and Analytical Skills","CDU Batch-1 - S-020","Counting Figures","2026-07-28","33","47","70.2"
"Logical Reasoning and Analytical Skills","CDU Batch-1 - S-020","Company Specific MCQs - Data Sufficiency","2026-07-27","33","47","70.2"
"Logical Reasoning and Analytical Skills","CDU Batch-1 - S-020","Company Specific MCQs - Puzzles","2026-07-23","32","47","68.1"
"Logical Reasoning and Analytical Skills","CDU Batch-1 - S-020","Company Specific Session - Puzzles & Data Sufficiency","2026-07-22","37","47","78.7"
"Logical Reasoning and Analytical Skills","CDU Batch-1 - S-020","Data Sufficiency Daily Practice","2026-07-21","20","47","42.6"
"Logical Reasoning and Analytical Skills","CDU Batch-1 - S-020","Data Sufficiency","2026-07-20","35","47","74.5"
"Logical Reasoning and Analytical Skills","CDU Batch-1 - S-020","Puzzles Daily Practice","2026-07-18","19","47","40.4"
"Logical Reasoning and Analytical Skills","CDU Batch-1 - S-020","Puzzles","2026-07-17","57","94","60.6"
"Logical Reasoning and Analytical Skills","CDU Batch-1 - S-020","Company Specific MCQs - Cubes","2026-07-16","30","47","63.8"
"Logical Reasoning and Analytical Skills","CDU Batch-1 - S-020","Quiz - Venn Diagrams and Syllogisms","2026-07-16","25","47","53.2"
"Logical Reasoning and Analytical Skills","CDU Batch-1 - S-020","Company Specific MCQs - Syllogisms","2026-07-15","28","47","59.6"
"Logical Reasoning and Analytical Skills","CDU Batch-1 - S-020","Company Specific MCQs - Venn Diagrams","2026-07-15","31","47","66"
"Logical Reasoning and Analytical Skills","CDU Batch-1 - S-020","Company Specific Session - Venn Diagrams, Syllogisms, Cubes","2026-07-13","28","47","59.6"
"Logical Reasoning and Analytical Skills","CDU Batch-1 - S-020","Cubes Daily Practice","2026-07-09","32","47","68.1"
"Logical Reasoning and Analytical Skills","CDU Batch-1 - S-020","Cubes","2026-07-08","37","47","78.7"
"Logical Reasoning and Analytical Skills","CDU Batch-1 - S-020","Quiz - Data Arrangements and Blood relations","2026-07-08","30","47","63.8"
"Logical Reasoning and Analytical Skills","CDU Batch-1 - S-020","Cubes","2026-07-07","30","47","63.8"
"Logical Reasoning and Analytical Skills","CDU Batch-1 - S-020","Syllogisms 2 Daily Practice","2026-07-02","33","47","70.2"
"Logical Reasoning and Analytical Skills","CDU Batch-1 - S-020","Syllogisms 1 Daily Practice","2026-06-29","32","47","68.1"
"Logical Reasoning and Analytical Skills","CDU Batch-1 - S-020","Syllogisms 2","2026-06-29","30","47","63.8"
"Logical Reasoning and Analytical Skills","CDU Batch-1 - S-020","Syllogisms 1","2026-06-27","18","47","38.3"
"Logical Reasoning and Analytical Skills","CDU Batch-1 - S-020","Venn Diagrams Daily Practice","2026-06-25","16","47","34"
"Logical Reasoning and Analytical Skills","CDU Batch-1 - S-020","Venn Diagrams","2026-06-24","18","47","38.3"
"Logical Reasoning and Analytical Skills","CDU Batch-1 - S-020","Company Specific MCQs - Blood relations","2026-06-23","10","47","21.3"
"Logical Reasoning and Analytical Skills","CDU Batch-1 - S-020","Company Specific MCQs - Data Arrangements","2026-06-23","9","47","19.1"
"Logical Reasoning and Analytical Skills","CDU Batch-1 - S-020","Blood Relations 2 Daily Practice","2026-06-22","6","47","12.8"
"Logical Reasoning and Analytical Skills","CDU Batch-1 - S-020","Blood Relations 1 Daily Practice","2026-06-20","7","47","14.9"
"Logical Reasoning and Analytical Skills","CDU Batch-1 - S-020","Circular Arrangements Daily Practice","2026-06-19","12","94","12.8"
"Logical Reasoning and Analytical Skills","CDU Batch-1 - S-020","Company Specific Session - Arrangements & Blood relations","2026-06-19","6","47","12.8"
"Logical Reasoning and Analytical Skills","CDU Batch-1 - S-020","Blood Relations 2","2026-06-18","5","47","10.6"
"Logical Reasoning and Analytical Skills","CDU Batch-1 - S-020","Blood Relations 1","2026-06-17","2","47","4.3"
"Logical Reasoning and Analytical Skills","CDU Batch-1 - S-020","Circular Arrangements","2026-06-17","2","47","4.3"
"Logical Reasoning and Analytical Skills","CDU Batch-1 - S-020","Circular Arrangements","2026-06-15","2","47","4.3"
"Logical Reasoning and Analytical Skills","CDU Batch-1 - S-020","Linear Arrangements Daily Practice","2026-06-13","2","47","4.3"
"Logical Reasoning and Analytical Skills","CDU Batch-1 - S-020","Linear Arrangements","2026-06-12","2","47","4.3"
"Logical Reasoning and Analytical Skills","CDU Batch-1 - S-020","Introduction","2026-06-11","2","47","4.3"
"Back End Development","CDU Batch-1 - S-001","MCQ Practice","2026-08-20","43","64","67.2"
"Back End Development","CDU Batch-1 - S-001","Protected Routes with JWT Authentication","2026-08-20","47","64","73.4"
"Back End Development","CDU Batch-1 - S-001","MCQ Practice","2026-08-19","26","64","40.6"
"Back End Development","CDU Batch-1 - S-001","Protected Routes with JWT Authentication","2026-08-19","29","64","45.3"
"Back End Development","CDU Batch-1 - S-001","Coding Practice","2026-08-04","45","64","70.3"
"Back End Development","CDU Batch-1 - S-001","Filtering and Sorting","2026-08-03","48","64","75"
"Back End Development","CDU Batch-1 - S-001","Filtering and Sorting","2026-08-01","42","64","65.6"
"Back End Development","CDU Batch-1 - S-001","MCQ Practice","2026-08-01","42","64","65.6"
"Back End Development","CDU Batch-1 - S-001","Filtering and Sorting","2026-07-31","53","64","82.8"
"Back End Development","CDU Batch-1 - S-001","Module Quiz-2","2026-07-31","51","64","79.7"
"Back End Development","CDU Batch-1 - S-001","Implementing CRUD Operations | Part 2","2026-07-28","47","64","73.4"
"Back End Development","CDU Batch-1 - S-001","MCQ Practice","2026-07-28","42","64","65.6"
"Back End Development","CDU Batch-1 - S-001","Coding Practice","2026-07-27","49","64","76.6"
"Back End Development","CDU Batch-1 - S-001","Implementing CRUD Operations | Part 2","2026-07-27","42","64","65.6"
"Back End Development","CDU Batch-1 - S-001","Implementing CRUD Operations | Part 1","2026-07-23","50","64","78.1"
"Back End Development","CDU Batch-1 - S-001","Implementing CRUD Operations | Part 1","2026-07-22","57","64","89.1"
"Back End Development","CDU Batch-1 - S-001","MCQ Practice","2026-07-22","55","64","85.9"
"Back End Development","CDU Batch-1 - S-001","MCQ Practice","2026-07-21","57","64","89.1"
"Back End Development","CDU Batch-1 - S-001","Introduction to MVC and Mongoose Models","2026-07-20","59","64","92.2"
"Back End Development","CDU Batch-1 - S-001","MCQ Practice","2026-07-18","39","64","60.9"
"Back End Development","CDU Batch-1 - S-001","Coding Practice","2026-07-17","45","64","70.3"
"Back End Development","CDU Batch-1 - S-001","Connecting MongoDB to NodeJS","2026-07-16","53","64","82.8"
"Back End Development","CDU Batch-1 - S-001","MCQ Practice","2026-07-16","56","64","87.5"
"Back End Development","CDU Batch-1 - S-001","Module Quiz-1","2026-07-15","48","64","75"
"Back End Development","CDU Batch-1 - S-001","Streams","2026-07-15","55","64","85.9"
"Back End Development","CDU Batch-1 - S-001","MCQ Practice","2026-07-14","56","128","43.8"
"Back End Development","CDU Batch-1 - S-001","Streams","2026-07-14","56","64","87.5"
"Back End Development","CDU Batch-1 - S-001","File Systems Part - 2","2026-07-11","37","64","57.8"
"Back End Development","CDU Batch-1 - S-001","MCQ Practice","2026-07-11","39","64","60.9"
"Back End Development","CDU Batch-1 - S-001","File Systems Part - 1","2026-07-09","48","64","75"
"Back End Development","CDU Batch-1 - S-001","MCQ Practice","2026-07-09","51","64","79.7"
"Back End Development","CDU Batch-1 - S-001","File Systems Part - 1","2026-07-08","50","64","78.1"
"Back End Development","CDU Batch-1 - S-001","MCQ Practice","2026-07-08","48","64","75"
"Back End Development","CDU Batch-1 - S-001","Authentication | Part 3","2026-07-07","44","64","68.8"
"Back End Development","CDU Batch-1 - S-001","MCQ Practice","2026-07-07","44","64","68.8"
"Back End Development","CDU Batch-1 - S-001","Coding Practice","2026-07-06","47","64","73.4"
"Back End Development","CDU Batch-1 - S-001","MCQ Practice","2026-07-06","47","64","73.4"
"Back End Development","CDU Batch-1 - S-001","Authentication | Part 3","2026-07-03","53","64","82.8"
"Back End Development","CDU Batch-1 - S-001","Authentication | Part 2","2026-07-02","43","64","67.2"
"Back End Development","CDU Batch-1 - S-001","MCQ Practice","2026-07-02","54","64","84.4"
"Back End Development","CDU Batch-1 - S-001","Authentication | Part 2","2026-06-29","42","64","65.6"
"Back End Development","CDU Batch-1 - S-001","MCQ Practice","2026-06-29","45","64","70.3"
"Back End Development","CDU Batch-1 - S-001","Authentication | Part 2","2026-06-27","29","64","45.3"
"Back End Development","CDU Batch-1 - S-001","Coding Practice","2026-06-27","61","128","47.7"
"Back End Development","CDU Batch-1 - S-001","Authentication","2026-06-25","42","64","65.6"
"Back End Development","CDU Batch-1 - S-001","MCQ Practice","2026-06-25","50","64","78.1"
"Back End Development","CDU Batch-1 - S-001","Authentication","2026-06-24","49","64","76.6"
"Back End Development","CDU Batch-1 - S-001","MCQ Practice","2026-06-24","103","128","80.5"
"Back End Development","CDU Batch-1 - S-001","Coding Practice","2026-06-23","53","64","82.8"
"Back End Development","CDU Batch-1 - S-001","Debugging Common Errors | Part 2","2026-06-23","53","64","82.8"
"Back End Development","CDU Batch-1 - S-001","Debugging Common Errors","2026-06-22","56","64","87.5"
"Back End Development","CDU Batch-1 - S-001","MCQ Practice","2026-06-20","52","64","81.3"
"Back End Development","CDU Batch-1 - S-001","MCQ Practice","2026-06-19","50","64","78.1"
"Back End Development","CDU Batch-1 - S-001","REST APIs","2026-06-19","50","64","78.1"
"Back End Development","CDU Batch-1 - S-001","Introduction to Express JS | Part 3","2026-06-18","51","64","79.7"
"Back End Development","CDU Batch-1 - S-001","Introduction to Express JS | Part 3","2026-06-17","43","64","67.2"
"Back End Development","CDU Batch-1 - S-001","Introduction to Express JS | Part 2","2026-06-16","33","64","51.6"
"Back End Development","CDU Batch-1 - S-001","Coding Practice","2026-06-15","37","64","57.8"
"Back End Development","CDU Batch-1 - S-001","Introduction to Express JS | Part 2","2026-06-15","37","64","57.8"
"Back End Development","CDU Batch-1 - S-001","Introduction to Express JS","2026-06-13","30","64","46.9"
"Back End Development","CDU Batch-1 - S-001","MCQ Practice","2026-06-13","29","64","45.3"
"Back End Development","CDU Batch-1 - S-001","Introduction to Express JS","2026-06-12","20","64","31.3"
"Back End Development","CDU Batch-1 - S-001","Introduction to Backend Development","2026-06-11","15","64","23.4"
"Back End Development","CDU Batch-1 - S-002","MCQ Practice","2026-08-22","30","64","46.9"
"Back End Development","CDU Batch-1 - S-002","MCQ Practice","2026-08-20","41","64","64.1"
"Back End Development","CDU Batch-1 - S-002","Protected Routes with JWT Authentication","2026-08-20","45","64","70.3"
"Back End Development","CDU Batch-1 - S-002","MCQ Practice","2026-08-19","38","64","59.4"
"Back End Development","CDU Batch-1 - S-002","Protected Routes with JWT Authentication","2026-08-19","45","64","70.3"
"Back End Development","CDU Batch-1 - S-002","Coding Practice","2026-08-08","36","64","56.3"
"Back End Development","CDU Batch-1 - S-002","MCQ Practice","2026-08-08","36","64","56.3"
"Back End Development","CDU Batch-1 - S-002","Coding Practice","2026-08-04","48","64","75"
"Back End Development","CDU Batch-1 - S-002","MCQ Practice","2026-08-03","49","64","76.6"
"Back End Development","CDU Batch-1 - S-002","Filtering and Sorting","2026-08-01","41","64","64.1"
"Back End Development","CDU Batch-1 - S-002","MCQ Practice","2026-08-01","42","64","65.6"
"Back End Development","CDU Batch-1 - S-002","Filtering and Sorting","2026-07-31","44","64","68.8"
"Back End Development","CDU Batch-1 - S-002","Module Quiz-2","2026-07-31","43","64","67.2"
"Back End Development","CDU Batch-1 - S-002","Filtering and Sorting","2026-07-30","50","64","78.1"
"Back End Development","CDU Batch-1 - S-002","Implementing CRUD Operations | Part 2","2026-07-29","51","64","79.7"
"Back End Development","CDU Batch-1 - S-002","MCQ Practice","2026-07-29","49","64","76.6"
"Back End Development","CDU Batch-1 - S-002","Implementing CRUD Operations | Part 2","2026-07-28","54","64","84.4"
"Back End Development","CDU Batch-1 - S-002","MCQ Practice","2026-07-28","49","64","76.6"
"Back End Development","CDU Batch-1 - S-002","Coding Practice","2026-07-27","53","64","82.8"
"Back End Development","CDU Batch-1 - S-002","Implementing CRUD Operations | Part 1","2026-07-23","53","64","82.8"
"Back End Development","CDU Batch-1 - S-002","Implementing CRUD Operations | Part 1","2026-07-22","52","64","81.3"
"Back End Development","CDU Batch-1 - S-002","MCQ Practice","2026-07-22","55","64","85.9"
"Back End Development","CDU Batch-1 - S-002","MCQ Practice","2026-07-21","57","64","89.1"
"Back End Development","CDU Batch-1 - S-002","Introduction to MVC and Mongoose Models","2026-07-20","52","64","81.3"
"Back End Development","CDU Batch-1 - S-002","MCQ Practice","2026-07-18","28","64","43.8"
"Back End Development","CDU Batch-1 - S-002","Connecting MongoDB to NodeJS","2026-07-17","35","64","54.7"
"Back End Development","CDU Batch-1 - S-002","MCQ Practice","2026-07-16","58","64","90.6"
"Back End Development","CDU Batch-1 - S-002","Streams","2026-07-16","53","64","82.8"
"Back End Development","CDU Batch-1 - S-002","Module Quiz-1","2026-07-15","44","64","68.8"
"Back End Development","CDU Batch-1 - S-002","Streams","2026-07-15","36","64","56.3"
"Back End Development","CDU Batch-1 - S-002","MCQ Practice","2026-07-14","51","64","79.7"
"Back End Development","CDU Batch-1 - S-002","File Systems Part - 2","2026-07-13","46","64","71.9"
"Back End Development","CDU Batch-1 - S-002","File Systems Part - 1","2026-07-11","35","64","54.7"
"Back End Development","CDU Batch-1 - S-002","File Systems Part - 1","2026-07-09","0","64","0"
"Back End Development","CDU Batch-1 - S-002","File Systems Part - 1","2026-07-08","50","64","78.1"
"Back End Development","CDU Batch-1 - S-002","MCQ Practice","2026-07-08","46","64","71.9"
"Back End Development","CDU Batch-1 - S-002","Authentication | Part 3","2026-07-07","45","64","70.3"
"Back End Development","CDU Batch-1 - S-002","MCQ Practice","2026-07-07","50","64","78.1"
"Back End Development","CDU Batch-1 - S-002","Coding Practice","2026-07-06","47","64","73.4"
"Back End Development","CDU Batch-1 - S-002","MCQ Practice","2026-07-06","97","128","75.8"
"Back End Development","CDU Batch-1 - S-002","Authentication | Part 3","2026-07-03","51","64","79.7"
"Back End Development","CDU Batch-1 - S-002","Authentication | Part 3","2026-07-02","54","64","84.4"
"Back End Development","CDU Batch-1 - S-002","Authentication | Part 2","2026-07-01","43","64","67.2"
"Back End Development","CDU Batch-1 - S-002","Authentication | Part 2","2026-06-29","47","64","73.4"
"Back End Development","CDU Batch-1 - S-002","Authentication","2026-06-27","35","64","54.7"
"Back End Development","CDU Batch-1 - S-002","Coding Practice","2026-06-27","37","64","57.8"
"Back End Development","CDU Batch-1 - S-002","Authentication","2026-06-25","56","64","87.5"
"Back End Development","CDU Batch-1 - S-002","MCQ Practice","2026-06-25","111","128","86.7"
"Back End Development","CDU Batch-1 - S-002","Coding Practice","2026-06-24","96","128","75"
"Back End Development","CDU Batch-1 - S-002","Debugging Common Errors | Part 2","2026-06-24","52","64","81.3"
"Back End Development","CDU Batch-1 - S-002","MCQ Practice","2026-06-24","47","64","73.4"
"Back End Development","CDU Batch-1 - S-002","Coding Practice","2026-06-23","80","128","62.5"
"Back End Development","CDU Batch-1 - S-002","MCQ Practice","2026-06-23","65","128","50.8"
"Back End Development","CDU Batch-1 - S-002","Debugging Common Errors","2026-06-22","52","64","81.3"
"Back End Development","CDU Batch-1 - S-002","MCQ Practice","2026-06-20","53","64","82.8"
"Back End Development","CDU Batch-1 - S-002","REST APIs","2026-06-20","51","64","79.7"
"Back End Development","CDU Batch-1 - S-002","Introduction to Express JS | Part 3","2026-06-19","32","64","50"
"Back End Development","CDU Batch-1 - S-002","MCQ Practice","2026-06-19","31","64","48.4"
"Back End Development","CDU Batch-1 - S-002","Coding Practice","2026-06-18","39","64","60.9"
"Back End Development","CDU Batch-1 - S-002","Introduction to Express JS | Part 3","2026-06-18","40","64","62.5"
"Back End Development","CDU Batch-1 - S-002","Introduction to Express JS | Part 2","2026-06-17","45","64","70.3"
"Back End Development","CDU Batch-1 - S-002","Introduction to Express JS | Part 2","2026-06-16","36","64","56.3"
"Back End Development","CDU Batch-1 - S-002","MCQ Practice","2026-06-16","36","64","56.3"
"Back End Development","CDU Batch-1 - S-002","Coding Practice","2026-06-15","30","64","46.9"
"Back End Development","CDU Batch-1 - S-002","Introduction to Express JS","2026-06-15","32","64","50"
"Back End Development","CDU Batch-1 - S-002","Introduction to Express JS","2026-06-13","21","64","32.8"
"Back End Development","CDU Batch-1 - S-002","MCQ Practice","2026-06-13","22","64","34.4"
"Back End Development","CDU Batch-1 - S-002","Introduction to Backend Development","2026-06-12","33","64","51.6"
"Back End Development","CDU Batch-1 - S-002","Introduction to Backend Development","2026-06-11","1","64","1.6"
"Back End Development","CDU Batch-1 - S-003","Protected Routes with JWT Authentication","2026-08-22","32","80","40"
"Back End Development","CDU Batch-1 - S-003","MCQ Practice","2026-08-20","39","80","48.8"
"Back End Development","CDU Batch-1 - S-003","Protected Routes with JWT Authentication","2026-08-20","39","80","48.8"
"Back End Development","CDU Batch-1 - S-003","Protected Routes with JWT Authentication","2026-08-19","44","80","55"
"Back End Development","CDU Batch-1 - S-003","Coding Practice","2026-08-04","63","80","78.8"
"Back End Development","CDU Batch-1 - S-003","MCQ Practice","2026-08-03","65","80","81.3"
"Back End Development","CDU Batch-1 - S-003","Filtering and Sorting","2026-08-01","54","80","67.5"
"Back End Development","CDU Batch-1 - S-003","Filtering and Sorting","2026-07-31","48","80","60"
"Back End Development","CDU Batch-1 - S-003","MCQ Practice","2026-07-31","49","80","61.3"
"Back End Development","CDU Batch-1 - S-003","Module Quiz-2","2026-07-31","48","80","60"
"Back End Development","CDU Batch-1 - S-003","Filtering and Sorting","2026-07-30","54","80","67.5"
"Back End Development","CDU Batch-1 - S-003","MCQ Practice","2026-07-29","60","80","75"
"Back End Development","CDU Batch-1 - S-003","Implementing CRUD Operations | Part 2","2026-07-28","57","80","71.3"
"Back End Development","CDU Batch-1 - S-003","Implementing CRUD Operations | Part 2","2026-07-27","50","80","62.5"
"Back End Development","CDU Batch-1 - S-003","Coding Practice","2026-07-23","42","80","52.5"
"Back End Development","CDU Batch-1 - S-003","Implementing CRUD Operations | Part 1","2026-07-23","61","80","76.3"
"Back End Development","CDU Batch-1 - S-003","Implementing CRUD Operations | Part 1","2026-07-22","65","80","81.3"
"Back End Development","CDU Batch-1 - S-003","MCQ Practice","2026-07-22","51","80","63.8"
"Back End Development","CDU Batch-1 - S-003","MCQ Practice","2026-07-21","58","80","72.5"
"Back End Development","CDU Batch-1 - S-003","Introduction to MVC and Mongoose Models","2026-07-20","52","80","65"
"Back End Development","CDU Batch-1 - S-003","MCQ Practice","2026-07-20","60","80","75"
"Back End Development","CDU Batch-1 - S-003","Connecting MongoDB to NodeJS","2026-07-18","33","80","41.3"
"Back End Development","CDU Batch-1 - S-003","MCQ Practice","2026-07-18","60","80","75"
"Back End Development","CDU Batch-1 - S-003","Coding Practice","2026-07-17","63","80","78.8"
"Back End Development","CDU Batch-1 - S-003","MCQ Practice","2026-07-17","65","80","81.3"
"Back End Development","CDU Batch-1 - S-003","Streams","2026-07-17","72","80","90"
"Back End Development","CDU Batch-1 - S-003","Coding Practice","2026-07-16","63","80","78.8"
"Back End Development","CDU Batch-1 - S-003","MCQ Practice","2026-07-16","55","80","68.8"
"Back End Development","CDU Batch-1 - S-003","Module Quiz-1","2026-07-15","69","80","86.3"
"Back End Development","CDU Batch-1 - S-003","Streams","2026-07-15","72","80","90"
"Back End Development","CDU Batch-1 - S-003","MCQ Practice","2026-07-14","64","80","80"
"Back End Development","CDU Batch-1 - S-003","File Systems Part - 2","2026-07-13","64","80","80"
"Back End Development","CDU Batch-1 - S-003","MCQ Practice","2026-07-13","60","80","75"
"Back End Development","CDU Batch-1 - S-003","File Systems Part - 1","2026-07-09","62","80","77.5"
"Back End Development","CDU Batch-1 - S-003","MCQ Practice","2026-07-09","2","80","2.5"
"Back End Development","CDU Batch-1 - S-003","File Systems Part - 1","2026-07-08","58","80","72.5"
"Back End Development","CDU Batch-1 - S-003","Authentication | Part 3","2026-07-07","60","80","75"
"Back End Development","CDU Batch-1 - S-003","MCQ Practice","2026-07-07","60","80","75"
"Back End Development","CDU Batch-1 - S-003","Coding Practice","2026-07-06","48","80","60"
"Back End Development","CDU Batch-1 - S-003","MCQ Practice","2026-07-06","48","80","60"
"Back End Development","CDU Batch-1 - S-003","Coding Practice","2026-07-03","164","240","68.3"
"Back End Development","CDU Batch-1 - S-003","Authentication | Part 3","2026-07-02","61","80","76.3"
"Back End Development","CDU Batch-1 - S-003","MCQ Practice","2026-07-02","65","80","81.3"
"Back End Development","CDU Batch-1 - S-003","Authentication | Part 2","2026-07-01","37","80","46.3"
"Back End Development","CDU Batch-1 - S-003","Coding Practice","2026-07-01","53","80","66.3"
"Back End Development","CDU Batch-1 - S-003","Authentication | Part 2","2026-06-29","58","80","72.5"
"Back End Development","CDU Batch-1 - S-003","Authentication","2026-06-27","36","80","45"
"Back End Development","CDU Batch-1 - S-003","Coding Practice","2026-06-27","6","80","7.5"
"Back End Development","CDU Batch-1 - S-003","Authentication","2026-06-25","47","80","58.8"
"Back End Development","CDU Batch-1 - S-003","MCQ Practice","2026-06-25","44","80","55"
"Back End Development","CDU Batch-1 - S-003","Debugging Common Errors | Part 2","2026-06-24","5","80","6.3"
"Back End Development","CDU Batch-1 - S-003","MCQ Practice","2026-06-24","45","80","56.3"
"Back End Development","CDU Batch-1 - S-003","Coding Practice","2026-06-23","101","160","63.1"
"Back End Development","CDU Batch-1 - S-003","Debugging Common Errors","2026-06-23","39","80","48.8"
"Back End Development","CDU Batch-1 - S-003","MCQ Practice","2026-06-22","54","80","67.5"
"Back End Development","CDU Batch-1 - S-003","REST APIs","2026-06-22","54","80","67.5"
"Back End Development","CDU Batch-1 - S-003","REST APIs","2026-06-20","54","80","67.5"
"Back End Development","CDU Batch-1 - S-003","Introduction to Express JS | Part 3","2026-06-19","60","80","75"
"Back End Development","CDU Batch-1 - S-003","Introduction to Express JS | Part 3","2026-06-18","56","80","70"
"Back End Development","CDU Batch-1 - S-003","MCQ Practice","2026-06-18","53","80","66.3"
"Back End Development","CDU Batch-1 - S-003","Coding Practice","2026-06-17","44","80","55"
"Back End Development","CDU Batch-1 - S-003","Introduction to Express JS | Part 2","2026-06-17","40","80","50"
"Back End Development","CDU Batch-1 - S-003","Coding Practice","2026-06-16","34","80","42.5"
"Back End Development","CDU Batch-1 - S-003","Introduction to Express JS | Part 2","2026-06-16","31","80","38.8"
"Back End Development","CDU Batch-1 - S-003","MCQ Practice","2026-06-16","31","80","38.8"
"Back End Development","CDU Batch-1 - S-003","Introduction to Express JS","2026-06-15","26","80","32.5"
"Back End Development","CDU Batch-1 - S-003","Introduction to Express JS","2026-06-13","21","80","26.3"
"Back End Development","CDU Batch-1 - S-003","MCQ Practice","2026-06-13","20","80","25"
"Back End Development","CDU Batch-1 - S-003","Introduction to Express JS","2026-06-12","17","80","21.3"
"Back End Development","CDU Batch-1 - S-003","MCQ Practice","2026-06-12","18","80","22.5"
"Back End Development","CDU Batch-1 - S-003","Introduction to Backend Development","2026-06-11","3","80","3.8"
"Back End Development","CDU Batch-1 - S-004","Protected Routes with JWT Authentication","2026-08-22","0","94","0"
"Back End Development","CDU Batch-1 - S-004","Coding Practice","2026-08-08","36","94","38.3"
"Back End Development","CDU Batch-1 - S-004","Coding Practice","2026-08-04","78","94","83"
"Back End Development","CDU Batch-1 - S-004","MCQ Practice","2026-08-03","70","94","74.5"
"Back End Development","CDU Batch-1 - S-004","Filtering and Sorting","2026-08-01","45","94","47.9"
"Back End Development","CDU Batch-1 - S-004","Filtering and Sorting","2026-07-31","72","94","76.6"
"Back End Development","CDU Batch-1 - S-004","MCQ Practice","2026-07-31","78","94","83"
"Back End Development","CDU Batch-1 - S-004","Module Quiz-2","2026-07-31","85","94","90.4"
"Back End Development","CDU Batch-1 - S-004","Filtering and Sorting","2026-07-30","76","94","80.9"
"Back End Development","CDU Batch-1 - S-004","MCQ Practice","2026-07-30","77","94","81.9"
"Back End Development","CDU Batch-1 - S-004","MCQ Practice","2026-07-29","146","188","77.7"
"Back End Development","CDU Batch-1 - S-004","Coding Practice","2026-07-28","81","94","86.2"
"Back End Development","CDU Batch-1 - S-004","Implementing CRUD Operations | Part 2","2026-07-28","78","94","83"
"Back End Development","CDU Batch-1 - S-004","MCQ Practice","2026-07-28","78","94","83"
"Back End Development","CDU Batch-1 - S-004","Implementing CRUD Operations | Part 1","2026-07-27","79","94","84"
"Back End Development","CDU Batch-1 - S-004","MCQ Practice","2026-07-27","79","94","84"
"Back End Development","CDU Batch-1 - S-004","Coding Practice","2026-07-23","82","94","87.2"
"Back End Development","CDU Batch-1 - S-004","Coding Practice","2026-07-22","73","94","77.7"
"Back End Development","CDU Batch-1 - S-004","Implementing CRUD Operations | Part 1","2026-07-22","80","94","85.1"
"Back End Development","CDU Batch-1 - S-004","MCQ Practice","2026-07-22","72","94","76.6"
"Back End Development","CDU Batch-1 - S-004","MCQ Practice","2026-07-21","82","94","87.2"
"Back End Development","CDU Batch-1 - S-004","Introduction to MVC and Mongoose Models","2026-07-20","77","94","81.9"
"Back End Development","CDU Batch-1 - S-004","MCQ Practice","2026-07-18","67","94","71.3"
"Back End Development","CDU Batch-1 - S-004","Connecting MongoDB to NodeJS","2026-07-17","81","94","86.2"
"Back End Development","CDU Batch-1 - S-004","MCQ Practice","2026-07-17","83","94","88.3"
"Back End Development","CDU Batch-1 - S-004","Coding Practice","2026-07-16","78","94","83"
"Back End Development","CDU Batch-1 - S-004","Streams","2026-07-16","83","94","88.3"
"Back End Development","CDU Batch-1 - S-004","Module Quiz-1","2026-07-15","87","94","92.6"
"Back End Development","CDU Batch-1 - S-004","MCQ Practice","2026-07-14","81","94","86.2"
"Back End Development","CDU Batch-1 - S-004","Streams","2026-07-14","79","94","84"
"Back End Development","CDU Batch-1 - S-004","MCQ Practice","2026-07-13","75","94","79.8"
"Back End Development","CDU Batch-1 - S-004","File Systems Part - 2","2026-07-11","69","94","73.4"
"Back End Development","CDU Batch-1 - S-004","File Systems Part - 1","2026-07-09","86","94","91.5"
"Back End Development","CDU Batch-1 - S-004","MCQ Practice","2026-07-09","86","94","91.5"
"Back End Development","CDU Batch-1 - S-004","File Systems Part - 1","2026-07-08","81","94","86.2"
"Back End Development","CDU Batch-1 - S-004","MCQ Practice","2026-07-08","82","94","87.2"
"Back End Development","CDU Batch-1 - S-004","MCQ Practice","2026-07-07","158","188","84"
"Back End Development","CDU Batch-1 - S-004","Authentication | Part 3","2026-07-03","53","94","56.4"
"Back End Development","CDU Batch-1 - S-004","Coding Practice","2026-07-03","155","188","82.4"
"Back End Development","CDU Batch-1 - S-004","MCQ Practice","2026-07-03","77","94","81.9"
"Back End Development","CDU Batch-1 - S-004","Authentication | Part 2","2026-06-29","80","94","85.1"
"Back End Development","CDU Batch-1 - S-004","MCQ Practice","2026-06-29","78","94","83"
"Back End Development","CDU Batch-1 - S-004","Authentication | Part 2","2026-06-27","58","94","61.7"
"Back End Development","CDU Batch-1 - S-004","Coding Practice","2026-06-27","18","94","19.1"
"Back End Development","CDU Batch-1 - S-004","Authentication","2026-06-25","74","94","78.7"
"Back End Development","CDU Batch-1 - S-004","MCQ Practice","2026-06-25","91","188","48.4"
"Back End Development","CDU Batch-1 - S-004","Authentication","2026-06-24","69","94","73.4"
"Back End Development","CDU Batch-1 - S-004","MCQ Practice","2026-06-24","153","188","81.4"
"Back End Development","CDU Batch-1 - S-004","Coding Practice","2026-06-23","156","188","83"
"Back End Development","CDU Batch-1 - S-004","Debugging Common Errors | Part 2","2026-06-23","79","94","84"
"Back End Development","CDU Batch-1 - S-004","Debugging Common Errors","2026-06-22","86","94","91.5"
"Back End Development","CDU Batch-1 - S-004","MCQ Practice","2026-06-20","63","94","67"
"Back End Development","CDU Batch-1 - S-004","REST APIs","2026-06-20","67","94","71.3"
"Back End Development","CDU Batch-1 - S-004","Introduction to Express JS | Part 3","2026-06-19","64","94","68.1"
"Back End Development","CDU Batch-1 - S-004","MCQ Practice","2026-06-19","68","94","72.3"
"Back End Development","CDU Batch-1 - S-004","Introduction to Express JS | Part 3","2026-06-18","78","94","83"
"Back End Development","CDU Batch-1 - S-004","Introduction to Express JS | Part 3","2026-06-17","74","94","78.7"
"Back End Development","CDU Batch-1 - S-004","Introduction to Express JS | Part 2","2026-06-16","71","94","75.5"
"Back End Development","CDU Batch-1 - S-004","Coding Practice","2026-06-15","61","94","64.9"
"Back End Development","CDU Batch-1 - S-004","Introduction to Express JS | Part 2","2026-06-15","62","94","66"
"Back End Development","CDU Batch-1 - S-004","Introduction to Express JS","2026-06-13","38","94","40.4"
"Back End Development","CDU Batch-1 - S-004","Introduction to Express JS","2026-06-12","31","94","33"
"Back End Development","CDU Batch-1 - S-004","MCQ Practice","2026-06-12","30","94","31.9"
"Back End Development","CDU Batch-1 - S-004","Introduction to Backend Development","2026-06-11","28","94","29.8"
"Back End Development","CDU Batch-1 - S-005","MCQ Practice","2026-08-20","74","94","78.7"
"Back End Development","CDU Batch-1 - S-005","Coding Practice","2026-08-19","57","94","60.6"
"Back End Development","CDU Batch-1 - S-005","Protected Routes with JWT Authentication","2026-08-19","55","94","58.5"
"Back End Development","CDU Batch-1 - S-005","Filtering and Sorting","2026-08-08","49","94","52.1"
"Back End Development","CDU Batch-1 - S-005","Filtering and Sorting","2026-08-04","77","94","81.9"
"Back End Development","CDU Batch-1 - S-005","Filtering and Sorting","2026-08-01","62","94","66"
"Back End Development","CDU Batch-1 - S-005","MCQ Practice","2026-08-01","64","94","68.1"
"Back End Development","CDU Batch-1 - S-005","MCQ Practice","2026-07-31","70","94","74.5"
"Back End Development","CDU Batch-1 - S-005","Module Quiz-2","2026-07-31","70","94","74.5"
"Back End Development","CDU Batch-1 - S-005","Implementing CRUD Operations | Part 2","2026-07-30","69","94","73.4"
"Back End Development","CDU Batch-1 - S-005","Implementing CRUD Operations | Part 2","2026-07-29","74","94","78.7"
"Back End Development","CDU Batch-1 - S-005","MCQ Practice","2026-07-29","72","94","76.6"
"Back End Development","CDU Batch-1 - S-005","Coding Practice","2026-07-28","82","94","87.2"
"Back End Development","CDU Batch-1 - S-005","Implementing CRUD Operations | Part 1","2026-07-28","84","94","89.4"
"Back End Development","CDU Batch-1 - S-005","Coding Practice","2026-07-27","78","94","83"
"Back End Development","CDU Batch-1 - S-005","Coding Practice","2026-07-23","86","94","91.5"
"Back End Development","CDU Batch-1 - S-005","MCQ Practice","2026-07-23","78","94","83"
"Back End Development","CDU Batch-1 - S-005","Coding Practice","2026-07-22","79","94","84"
"Back End Development","CDU Batch-1 - S-005","Implementing CRUD Operations | Part 1","2026-07-22","84","94","89.4"
"Back End Development","CDU Batch-1 - S-005","MCQ Practice","2026-07-21","81","94","86.2"
"Back End Development","CDU Batch-1 - S-005","Coding Practice","2026-07-20","76","94","80.9"
"Back End Development","CDU Batch-1 - S-005","Introduction to MVC and Mongoose Models","2026-07-20","74","94","78.7"
"Back End Development","CDU Batch-1 - S-005","MCQ Practice","2026-07-20","78","94","83"
"Back End Development","CDU Batch-1 - S-005","Coding Practice","2026-07-18","52","94","55.3"
"Back End Development","CDU Batch-1 - S-005","Connecting MongoDB to NodeJS","2026-07-18","53","94","56.4"
"Back End Development","CDU Batch-1 - S-005","Coding Practice","2026-07-17","53","94","56.4"
"Back End Development","CDU Batch-1 - S-005","MCQ Practice","2026-07-16","84","94","89.4"
"Back End Development","CDU Batch-1 - S-005","Module Quiz-1","2026-07-15","72","94","76.6"
"Back End Development","CDU Batch-1 - S-005","Streams","2026-07-15","76","94","80.9"
"Back End Development","CDU Batch-1 - S-005","MCQ Practice","2026-07-14","56","94","59.6"
"Back End Development","CDU Batch-1 - S-005","Streams","2026-07-14","78","94","83"
"Back End Development","CDU Batch-1 - S-005","MCQ Practice","2026-07-13","71","94","75.5"
"Back End Development","CDU Batch-1 - S-005","File Systems Part - 2","2026-07-11","59","94","62.8"
"Back End Development","CDU Batch-1 - S-005","File Systems Part - 1","2026-07-09","69","94","73.4"
"Back End Development","CDU Batch-1 - S-005","File Systems Part - 1","2026-07-08","78","94","83"
"Back End Development","CDU Batch-1 - S-005","MCQ Practice","2026-07-08","76","94","80.9"
"Back End Development","CDU Batch-1 - S-005","Coding Practice","2026-07-06","78","94","83"
"Back End Development","CDU Batch-1 - S-005","Authentication | Part 3","2026-07-03","81","94","86.2"
"Back End Development","CDU Batch-1 - S-005","Coding Practice","2026-07-03","82","94","87.2"
"Back End Development","CDU Batch-1 - S-005","MCQ Practice","2026-07-01","64","94","68.1"
"Back End Development","CDU Batch-1 - S-005","MCQ Practice","2026-06-29","150","188","79.8"
"Back End Development","CDU Batch-1 - S-005","Authentication | Part 3","2026-06-27","64","94","68.1"
"Back End Development","CDU Batch-1 - S-005","MCQ Practice","2026-06-27","62","94","66"
"Back End Development","CDU Batch-1 - S-005","Authentication | Part 2","2026-06-25","84","94","89.4"
"Back End Development","CDU Batch-1 - S-005","Coding Practice","2026-06-25","84","94","89.4"
"Back End Development","CDU Batch-1 - S-005","MCQ Practice","2026-06-25","76","94","80.9"
"Back End Development","CDU Batch-1 - S-005","Authentication | Part 2","2026-06-24","71","94","75.5"
"Back End Development","CDU Batch-1 - S-005","MCQ Practice","2026-06-24","112","188","59.6"
"Back End Development","CDU Batch-1 - S-005","Authentication","2026-06-23","68","94","72.3"
"Back End Development","CDU Batch-1 - S-005","Coding Practice","2026-06-23","75","94","79.8"
"Back End Development","CDU Batch-1 - S-005","MCQ Practice","2026-06-23","148","188","78.7"
"Back End Development","CDU Batch-1 - S-005","Debugging Common Errors | Part 2","2026-06-22","68","94","72.3"
"Back End Development","CDU Batch-1 - S-005","Debugging Common Errors","2026-06-19","70","94","74.5"
"Back End Development","CDU Batch-1 - S-005","MCQ Practice","2026-06-19","59","94","62.8"
"Back End Development","CDU Batch-1 - S-005","MCQ Practice","2026-06-18","66","94","70.2"
"Back End Development","CDU Batch-1 - S-005","REST APIs","2026-06-18","76","94","80.9"
"Back End Development","CDU Batch-1 - S-005","Introduction to Express JS | Part 3","2026-06-17","66","94","70.2"
"Back End Development","CDU Batch-1 - S-005","Introduction to Express JS | Part 3","2026-06-16","59","94","62.8"
"Back End Development","CDU Batch-1 - S-005","MCQ Practice","2026-06-16","54","94","57.4"
"Back End Development","CDU Batch-1 - S-005","Introduction to Express JS | Part 2","2026-06-15","48","94","51.1"
"Back End Development","CDU Batch-1 - S-005","MCQ Practice","2026-06-15","29","94","30.9"
"Back End Development","CDU Batch-1 - S-005","Introduction to Express JS","2026-06-13","27","94","28.7"
"Back End Development","CDU Batch-1 - S-005","MCQ Practice","2026-06-13","24","94","25.5"
"Back End Development","CDU Batch-1 - S-005","Introduction to Backend Development","2026-06-12","32","94","34"
"Back End Development","CDU Batch-1 - S-005","MCQ Practice","2026-06-12","32","94","34"
"Back End Development","CDU Batch-1 - S-006","Protected Routes with JWT Authentication","2026-08-22","35","62","56.5"
"Back End Development","CDU Batch-1 - S-006","MCQ Practice","2026-08-20","41","62","66.1"
"Back End Development","CDU Batch-1 - S-006","Protected Routes with JWT Authentication","2026-08-20","37","62","59.7"
"Back End Development","CDU Batch-1 - S-006","Coding Practice","2026-08-19","46","62","74.2"
"Back End Development","CDU Batch-1 - S-006","Filtering and Sorting","2026-08-19","46","62","74.2"
"Back End Development","CDU Batch-1 - S-006","MCQ Practice","2026-08-08","38","62","61.3"
"Back End Development","CDU Batch-1 - S-006","MCQ Practice","2026-08-04","50","62","80.6"
"Back End Development","CDU Batch-1 - S-006","Filtering and Sorting","2026-08-03","49","62","79"
"Back End Development","CDU Batch-1 - S-006","MCQ Practice","2026-08-03","46","62","74.2"
"Back End Development","CDU Batch-1 - S-006","Filtering and Sorting","2026-08-01","32","62","51.6"
"Back End Development","CDU Batch-1 - S-006","MCQ Practice","2026-08-01","38","62","61.3"
"Back End Development","CDU Batch-1 - S-006","MCQ Practice","2026-07-31","55","62","88.7"
"Back End Development","CDU Batch-1 - S-006","Module Quiz-2","2026-07-31","51","62","82.3"
"Back End Development","CDU Batch-1 - S-006","Implementing CRUD Operations | Part 2","2026-07-30","51","62","82.3"
"Back End Development","CDU Batch-1 - S-006","Implementing CRUD Operations | Part 2","2026-07-29","53","62","85.5"
"Back End Development","CDU Batch-1 - S-006","MCQ Practice","2026-07-29","43","62","69.4"
"Back End Development","CDU Batch-1 - S-006","Coding Practice","2026-07-28","54","62","87.1"
"Back End Development","CDU Batch-1 - S-006","Coding Practice","2026-07-27","54","62","87.1"
"Back End Development","CDU Batch-1 - S-006","Implementing CRUD Operations | Part 1","2026-07-27","47","62","75.8"
"Back End Development","CDU Batch-1 - S-006","Coding Practice","2026-07-23","40","62","64.5"
"Back End Development","CDU Batch-1 - S-006","MCQ Practice","2026-07-23","55","62","88.7"
"Back End Development","CDU Batch-1 - S-006","Implementing CRUD Operations | Part 1","2026-07-22","55","62","88.7"
"Back End Development","CDU Batch-1 - S-006","Introduction to MVC and Mongoose Models","2026-07-21","55","62","88.7"
"Back End Development","CDU Batch-1 - S-006","MCQ Practice","2026-07-21","50","62","80.6"
"Back End Development","CDU Batch-1 - S-006","MCQ Practice","2026-07-20","47","62","75.8"
"Back End Development","CDU Batch-1 - S-006","Connecting MongoDB to NodeJS","2026-07-18","36","62","58.1"
"Back End Development","CDU Batch-1 - S-006","Coding Practice","2026-07-17","99","124","79.8"
"Back End Development","CDU Batch-1 - S-006","Connecting MongoDB to NodeJS","2026-07-17","49","62","79"
"Back End Development","CDU Batch-1 - S-006","MCQ Practice","2026-07-17","45","62","72.6"
"Back End Development","CDU Batch-1 - S-006","MCQ Practice","2026-07-16","50","62","80.6"
"Back End Development","CDU Batch-1 - S-006","Module Quiz-1","2026-07-15","44","62","71"
"Back End Development","CDU Batch-1 - S-006","Streams","2026-07-15","48","62","77.4"
"Back End Development","CDU Batch-1 - S-006","MCQ Practice","2026-07-14","48","62","77.4"
"Back End Development","CDU Batch-1 - S-006","Streams","2026-07-13","51","62","82.3"
"Back End Development","CDU Batch-1 - S-006","MCQ Practice","2026-07-09","50","62","80.6"
"Back End Development","CDU Batch-1 - S-006","File Systems Part - 2","2026-07-08","54","62","87.1"
"Back End Development","CDU Batch-1 - S-006","File Systems Part - 1","2026-07-07","48","62","77.4"
"Back End Development","CDU Batch-1 - S-006","Coding Practice","2026-07-06","54","62","87.1"
"Back End Development","CDU Batch-1 - S-006","File Systems Part - 1","2026-07-06","56","62","90.3"
"Back End Development","CDU Batch-1 - S-006","Authentication | Part 3","2026-07-03","52","62","83.9"
"Back End Development","CDU Batch-1 - S-006","Coding Practice","2026-07-03","46","62","74.2"
"Back End Development","CDU Batch-1 - S-006","Authentication | Part 3","2026-07-02","50","62","80.6"
"Back End Development","CDU Batch-1 - S-006","Coding Practice","2026-07-02","44","62","71"
"Back End Development","CDU Batch-1 - S-006","MCQ Practice","2026-07-02","44","62","71"
"Back End Development","CDU Batch-1 - S-006","Coding Practice","2026-07-01","43","62","69.4"
"Back End Development","CDU Batch-1 - S-006","MCQ Practice","2026-07-01","42","62","67.7"
"Back End Development","CDU Batch-1 - S-006","Coding Practice","2026-06-29","49","62","79"
"Back End Development","CDU Batch-1 - S-006","MCQ Practice","2026-06-29","54","62","87.1"
"Back End Development","CDU Batch-1 - S-006","MCQ Practice","2026-06-27","89","124","71.8"
"Back End Development","CDU Batch-1 - S-006","Authentication | Part 2","2026-06-25","43","62","69.4"
"Back End Development","CDU Batch-1 - S-006","Coding Practice","2026-06-25","86","124","69.4"
"Back End Development","CDU Batch-1 - S-006","Authentication | Part 2","2026-06-24","55","62","88.7"
"Back End Development","CDU Batch-1 - S-006","MCQ Practice","2026-06-24","54","62","87.1"
"Back End Development","CDU Batch-1 - S-006","Authentication","2026-06-23","51","62","82.3"
"Back End Development","CDU Batch-1 - S-006","Authentication","2026-06-22","52","62","83.9"
"Back End Development","CDU Batch-1 - S-006","Debugging Common Errors | Part 2","2026-06-20","53","62","85.5"
"Back End Development","CDU Batch-1 - S-006","MCQ Practice","2026-06-20","52","62","83.9"
"Back End Development","CDU Batch-1 - S-006","Debugging Common Errors","2026-06-19","55","62","88.7"
"Back End Development","CDU Batch-1 - S-006","MCQ Practice","2026-06-18","50","62","80.6"
"Back End Development","CDU Batch-1 - S-006","REST APIs","2026-06-18","50","62","80.6"
"Back End Development","CDU Batch-1 - S-006","Coding Practice","2026-06-17","45","62","72.6"
"Back End Development","CDU Batch-1 - S-006","Introduction to Express JS | Part 3","2026-06-17","44","62","71"
"Back End Development","CDU Batch-1 - S-006","Coding Practice","2026-06-16","34","62","54.8"
"Back End Development","CDU Batch-1 - S-006","Introduction to Express JS | Part 3","2026-06-16","32","62","51.6"
"Back End Development","CDU Batch-1 - S-006","Introduction to Express JS | Part 3","2026-06-15","31","62","50"
"Back End Development","CDU Batch-1 - S-006","MCQ Practice","2026-06-15","32","62","51.6"
"Back End Development","CDU Batch-1 - S-006","Introduction to Express JS | Part 2","2026-06-13","15","62","24.2"
"Back End Development","CDU Batch-1 - S-006","MCQ Practice","2026-06-13","15","62","24.2"
"Back End Development","CDU Batch-1 - S-006","Introduction to Express JS","2026-06-12","15","62","24.2"
"Back End Development","CDU Batch-1 - S-006","Introduction to Backend Development","2026-06-11","5","62","8.1"
"Back End Development","CDU Batch-1 - S-007","Protected Routes with JWT Authentication","2026-08-22","0","60","0"
"Back End Development","CDU Batch-1 - S-007","MCQ Practice","2026-08-20","32","60","53.3"
"Back End Development","CDU Batch-1 - S-007","Protected Routes with JWT Authentication","2026-08-20","43","60","71.7"
"Back End Development","CDU Batch-1 - S-007","Coding Practice","2026-08-19","59","120","49.2"
"Back End Development","CDU Batch-1 - S-007","Filtering and Sorting","2026-08-04","47","60","78.3"
"Back End Development","CDU Batch-1 - S-007","Filtering and Sorting","2026-08-03","41","60","68.3"
"Back End Development","CDU Batch-1 - S-007","Filtering and Sorting","2026-08-01","35","60","58.3"
"Back End Development","CDU Batch-1 - S-007","MCQ Practice","2026-07-31","33","60","55"
"Back End Development","CDU Batch-1 - S-007","Module Quiz-2","2026-07-31","40","60","66.7"
"Back End Development","CDU Batch-1 - S-007","Implementing CRUD Operations | Part 2","2026-07-30","47","60","78.3"
"Back End Development","CDU Batch-1 - S-007","MCQ Practice","2026-07-30","47","60","78.3"
"Back End Development","CDU Batch-1 - S-007","Implementing CRUD Operations | Part 2","2026-07-29","42","60","70"
"Back End Development","CDU Batch-1 - S-007","MCQ Practice","2026-07-29","47","60","78.3"
"Back End Development","CDU Batch-1 - S-007","Coding Practice","2026-07-28","49","60","81.7"
"Back End Development","CDU Batch-1 - S-007","Implementing CRUD Operations | Part 1","2026-07-27","43","60","71.7"
"Back End Development","CDU Batch-1 - S-007","Coding Practice","2026-07-23","42","60","70"
"Back End Development","CDU Batch-1 - S-007","Implementing CRUD Operations | Part 1","2026-07-22","52","60","86.7"
"Back End Development","CDU Batch-1 - S-007","MCQ Practice","2026-07-22","34","60","56.7"
"Back End Development","CDU Batch-1 - S-007","MCQ Practice","2026-07-21","48","60","80"
"Back End Development","CDU Batch-1 - S-007","Introduction to MVC and Mongoose Models","2026-07-20","43","60","71.7"
"Back End Development","CDU Batch-1 - S-007","Introduction to MVC and Mongoose Models","2026-07-18","23","60","38.3"
"Back End Development","CDU Batch-1 - S-007","MCQ Practice","2026-07-18","28","60","46.7"
"Back End Development","CDU Batch-1 - S-007","Connecting MongoDB to NodeJS","2026-07-17","38","60","63.3"
"Back End Development","CDU Batch-1 - S-007","MCQ Practice","2026-07-17","30","60","50"
"Back End Development","CDU Batch-1 - S-007","MCQ Practice","2026-07-16","31","60","51.7"
"Back End Development","CDU Batch-1 - S-007","Module Quiz-1","2026-07-15","43","60","71.7"
"Back End Development","CDU Batch-1 - S-007","Streams","2026-07-15","44","60","73.3"
"Back End Development","CDU Batch-1 - S-007","MCQ Practice","2026-07-14","47","60","78.3"
"Back End Development","CDU Batch-1 - S-007","MCQ Practice","2026-07-13","42","60","70"
"Back End Development","CDU Batch-1 - S-007","Streams","2026-07-13","44","60","73.3"
"Back End Development","CDU Batch-1 - S-007","MCQ Practice","2026-07-11","32","60","53.3"
"Back End Development","CDU Batch-1 - S-007","File Systems Part - 2","2026-07-09","46","60","76.7"
"Back End Development","CDU Batch-1 - S-007","MCQ Practice","2026-07-09","46","60","76.7"
"Back End Development","CDU Batch-1 - S-007","MCQ Practice","2026-07-08","51","60","85"
"Back End Development","CDU Batch-1 - S-007","File Systems Part - 1","2026-07-07","48","60","80"
"Back End Development","CDU Batch-1 - S-007","Coding Practice","2026-07-06","39","60","65"
"Back End Development","CDU Batch-1 - S-007","File Systems Part - 1","2026-07-06","38","60","63.3"
"Back End Development","CDU Batch-1 - S-007","MCQ Practice","2026-07-06","37","60","61.7"
"Back End Development","CDU Batch-1 - S-007","Coding Practice","2026-07-03","37","60","61.7"
"Back End Development","CDU Batch-1 - S-007","MCQ Practice","2026-07-02","42","60","70"
"Back End Development","CDU Batch-1 - S-007","Authentication | Part 3","2026-07-01","38","60","63.3"
"Back End Development","CDU Batch-1 - S-007","Authentication | Part 3","2026-06-29","40","60","66.7"
"Back End Development","CDU Batch-1 - S-007","MCQ Practice","2026-06-29","29","60","48.3"
"Back End Development","CDU Batch-1 - S-007","Authentication | Part 3","2026-06-27","18","60","30"
"Back End Development","CDU Batch-1 - S-007","Coding Practice","2026-06-27","18","60","30"
"Back End Development","CDU Batch-1 - S-007","MCQ Practice","2026-06-27","18","60","30"
"Back End Development","CDU Batch-1 - S-007","Authentication | Part 2","2026-06-25","43","60","71.7"
"Back End Development","CDU Batch-1 - S-007","Coding Practice","2026-06-25","49","60","81.7"
"Back End Development","CDU Batch-1 - S-007","MCQ Practice","2026-06-25","46","60","76.7"
"Back End Development","CDU Batch-1 - S-007","Authentication | Part 2","2026-06-24","45","60","75"
"Back End Development","CDU Batch-1 - S-007","MCQ Practice","2026-06-24","47","60","78.3"
"Back End Development","CDU Batch-1 - S-007","Authentication","2026-06-23","42","60","70"
"Back End Development","CDU Batch-1 - S-007","Authentication","2026-06-22","44","60","73.3"
"Back End Development","CDU Batch-1 - S-007","Debugging Common Errors | Part 2","2026-06-20","46","60","76.7"
"Back End Development","CDU Batch-1 - S-007","MCQ Practice","2026-06-20","46","60","76.7"
"Back End Development","CDU Batch-1 - S-007","Debugging Common Errors","2026-06-19","42","60","70"
"Back End Development","CDU Batch-1 - S-007","MCQ Practice","2026-06-19","42","60","70"
"Back End Development","CDU Batch-1 - S-007","REST APIs","2026-06-18","35","60","58.3"
"Back End Development","CDU Batch-1 - S-007","Coding Practice","2026-06-17","42","60","70"
"Back End Development","CDU Batch-1 - S-007","Introduction to Express JS | Part 3","2026-06-17","41","60","68.3"
"Back End Development","CDU Batch-1 - S-007","Introduction to Express JS | Part 3","2026-06-16","33","60","55"
"Back End Development","CDU Batch-1 - S-007","MCQ Practice","2026-06-16","33","60","55"
"Back End Development","CDU Batch-1 - S-007","Introduction to Express JS | Part 3","2026-06-15","32","60","53.3"
"Back End Development","CDU Batch-1 - S-007","MCQ Practice","2026-06-15","33","60","55"
"Back End Development","CDU Batch-1 - S-007","Introduction to Express JS | Part 2","2026-06-13","21","60","35"
"Back End Development","CDU Batch-1 - S-007","MCQ Practice","2026-06-13","14","60","23.3"
"Back End Development","CDU Batch-1 - S-007","Introduction to Express JS","2026-06-12","13","60","21.7"
"Back End Development","CDU Batch-1 - S-007","MCQ Practice","2026-06-12","27","60","45"
"Back End Development","CDU Batch-1 - S-007","Introduction to Backend Development","2026-06-11","10","60","16.7"
"Back End Development","CDU Batch-1 - S-008","Protected Routes with JWT Authentication","2026-08-22","0","58","0"
"Back End Development","CDU Batch-1 - S-008","MCQ Practice","2026-08-19","29","58","50"
"Back End Development","CDU Batch-1 - S-008","Protected Routes with JWT Authentication","2026-08-19","32","58","55.2"
"Back End Development","CDU Batch-1 - S-008","Coding Practice","2026-08-08","15","58","25.9"
"Back End Development","CDU Batch-1 - S-008","MCQ Practice","2026-08-08","22","58","37.9"
"Back End Development","CDU Batch-1 - S-008","MCQ Practice","2026-08-04","45","58","77.6"
"Back End Development","CDU Batch-1 - S-008","Filtering and Sorting","2026-08-03","28","58","48.3"
"Back End Development","CDU Batch-1 - S-008","Coding Practice","2026-08-01","31","58","53.4"
"Back End Development","CDU Batch-1 - S-008","Filtering and Sorting","2026-08-01","37","58","63.8"
"Back End Development","CDU Batch-1 - S-008","MCQ Practice","2026-07-31","45","58","77.6"
"Back End Development","CDU Batch-1 - S-008","Module Quiz-2","2026-07-31","39","58","67.2"
"Back End Development","CDU Batch-1 - S-008","Coding Practice","2026-07-30","42","58","72.4"
"Back End Development","CDU Batch-1 - S-008","Implementing CRUD Operations | Part 2","2026-07-30","35","58","60.3"
"Back End Development","CDU Batch-1 - S-008","Implementing CRUD Operations | Part 2","2026-07-29","40","58","69"
"Back End Development","CDU Batch-1 - S-008","MCQ Practice","2026-07-29","43","58","74.1"
"Back End Development","CDU Batch-1 - S-008","MCQ Practice","2026-07-28","46","58","79.3"
"Back End Development","CDU Batch-1 - S-008","Implementing CRUD Operations | Part 1","2026-07-27","42","58","72.4"
"Back End Development","CDU Batch-1 - S-008","MCQ Practice","2026-07-27","42","58","72.4"
"Back End Development","CDU Batch-1 - S-008","Coding Practice","2026-07-23","35","58","60.3"
"Back End Development","CDU Batch-1 - S-008","Implementing CRUD Operations | Part 1","2026-07-23","46","58","79.3"
"Back End Development","CDU Batch-1 - S-008","MCQ Practice","2026-07-21","38","58","65.5"
"Back End Development","CDU Batch-1 - S-008","Coding Practice","2026-07-20","45","58","77.6"
"Back End Development","CDU Batch-1 - S-008","Introduction to MVC and Mongoose Models","2026-07-20","47","58","81"
"Back End Development","CDU Batch-1 - S-008","MCQ Practice","2026-07-18","39","58","67.2"
"Back End Development","CDU Batch-1 - S-008","Connecting MongoDB to NodeJS","2026-07-17","48","58","82.8"
"Back End Development","CDU Batch-1 - S-008","MCQ Practice","2026-07-17","48","58","82.8"
"Back End Development","CDU Batch-1 - S-008","Coding Practice","2026-07-16","47","58","81"
"Back End Development","CDU Batch-1 - S-008","MCQ Practice","2026-07-16","40","58","69"
"Back End Development","CDU Batch-1 - S-008","Streams","2026-07-16","44","58","75.9"
"Back End Development","CDU Batch-1 - S-008","MCQ Practice","2026-07-15","40","58","69"
"Back End Development","CDU Batch-1 - S-008","Module Quiz-1","2026-07-15","48","58","82.8"
"Back End Development","CDU Batch-1 - S-008","Streams","2026-07-13","49","58","84.5"
"Back End Development","CDU Batch-1 - S-008","File Systems Part - 2","2026-07-11","32","58","55.2"
"Back End Development","CDU Batch-1 - S-008","MCQ Practice","2026-07-11","33","58","56.9"
"Back End Development","CDU Batch-1 - S-008","MCQ Practice","2026-07-09","42","116","36.2"
"Back End Development","CDU Batch-1 - S-008","File Systems Part - 1","2026-07-08","41","58","70.7"
"Back End Development","CDU Batch-1 - S-008","File Systems Part - 1","2026-07-07","42","58","72.4"
"Back End Development","CDU Batch-1 - S-008","Coding Practice","2026-07-03","76","116","65.5"
"Back End Development","CDU Batch-1 - S-008","Coding Practice","2026-07-02","37","58","63.8"
"Back End Development","CDU Batch-1 - S-008","MCQ Practice","2026-07-02","74","116","63.8"
"Back End Development","CDU Batch-1 - S-008","Authentication | Part 3","2026-07-01","41","58","70.7"
"Back End Development","CDU Batch-1 - S-008","Authentication | Part 3","2026-06-27","31","58","53.4"
"Back End Development","CDU Batch-1 - S-008","MCQ Practice","2026-06-27","32","58","55.2"
"Back End Development","CDU Batch-1 - S-008","Authentication | Part 2","2026-06-25","38","58","65.5"
"Back End Development","CDU Batch-1 - S-008","Coding Practice","2026-06-25","44","58","75.9"
"Back End Development","CDU Batch-1 - S-008","Authentication | Part 2","2026-06-24","36","58","62.1"
"Back End Development","CDU Batch-1 - S-008","Coding Practice","2026-06-24","45","58","77.6"
"Back End Development","CDU Batch-1 - S-008","MCQ Practice","2026-06-24","42","58","72.4"
"Back End Development","CDU Batch-1 - S-008","Authentication","2026-06-23","29","58","50"
"Back End Development","CDU Batch-1 - S-008","MCQ Practice","2026-06-23","31","58","53.4"
"Back End Development","CDU Batch-1 - S-008","Debugging Common Errors | Part 2","2026-06-22","36","58","62.1"
"Back End Development","CDU Batch-1 - S-008","MCQ Practice","2026-06-22","40","58","69"
"Back End Development","CDU Batch-1 - S-008","Debugging Common Errors","2026-06-20","28","58","48.3"
"Back End Development","CDU Batch-1 - S-008","MCQ Practice","2026-06-19","35","58","60.3"
"Back End Development","CDU Batch-1 - S-008","REST APIs","2026-06-19","29","58","50"
"Back End Development","CDU Batch-1 - S-008","MCQ Practice","2026-06-18","31","58","53.4"
"Back End Development","CDU Batch-1 - S-008","REST APIs","2026-06-18","29","58","50"
"Back End Development","CDU Batch-1 - S-008","Introduction to Express JS | Part 3","2026-06-17","24","58","41.4"
"Back End Development","CDU Batch-1 - S-008","Introduction to Express JS | Part 3","2026-06-16","20","58","34.5"
"Back End Development","CDU Batch-1 - S-008","Introduction to Express JS | Part 2","2026-06-15","15","58","25.9"
"Back End Development","CDU Batch-1 - S-008","Introduction to Express JS | Part 2","2026-06-13","5","58","8.6"
"Back End Development","CDU Batch-1 - S-008","Introduction to Express JS","2026-06-12","2","58","3.4"
"Back End Development","CDU Batch-1 - S-008","Introduction to Backend Development","2026-06-11","0","58","0"
"Back End Development","CDU Batch-1 - S-008","MCQ Practice","2026-06-11","0","58","0"
"Back End Development","CDU Batch-1 - S-009","MCQ Practice","2026-08-22","0","60","0"
"Back End Development","CDU Batch-1 - S-009","Protected Routes with JWT Authentication","2026-08-22","0","60","0"
"Back End Development","CDU Batch-1 - S-009","MCQ Practice","2026-08-20","36","60","60"
"Back End Development","CDU Batch-1 - S-009","Protected Routes with JWT Authentication","2026-08-20","36","60","60"
"Back End Development","CDU Batch-1 - S-009","Protected Routes with JWT Authentication","2026-08-19","28","60","46.7"
"Back End Development","CDU Batch-1 - S-009","Coding Practice","2026-08-08","27","60","45"
"Back End Development","CDU Batch-1 - S-009","Filtering and Sorting","2026-08-04","51","60","85"
"Back End Development","CDU Batch-1 - S-009","Filtering and Sorting","2026-08-01","46","60","76.7"
"Back End Development","CDU Batch-1 - S-009","MCQ Practice","2026-08-01","33","60","55"
"Back End Development","CDU Batch-1 - S-009","Filtering and Sorting","2026-07-31","43","60","71.7"
"Back End Development","CDU Batch-1 - S-009","Module Quiz-2","2026-07-31","34","60","56.7"
"Back End Development","CDU Batch-1 - S-009","Implementing CRUD Operations | Part 2","2026-07-30","44","60","73.3"
"Back End Development","CDU Batch-1 - S-009","MCQ Practice","2026-07-28","50","60","83.3"
"Back End Development","CDU Batch-1 - S-009","Coding Practice","2026-07-27","42","60","70"
"Back End Development","CDU Batch-1 - S-009","Implementing CRUD Operations | Part 2","2026-07-27","44","60","73.3"
"Back End Development","CDU Batch-1 - S-009","MCQ Practice","2026-07-23","46","60","76.7"
"Back End Development","CDU Batch-1 - S-009","Implementing CRUD Operations | Part 1","2026-07-22","51","60","85"
"Back End Development","CDU Batch-1 - S-009","MCQ Practice","2026-07-22","51","60","85"
"Back End Development","CDU Batch-1 - S-009","MCQ Practice","2026-07-21","52","60","86.7"
"Back End Development","CDU Batch-1 - S-009","Implementing CRUD Operations | Part 1","2026-07-20","42","60","70"
"Back End Development","CDU Batch-1 - S-009","MCQ Practice","2026-07-20","81","120","67.5"
"Back End Development","CDU Batch-1 - S-009","Introduction to MVC and Mongoose Models","2026-07-18","42","60","70"
"Back End Development","CDU Batch-1 - S-009","MCQ Practice","2026-07-17","97","120","80.8"
"Back End Development","CDU Batch-1 - S-009","Coding Practice","2026-07-16","55","60","91.7"
"Back End Development","CDU Batch-1 - S-009","Introduction to MVC and Mongoose Models","2026-07-16","50","60","83.3"
"Back End Development","CDU Batch-1 - S-009","MCQ Practice","2026-07-15","44","60","73.3"
"Back End Development","CDU Batch-1 - S-009","Module Quiz-1","2026-07-15","47","60","78.3"
"Back End Development","CDU Batch-1 - S-009","Connecting MongoDB to NodeJS","2026-07-14","49","60","81.7"
"Back End Development","CDU Batch-1 - S-009","MCQ Practice","2026-07-14","49","60","81.7"
"Back End Development","CDU Batch-1 - S-009","Streams","2026-07-13","50","60","83.3"
"Back End Development","CDU Batch-1 - S-009","MCQ Practice","2026-07-09","52","60","86.7"
"Back End Development","CDU Batch-1 - S-009","File Systems Part - 2","2026-07-08","46","60","76.7"
"Back End Development","CDU Batch-1 - S-009","File Systems Part - 1","2026-07-07","20","60","33.3"
"Back End Development","CDU Batch-1 - S-009","Coding Practice","2026-07-03","46","60","76.7"
"Back End Development","CDU Batch-1 - S-009","File Systems Part - 1","2026-07-03","44","60","73.3"
"Back End Development","CDU Batch-1 - S-009","Coding Practice","2026-07-02","44","60","73.3"
"Back End Development","CDU Batch-1 - S-009","MCQ Practice","2026-07-02","44","60","73.3"
"Back End Development","CDU Batch-1 - S-009","Authentication | Part 3","2026-07-01","24","60","40"
"Back End Development","CDU Batch-1 - S-009","Authentication | Part 3","2026-06-29","38","60","63.3"
"Back End Development","CDU Batch-1 - S-009","Authentication | Part 2","2026-06-27","34","60","56.7"
"Back End Development","CDU Batch-1 - S-009","MCQ Practice","2026-06-27","35","60","58.3"
"Back End Development","CDU Batch-1 - S-009","Authentication | Part 2","2026-06-25","48","60","80"
"Back End Development","CDU Batch-1 - S-009","MCQ Practice","2026-06-25","46","60","76.7"
"Back End Development","CDU Batch-1 - S-009","Authentication","2026-06-24","41","60","68.3"
"Back End Development","CDU Batch-1 - S-009","Authentication","2026-06-23","45","60","75"
"Back End Development","CDU Batch-1 - S-009","Coding Practice","2026-06-23","47","60","78.3"
"Back End Development","CDU Batch-1 - S-009","MCQ Practice","2026-06-23","43","60","71.7"
"Back End Development","CDU Batch-1 - S-009","Debugging Common Errors | Part 2","2026-06-22","39","60","65"
"Back End Development","CDU Batch-1 - S-009","Coding Practice","2026-06-20","129","180","71.7"
"Back End Development","CDU Batch-1 - S-009","MCQ Practice","2026-06-20","45","60","75"
"Back End Development","CDU Batch-1 - S-009","Debugging Common Errors","2026-06-19","41","60","68.3"
"Back End Development","CDU Batch-1 - S-009","MCQ Practice","2026-06-18","38","60","63.3"
"Back End Development","CDU Batch-1 - S-009","REST APIs","2026-06-18","38","60","63.3"
"Back End Development","CDU Batch-1 - S-009","Introduction to Express JS | Part 3","2026-06-17","32","60","53.3"
"Back End Development","CDU Batch-1 - S-009","Introduction to Express JS | Part 3","2026-06-16","26","60","43.3"
"Back End Development","CDU Batch-1 - S-009","Introduction to Express JS | Part 2","2026-06-15","23","60","38.3"
"Back End Development","CDU Batch-1 - S-009","MCQ Practice","2026-06-15","24","60","40"
"Back End Development","CDU Batch-1 - S-009","Introduction to Express JS","2026-06-13","20","60","33.3"
"Back End Development","CDU Batch-1 - S-009","MCQ Practice","2026-06-13","23","60","38.3"
"Back End Development","CDU Batch-1 - S-009","MCQ Practice","2026-06-12","25","60","41.7"
"Back End Development","CDU Batch-1 - S-009","Introduction to Backend Development","2026-06-11","9","60","15"
"Back End Development","CDU Batch-1 - S-009","MCQ Practice","2026-06-11","0","60","0"
"Back End Development","CDU Batch-1 - S-010","MCQ Practice","2026-08-22","38","70","54.3"
"Back End Development","CDU Batch-1 - S-010","Protected Routes with JWT Authentication","2026-08-22","40","70","57.1"
"Back End Development","CDU Batch-1 - S-010","Protected Routes with JWT Authentication","2026-08-20","47","70","67.1"
"Back End Development","CDU Batch-1 - S-010","MCQ Practice","2026-08-19","46","70","65.7"
"Back End Development","CDU Batch-1 - S-010","Protected Routes with JWT Authentication","2026-08-19","41","70","58.6"
"Back End Development","CDU Batch-1 - S-010","MCQ Practice","2026-08-08","24","70","34.3"
"Back End Development","CDU Batch-1 - S-010","Coding Practice","2026-08-04","49","70","70"
"Back End Development","CDU Batch-1 - S-010","Filtering and Sorting","2026-08-03","52","70","74.3"
"Back End Development","CDU Batch-1 - S-010","Filtering and Sorting","2026-08-01","52","70","74.3"
"Back End Development","CDU Batch-1 - S-010","Filtering and Sorting","2026-07-31","52","70","74.3"
"Back End Development","CDU Batch-1 - S-010","MCQ Practice","2026-07-31","45","70","64.3"
"Back End Development","CDU Batch-1 - S-010","Module Quiz-2","2026-07-31","48","70","68.6"
"Back End Development","CDU Batch-1 - S-010","Filtering and Sorting","2026-07-30","39","70","55.7"
"Back End Development","CDU Batch-1 - S-010","MCQ Practice","2026-07-30","55","70","78.6"
"Back End Development","CDU Batch-1 - S-010","Implementing CRUD Operations | Part 2","2026-07-29","57","70","81.4"
"Back End Development","CDU Batch-1 - S-010","MCQ Practice","2026-07-29","60","70","85.7"
"Back End Development","CDU Batch-1 - S-010","Implementing CRUD Operations | Part 2","2026-07-28","50","70","71.4"
"Back End Development","CDU Batch-1 - S-010","MCQ Practice","2026-07-28","55","70","78.6"
"Back End Development","CDU Batch-1 - S-010","Coding Practice","2026-07-27","53","70","75.7"
"Back End Development","CDU Batch-1 - S-010","MCQ Practice","2026-07-23","52","70","74.3"
"Back End Development","CDU Batch-1 - S-010","Coding Practice","2026-07-22","64","70","91.4"
"Back End Development","CDU Batch-1 - S-010","Implementing CRUD Operations | Part 1","2026-07-22","65","70","92.9"
"Back End Development","CDU Batch-1 - S-010","Implementing CRUD Operations | Part 1","2026-07-21","60","70","85.7"
"Back End Development","CDU Batch-1 - S-010","MCQ Practice","2026-07-21","100","140","71.4"
"Back End Development","CDU Batch-1 - S-010","Coding Practice","2026-07-20","50","70","71.4"
"Back End Development","CDU Batch-1 - S-010","MCQ Practice","2026-07-20","44","70","62.9"
"Back End Development","CDU Batch-1 - S-010","Coding Practice","2026-07-18","37","70","52.9"
"Back End Development","CDU Batch-1 - S-010","Introduction to MVC and Mongoose Models","2026-07-18","38","70","54.3"
"Back End Development","CDU Batch-1 - S-010","MCQ Practice","2026-07-18","48","70","68.6"
"Back End Development","CDU Batch-1 - S-010","Coding Practice","2026-07-17","94","140","67.1"
"Back End Development","CDU Batch-1 - S-010","Connecting MongoDB to NodeJS","2026-07-17","52","70","74.3"
"Back End Development","CDU Batch-1 - S-010","MCQ Practice","2026-07-17","48","70","68.6"
"Back End Development","CDU Batch-1 - S-010","Connecting MongoDB to NodeJS","2026-07-16","51","70","72.9"
"Back End Development","CDU Batch-1 - S-010","MCQ Practice","2026-07-16","48","70","68.6"
"Back End Development","CDU Batch-1 - S-010","MCQ Practice","2026-07-15","59","70","84.3"
"Back End Development","CDU Batch-1 - S-010","Module Quiz-1","2026-07-15","52","70","74.3"
"Back End Development","CDU Batch-1 - S-010","Streams","2026-07-14","56","70","80"
"Back End Development","CDU Batch-1 - S-010","MCQ Practice","2026-07-11","44","70","62.9"
"Back End Development","CDU Batch-1 - S-010","File Systems Part - 2","2026-07-09","58","70","82.9"
"Back End Development","CDU Batch-1 - S-010","MCQ Practice","2026-07-09","48","70","68.6"
"Back End Development","CDU Batch-1 - S-010","Coding Practice","2026-07-08","61","70","87.1"
"Back End Development","CDU Batch-1 - S-010","File Systems Part - 2","2026-07-07","52","70","74.3"
"Back End Development","CDU Batch-1 - S-010","Coding Practice","2026-07-06","57","70","81.4"
"Back End Development","CDU Batch-1 - S-010","File Systems Part - 1","2026-07-06","47","70","67.1"
"Back End Development","CDU Batch-1 - S-010","Coding Practice","2026-07-03","53","70","75.7"
"Back End Development","CDU Batch-1 - S-010","File Systems Part - 1","2026-07-03","55","70","78.6"
"Back End Development","CDU Batch-1 - S-010","Coding Practice","2026-07-02","48","70","68.6"
"Back End Development","CDU Batch-1 - S-010","MCQ Practice","2026-07-02","48","70","68.6"
"Back End Development","CDU Batch-1 - S-010","Authentication | Part 3","2026-06-29","53","70","75.7"
"Back End Development","CDU Batch-1 - S-010","MCQ Practice","2026-06-29","113","140","80.7"
"Back End Development","CDU Batch-1 - S-010","Authentication | Part 3","2026-06-27","46","70","65.7"
"Back End Development","CDU Batch-1 - S-010","MCQ Practice","2026-06-27","52","70","74.3"
"Back End Development","CDU Batch-1 - S-010","Authentication | Part 2","2026-06-25","60","70","85.7"
"Back End Development","CDU Batch-1 - S-010","Authentication | Part 2","2026-06-24","58","70","82.9"
"Back End Development","CDU Batch-1 - S-010","MCQ Practice","2026-06-24","51","70","72.9"
"Back End Development","CDU Batch-1 - S-010","Authentication","2026-06-23","53","70","75.7"
"Back End Development","CDU Batch-1 - S-010","MCQ Practice","2026-06-23","51","70","72.9"
"Back End Development","CDU Batch-1 - S-010","Authentication","2026-06-22","44","70","62.9"
"Back End Development","CDU Batch-1 - S-010","Debugging Common Errors | Part 2","2026-06-20","53","70","75.7"
"Back End Development","CDU Batch-1 - S-010","Debugging Common Errors","2026-06-19","52","70","74.3"
"Back End Development","CDU Batch-1 - S-010","MCQ Practice","2026-06-19","54","70","77.1"
"Back End Development","CDU Batch-1 - S-010","MCQ Practice","2026-06-18","47","70","67.1"
"Back End Development","CDU Batch-1 - S-010","REST APIs","2026-06-18","45","70","64.3"
"Back End Development","CDU Batch-1 - S-010","Introduction to Express JS | Part 3","2026-06-17","41","70","58.6"
"Back End Development","CDU Batch-1 - S-010","MCQ Practice","2026-06-17","44","70","62.9"
"Back End Development","CDU Batch-1 - S-010","Coding Practice","2026-06-16","43","70","61.4"
"Back End Development","CDU Batch-1 - S-010","Introduction to Express JS | Part 3","2026-06-16","42","70","60"
"Back End Development","CDU Batch-1 - S-010","Coding Practice","2026-06-15","51","104","49"
"Back End Development","CDU Batch-1 - S-010","Introduction to Express JS | Part 2","2026-06-15","35","70","50"
"Back End Development","CDU Batch-1 - S-010","Introduction to Express JS","2026-06-13","18","70","25.7"
"Back End Development","CDU Batch-1 - S-010","Introduction to Backend Development","2026-06-12","19","70","27.1"
"Back End Development","CDU Batch-1 - S-010","MCQ Practice","2026-06-12","38","140","27.1"
"Back End Development","CDU Batch-1 - S-011","MCQ Practice","2026-08-04","44","51","86.3"
"Back End Development","CDU Batch-1 - S-011","Filtering and Sorting","2026-08-03","35","51","68.6"
"Back End Development","CDU Batch-1 - S-011","Coding Practice","2026-08-01","30","51","58.8"
"Back End Development","CDU Batch-1 - S-011","Filtering and Sorting","2026-08-01","34","51","66.7"
"Back End Development","CDU Batch-1 - S-011","Filtering and Sorting","2026-07-31","26","51","51"
"Back End Development","CDU Batch-1 - S-011","MCQ Practice","2026-07-31","40","51","78.4"
"Back End Development","CDU Batch-1 - S-011","Module Quiz-2","2026-07-31","34","51","66.7"
"Back End Development","CDU Batch-1 - S-011","Filtering and Sorting","2026-07-30","43","51","84.3"
"Back End Development","CDU Batch-1 - S-011","MCQ Practice","2026-07-30","39","51","76.5"
"Back End Development","CDU Batch-1 - S-011","Implementing CRUD Operations | Part 2","2026-07-29","41","51","80.4"
"Back End Development","CDU Batch-1 - S-011","MCQ Practice","2026-07-29","41","51","80.4"
"Back End Development","CDU Batch-1 - S-011","Implementing CRUD Operations | Part 2","2026-07-28","44","51","86.3"
"Back End Development","CDU Batch-1 - S-011","MCQ Practice","2026-07-28","43","51","84.3"
"Back End Development","CDU Batch-1 - S-011","Coding Practice","2026-07-27","33","51","64.7"
"Back End Development","CDU Batch-1 - S-011","MCQ Practice","2026-07-23","132","153","86.3"
"Back End Development","CDU Batch-1 - S-011","Coding Practice","2026-07-22","43","51","84.3"
"Back End Development","CDU Batch-1 - S-011","Implementing CRUD Operations | Part 1","2026-07-22","40","51","78.4"
"Back End Development","CDU Batch-1 - S-011","MCQ Practice","2026-07-21","88","102","86.3"
"Back End Development","CDU Batch-1 - S-011","Coding Practice","2026-07-20","43","51","84.3"
"Back End Development","CDU Batch-1 - S-011","Implementing CRUD Operations | Part 1","2026-07-20","39","51","76.5"
"Back End Development","CDU Batch-1 - S-011","MCQ Practice","2026-07-18","39","51","76.5"
"Back End Development","CDU Batch-1 - S-011","Coding Practice","2026-07-17","45","51","88.2"
"Back End Development","CDU Batch-1 - S-011","Introduction to MVC and Mongoose Models","2026-07-17","40","51","78.4"
"Back End Development","CDU Batch-1 - S-011","MCQ Practice","2026-07-17","47","51","92.2"
"Back End Development","CDU Batch-1 - S-011","MCQ Practice","2026-07-16","40","51","78.4"
"Back End Development","CDU Batch-1 - S-011","MCQ Practice","2026-07-15","48","51","94.1"
"Back End Development","CDU Batch-1 - S-011","Module Quiz-1","2026-07-15","45","51","88.2"
"Back End Development","CDU Batch-1 - S-011","Coding Practice","2026-07-14","43","51","84.3"
"Back End Development","CDU Batch-1 - S-011","Connecting MongoDB to NodeJS","2026-07-14","37","51","72.5"
"Back End Development","CDU Batch-1 - S-011","MCQ Practice","2026-07-13","36","51","70.6"
"Back End Development","CDU Batch-1 - S-011","Streams","2026-07-13","42","51","82.4"
"Back End Development","CDU Batch-1 - S-011","Streams","2026-07-11","33","51","64.7"
"Back End Development","CDU Batch-1 - S-011","File Systems Part - 2","2026-07-09","44","51","86.3"
"Back End Development","CDU Batch-1 - S-011","File Systems Part - 2","2026-07-08","39","51","76.5"
"Back End Development","CDU Batch-1 - S-011","MCQ Practice","2026-07-08","43","51","84.3"
"Back End Development","CDU Batch-1 - S-011","MCQ Practice","2026-07-07","28","51","54.9"
"Back End Development","CDU Batch-1 - S-011","Coding Practice","2026-07-06","41","51","80.4"
"Back End Development","CDU Batch-1 - S-011","File Systems Part - 1","2026-07-06","37","51","72.5"
"Back End Development","CDU Batch-1 - S-011","MCQ Practice","2026-07-06","74","102","72.5"
"Back End Development","CDU Batch-1 - S-011","File Systems Part - 1","2026-07-03","38","51","74.5"
"Back End Development","CDU Batch-1 - S-011","Coding Practice","2026-07-02","2","51","3.9"
"Back End Development","CDU Batch-1 - S-011","MCQ Practice","2026-07-02","28","51","54.9"
"Back End Development","CDU Batch-1 - S-011","MCQ Practice","2026-07-01","35","102","34.3"
"Back End Development","CDU Batch-1 - S-011","Authentication | Part 3","2026-06-29","40","51","78.4"
"Back End Development","CDU Batch-1 - S-011","MCQ Practice","2026-06-29","84","102","82.4"
"Back End Development","CDU Batch-1 - S-011","Authentication | Part 2","2026-06-27","31","51","60.8"
"Back End Development","CDU Batch-1 - S-011","MCQ Practice","2026-06-27","27","51","52.9"
"Back End Development","CDU Batch-1 - S-011","Authentication | Part 2","2026-06-25","38","51","74.5"
"Back End Development","CDU Batch-1 - S-011","MCQ Practice","2026-06-25","38","51","74.5"
"Back End Development","CDU Batch-1 - S-011","Authentication | Part 2","2026-06-24","42","51","82.4"
"Back End Development","CDU Batch-1 - S-011","MCQ Practice","2026-06-24","41","51","80.4"
"Back End Development","CDU Batch-1 - S-011","Authentication","2026-06-23","34","51","66.7"
"Back End Development","CDU Batch-1 - S-011","MCQ Practice","2026-06-23","41","51","80.4"
"Back End Development","CDU Batch-1 - S-011","Authentication","2026-06-22","41","51","80.4"
"Back End Development","CDU Batch-1 - S-011","MCQ Practice","2026-06-22","43","51","84.3"
"Back End Development","CDU Batch-1 - S-011","Debugging Common Errors | Part 2","2026-06-20","37","51","72.5"
"Back End Development","CDU Batch-1 - S-011","Debugging Common Errors","2026-06-19","39","51","76.5"
"Back End Development","CDU Batch-1 - S-011","MCQ Practice","2026-06-19","39","51","76.5"
"Back End Development","CDU Batch-1 - S-011","REST APIs","2026-06-18","37","51","72.5"
"Back End Development","CDU Batch-1 - S-011","Introduction to Express JS | Part 3","2026-06-17","33","51","64.7"
"Back End Development","CDU Batch-1 - S-011","Coding Practice","2026-06-16","35","51","68.6"
"Back End Development","CDU Batch-1 - S-011","Introduction to Express JS | Part 3","2026-06-16","34","51","66.7"
"Back End Development","CDU Batch-1 - S-011","Introduction to Express JS | Part 3","2026-06-15","29","51","56.9"
"Back End Development","CDU Batch-1 - S-011","Coding Practice","2026-06-13","21","51","41.2"
"Back End Development","CDU Batch-1 - S-011","Introduction to Express JS | Part 2","2026-06-13","19","51","37.3"
"Back End Development","CDU Batch-1 - S-011","Introduction to Express JS","2026-06-12","16","51","31.4"
"Back End Development","CDU Batch-1 - S-011","MCQ Practice","2026-06-12","16","51","31.4"
"Back End Development","CDU Batch-1 - S-011","Introduction to Backend Development","2026-06-11","0","51","0"
"Back End Development","CDU Batch-1 - S-011","MCQ Practice","2026-06-11","0","51","0"
"Back End Development","CDU Batch-1 - S-012","MCQ Practice","2026-08-20","41","60","68.3"
"Back End Development","CDU Batch-1 - S-012","Protected Routes with JWT Authentication","2026-08-20","47","60","78.3"
"Back End Development","CDU Batch-1 - S-012","MCQ Practice","2026-08-19","47","60","78.3"
"Back End Development","CDU Batch-1 - S-012","Protected Routes with JWT Authentication","2026-08-19","43","60","71.7"
"Back End Development","CDU Batch-1 - S-012","Filtering and Sorting","2026-08-08","28","60","46.7"
"Back End Development","CDU Batch-1 - S-012","MCQ Practice","2026-08-08","30","60","50"
"Back End Development","CDU Batch-1 - S-012","Filtering and Sorting","2026-08-04","32","60","53.3"
"Back End Development","CDU Batch-1 - S-012","Filtering and Sorting","2026-08-03","36","60","60"
"Back End Development","CDU Batch-1 - S-012","Coding Practice","2026-08-01","43","60","71.7"
"Back End Development","CDU Batch-1 - S-012","Filtering and Sorting","2026-08-01","34","60","56.7"
"Back End Development","CDU Batch-1 - S-012","Filtering and Sorting","2026-07-31","1","60","1.7"
"Back End Development","CDU Batch-1 - S-012","Module Quiz-2","2026-07-31","1","60","1.7"
"Back End Development","CDU Batch-1 - S-012","Filtering and Sorting","2026-07-30","51","60","85"
"Back End Development","CDU Batch-1 - S-012","MCQ Practice","2026-07-30","41","60","68.3"
"Back End Development","CDU Batch-1 - S-012","Implementing CRUD Operations | Part 2","2026-07-29","43","60","71.7"
"Back End Development","CDU Batch-1 - S-012","MCQ Practice","2026-07-29","50","60","83.3"
"Back End Development","CDU Batch-1 - S-012","MCQ Practice","2026-07-28","51","60","85"
"Back End Development","CDU Batch-1 - S-012","Implementing CRUD Operations | Part 2","2026-07-27","48","60","80"
"Back End Development","CDU Batch-1 - S-012","MCQ Practice","2026-07-27","43","60","71.7"
"Back End Development","CDU Batch-1 - S-012","Coding Practice","2026-07-23","46","60","76.7"
"Back End Development","CDU Batch-1 - S-012","Implementing CRUD Operations | Part 1","2026-07-22","49","60","81.7"
"Back End Development","CDU Batch-1 - S-012","MCQ Practice","2026-07-22","45","60","75"
"Back End Development","CDU Batch-1 - S-012","MCQ Practice","2026-07-21","48","60","80"
"Back End Development","CDU Batch-1 - S-012","Implementing CRUD Operations | Part 1","2026-07-20","47","60","78.3"
"Back End Development","CDU Batch-1 - S-012","MCQ Practice","2026-07-18","35","60","58.3"
"Back End Development","CDU Batch-1 - S-012","Coding Practice","2026-07-17","78","120","65"
"Back End Development","CDU Batch-1 - S-012","Introduction to MVC and Mongoose Models","2026-07-17","32","60","53.3"
"Back End Development","CDU Batch-1 - S-012","MCQ Practice","2026-07-17","34","60","56.7"
"Back End Development","CDU Batch-1 - S-012","Coding Practice","2026-07-16","40","60","66.7"
"Back End Development","CDU Batch-1 - S-012","Connecting MongoDB to NodeJS","2026-07-16","54","60","90"
"Back End Development","CDU Batch-1 - S-012","MCQ Practice","2026-07-16","51","60","85"
"Back End Development","CDU Batch-1 - S-012","MCQ Practice","2026-07-15","47","60","78.3"
"Back End Development","CDU Batch-1 - S-012","Module Quiz-1","2026-07-15","49","60","81.7"
"Back End Development","CDU Batch-1 - S-012","Coding Practice","2026-07-14","48","60","80"
"Back End Development","CDU Batch-1 - S-012","MCQ Practice","2026-07-14","50","60","83.3"
"Back End Development","CDU Batch-1 - S-012","Streams","2026-07-13","39","60","65"
"Back End Development","CDU Batch-1 - S-012","File Systems Part - 2","2026-07-09","46","60","76.7"
"Back End Development","CDU Batch-1 - S-012","MCQ Practice","2026-07-09","53","60","88.3"
"Back End Development","CDU Batch-1 - S-012","MCQ Practice","2026-07-07","45","60","75"
"Back End Development","CDU Batch-1 - S-012","Coding Practice","2026-07-06","49","60","81.7"
"Back End Development","CDU Batch-1 - S-012","Coding Practice","2026-07-03","41","60","68.3"
"Back End Development","CDU Batch-1 - S-012","MCQ Practice","2026-07-03","43","60","71.7"
"Back End Development","CDU Batch-1 - S-012","File Systems Part - 1","2026-07-02","39","60","65"
"Back End Development","CDU Batch-1 - S-012","File Systems Part - 1","2026-07-01","35","60","58.3"
"Back End Development","CDU Batch-1 - S-012","MCQ Practice","2026-07-01","0","60","0"
"Back End Development","CDU Batch-1 - S-012","Authentication | Part 3","2026-06-29","52","60","86.7"
"Back End Development","CDU Batch-1 - S-012","MCQ Practice","2026-06-29","96","120","80"
"Back End Development","CDU Batch-1 - S-012","Authentication | Part 3","2026-06-27","13","60","21.7"
"Back End Development","CDU Batch-1 - S-012","MCQ Practice","2026-06-27","38","60","63.3"
"Back End Development","CDU Batch-1 - S-012","Authentication | Part 2","2026-06-25","13","60","21.7"
"Back End Development","CDU Batch-1 - S-012","Authentication","2026-06-24","39","60","65"
"Back End Development","CDU Batch-1 - S-012","Authentication","2026-06-23","18","60","30"
"Back End Development","CDU Batch-1 - S-012","MCQ Practice","2026-06-23","41","60","68.3"
"Back End Development","CDU Batch-1 - S-012","Debugging Common Errors | Part 2","2026-06-22","45","60","75"
"Back End Development","CDU Batch-1 - S-012","MCQ Practice","2026-06-22","39","60","65"
"Back End Development","CDU Batch-1 - S-012","Debugging Common Errors","2026-06-19","14","60","23.3"
"Back End Development","CDU Batch-1 - S-012","MCQ Practice","2026-06-19","31","60","51.7"
"Back End Development","CDU Batch-1 - S-012","MCQ Practice","2026-06-18","38","60","63.3"
"Back End Development","CDU Batch-1 - S-012","REST APIs","2026-06-18","38","60","63.3"
"Back End Development","CDU Batch-1 - S-012","Introduction to Express JS | Part 3","2026-06-17","21","60","35"
"Back End Development","CDU Batch-1 - S-012","MCQ Practice","2026-06-17","25","60","41.7"
"Back End Development","CDU Batch-1 - S-012","Coding Practice","2026-06-16","17","60","28.3"
"Back End Development","CDU Batch-1 - S-012","MCQ Practice","2026-06-16","13","60","21.7"
"Back End Development","CDU Batch-1 - S-012","Introduction to Express JS | Part 2","2026-06-15","22","60","36.7"
"Back End Development","CDU Batch-1 - S-012","MCQ Practice","2026-06-15","17","60","28.3"
"Back End Development","CDU Batch-1 - S-012","Introduction to Express JS | Part 2","2026-06-13","4","60","6.7"
"Back End Development","CDU Batch-1 - S-012","MCQ Practice","2026-06-13","4","60","6.7"
"Back End Development","CDU Batch-1 - S-012","Introduction to Express JS","2026-06-12","0","60","0"
"Back End Development","CDU Batch-1 - S-012","Introduction to Backend Development","2026-06-11","0","60","0"
"Back End Development","CDU Batch-1 - S-012","MCQ Practice","2026-06-11","0","60","0"
"Back End Development","CDU Batch-1 - S-013","Protected Routes with JWT Authentication","2026-08-22","0","60","0"
"Back End Development","CDU Batch-1 - S-013","MCQ Practice","2026-08-20","31","60","51.7"
"Back End Development","CDU Batch-1 - S-013","Protected Routes with JWT Authentication","2026-08-20","40","60","66.7"
"Back End Development","CDU Batch-1 - S-013","Coding Practice","2026-08-19","44","60","73.3"
"Back End Development","CDU Batch-1 - S-013","MCQ Practice","2026-08-19","75","120","62.5"
"Back End Development","CDU Batch-1 - S-013","Protected Routes with JWT Authentication","2026-08-19","45","60","75"
"Back End Development","CDU Batch-1 - S-013","Filtering and Sorting","2026-08-08","26","60","43.3"
"Back End Development","CDU Batch-1 - S-013","Filtering and Sorting","2026-08-04","42","60","70"
"Back End Development","CDU Batch-1 - S-013","MCQ Practice","2026-08-04","38","60","63.3"
"Back End Development","CDU Batch-1 - S-013","Filtering and Sorting","2026-08-03","42","60","70"
"Back End Development","CDU Batch-1 - S-013","MCQ Practice","2026-07-31","40","60","66.7"
"Back End Development","CDU Batch-1 - S-013","Module Quiz-2","2026-07-31","37","60","61.7"
"Back End Development","CDU Batch-1 - S-013","Implementing CRUD Operations | Part 2","2026-07-30","45","60","75"
"Back End Development","CDU Batch-1 - S-013","MCQ Practice","2026-07-30","51","60","85"
"Back End Development","CDU Batch-1 - S-013","Implementing CRUD Operations | Part 2","2026-07-29","44","60","73.3"
"Back End Development","CDU Batch-1 - S-013","MCQ Practice","2026-07-29","46","60","76.7"
"Back End Development","CDU Batch-1 - S-013","Coding Practice","2026-07-28","52","60","86.7"
"Back End Development","CDU Batch-1 - S-013","Coding Practice","2026-07-27","34","60","56.7"
"Back End Development","CDU Batch-1 - S-013","Implementing CRUD Operations | Part 1","2026-07-27","45","60","75"
"Back End Development","CDU Batch-1 - S-013","MCQ Practice","2026-07-27","47","60","78.3"
"Back End Development","CDU Batch-1 - S-013","Implementing CRUD Operations | Part 1","2026-07-23","46","60","76.7"
"Back End Development","CDU Batch-1 - S-013","Coding Practice","2026-07-22","42","60","70"
"Back End Development","CDU Batch-1 - S-013","MCQ Practice","2026-07-22","104","120","86.7"
"Back End Development","CDU Batch-1 - S-013","Introduction to MVC and Mongoose Models","2026-07-21","53","60","88.3"
"Back End Development","CDU Batch-1 - S-013","Coding Practice","2026-07-20","40","60","66.7"
"Back End Development","CDU Batch-1 - S-013","MCQ Practice","2026-07-20","51","60","85"
"Back End Development","CDU Batch-1 - S-013","MCQ Practice","2026-07-18","49","60","81.7"
"Back End Development","CDU Batch-1 - S-013","Connecting MongoDB to NodeJS","2026-07-17","54","60","90"
"Back End Development","CDU Batch-1 - S-013","MCQ Practice","2026-07-16","51","60","85"
"Back End Development","CDU Batch-1 - S-013","Module Quiz-1","2026-07-15","37","60","61.7"
"Back End Development","CDU Batch-1 - S-013","Streams","2026-07-15","38","60","63.3"
"Back End Development","CDU Batch-1 - S-013","Coding Practice","2026-07-14","106","120","88.3"
"Back End Development","CDU Batch-1 - S-013","MCQ Practice","2026-07-14","52","60","86.7"
"Back End Development","CDU Batch-1 - S-013","MCQ Practice","2026-07-13","45","60","75"
"Back End Development","CDU Batch-1 - S-013","Streams","2026-07-13","51","60","85"
"Back End Development","CDU Batch-1 - S-013","Coding Practice","2026-07-11","39","60","65"
"Back End Development","CDU Batch-1 - S-013","MCQ Practice","2026-07-09","50","60","83.3"
"Back End Development","CDU Batch-1 - S-013","File Systems Part - 2","2026-07-08","48","60","80"
"Back End Development","CDU Batch-1 - S-013","Coding Practice","2026-07-07","44","60","73.3"
"Back End Development","CDU Batch-1 - S-013","File Systems Part - 1","2026-07-07","28","60","46.7"
"Back End Development","CDU Batch-1 - S-013","Coding Practice","2026-07-06","41","60","68.3"
"Back End Development","CDU Batch-1 - S-013","MCQ Practice","2026-07-06","40","60","66.7"
"Back End Development","CDU Batch-1 - S-013","Coding Practice","2026-07-03","43","60","71.7"
"Back End Development","CDU Batch-1 - S-013","File Systems Part - 1","2026-07-03","43","60","71.7"
"Back End Development","CDU Batch-1 - S-013","Authentication | Part 3","2026-07-02","1","60","1.7"
"Back End Development","CDU Batch-1 - S-013","Authentication | Part 3","2026-07-01","32","60","53.3"
"Back End Development","CDU Batch-1 - S-013","MCQ Practice","2026-07-01","2","60","3.3"
"Back End Development","CDU Batch-1 - S-013","MCQ Practice","2026-06-29","93","120","77.5"
"Back End Development","CDU Batch-1 - S-013","Authentication | Part 3","2026-06-27","40","60","66.7"
"Back End Development","CDU Batch-1 - S-013","Authentication | Part 2","2026-06-25","47","60","78.3"
"Back End Development","CDU Batch-1 - S-013","Authentication | Part 2","2026-06-24","34","60","56.7"
"Back End Development","CDU Batch-1 - S-013","MCQ Practice","2026-06-24","42","60","70"
"Back End Development","CDU Batch-1 - S-013","Authentication","2026-06-23","47","60","78.3"
"Back End Development","CDU Batch-1 - S-013","MCQ Practice","2026-06-23","39","60","65"
"Back End Development","CDU Batch-1 - S-013","Authentication","2026-06-22","47","60","78.3"
"Back End Development","CDU Batch-1 - S-013","MCQ Practice","2026-06-22","32","60","53.3"
"Back End Development","CDU Batch-1 - S-013","Debugging Common Errors | Part 2","2026-06-20","33","60","55"
"Back End Development","CDU Batch-1 - S-013","Debugging Common Errors","2026-06-19","49","60","81.7"
"Back End Development","CDU Batch-1 - S-013","MCQ Practice","2026-06-18","43","60","71.7"
"Back End Development","CDU Batch-1 - S-013","REST APIs","2026-06-18","45","60","75"
"Back End Development","CDU Batch-1 - S-013","MCQ Practice","2026-06-17","46","60","76.7"
"Back End Development","CDU Batch-1 - S-013","REST APIs","2026-06-17","47","60","78.3"
"Back End Development","CDU Batch-1 - S-013","Introduction to Express JS | Part 3","2026-06-16","38","60","63.3"
"Back End Development","CDU Batch-1 - S-013","MCQ Practice","2026-06-16","38","60","63.3"
"Back End Development","CDU Batch-1 - S-013","Coding Practice","2026-06-15","23","60","38.3"
"Back End Development","CDU Batch-1 - S-013","Introduction to Express JS | Part 3","2026-06-15","28","60","46.7"
"Back End Development","CDU Batch-1 - S-013","Introduction to Express JS | Part 2","2026-06-13","12","60","20"
"Back End Development","CDU Batch-1 - S-013","MCQ Practice","2026-06-13","12","60","20"
"Back End Development","CDU Batch-1 - S-013","Introduction to Express JS","2026-06-12","13","60","21.7"
"Back End Development","CDU Batch-1 - S-013","Introduction to Backend Development","2026-06-11","0","60","0"
"Back End Development","CDU Batch-1 - S-014","MCQ Practice","2026-08-20","32","60","53.3"
"Back End Development","CDU Batch-1 - S-014","Protected Routes with JWT Authentication","2026-08-20","47","60","78.3"
"Back End Development","CDU Batch-1 - S-014","Coding Practice","2026-08-19","41","60","68.3"
"Back End Development","CDU Batch-1 - S-014","Filtering and Sorting","2026-08-19","46","60","76.7"
"Back End Development","CDU Batch-1 - S-014","MCQ Practice","2026-08-19","46","60","76.7"
"Back End Development","CDU Batch-1 - S-014","MCQ Practice","2026-08-08","29","60","48.3"
"Back End Development","CDU Batch-1 - S-014","Filtering and Sorting","2026-08-04","46","60","76.7"
"Back End Development","CDU Batch-1 - S-014","Filtering and Sorting","2026-08-03","40","60","66.7"
"Back End Development","CDU Batch-1 - S-014","Implementing CRUD Operations | Part 2","2026-07-31","43","60","71.7"
"Back End Development","CDU Batch-1 - S-014","MCQ Practice","2026-07-31","43","60","71.7"
"Back End Development","CDU Batch-1 - S-014","Module Quiz-2","2026-07-31","28","60","46.7"
"Back End Development","CDU Batch-1 - S-014","MCQ Practice","2026-07-30","50","60","83.3"
"Back End Development","CDU Batch-1 - S-014","Coding Practice","2026-07-28","47","60","78.3"
"Back End Development","CDU Batch-1 - S-014","Implementing CRUD Operations | Part 2","2026-07-28","46","60","76.7"
"Back End Development","CDU Batch-1 - S-014","MCQ Practice","2026-07-28","43","60","71.7"
"Back End Development","CDU Batch-1 - S-014","Implementing CRUD Operations | Part 1","2026-07-27","45","60","75"
"Back End Development","CDU Batch-1 - S-014","MCQ Practice","2026-07-27","49","60","81.7"
"Back End Development","CDU Batch-1 - S-014","Implementing CRUD Operations | Part 1","2026-07-23","39","60","65"
"Back End Development","CDU Batch-1 - S-014","Implementing CRUD Operations | Part 1","2026-07-22","47","60","78.3"
"Back End Development","CDU Batch-1 - S-014","MCQ Practice","2026-07-22","85","120","70.8"
"Back End Development","CDU Batch-1 - S-014","Coding Practice","2026-07-21","52","60","86.7"
"Back End Development","CDU Batch-1 - S-014","MCQ Practice","2026-07-21","43","60","71.7"
"Back End Development","CDU Batch-1 - S-014","Introduction to MVC and Mongoose Models","2026-07-20","46","60","76.7"
"Back End Development","CDU Batch-1 - S-014","Coding Practice","2026-07-18","28","60","46.7"
"Back End Development","CDU Batch-1 - S-014","Connecting MongoDB to NodeJS","2026-07-18","53","60","88.3"
"Back End Development","CDU Batch-1 - S-014","MCQ Practice","2026-07-18","30","60","50"
"Back End Development","CDU Batch-1 - S-014","Coding Practice","2026-07-17","48","60","80"
"Back End Development","CDU Batch-1 - S-014","MCQ Practice","2026-07-17","50","60","83.3"
"Back End Development","CDU Batch-1 - S-014","MCQ Practice","2026-07-16","47","60","78.3"
"Back End Development","CDU Batch-1 - S-014","Streams","2026-07-16","47","60","78.3"
"Back End Development","CDU Batch-1 - S-014","Module Quiz-1","2026-07-15","43","60","71.7"
"Back End Development","CDU Batch-1 - S-014","MCQ Practice","2026-07-14","28","60","46.7"
"Back End Development","CDU Batch-1 - S-014","Streams","2026-07-14","48","60","80"
"Back End Development","CDU Batch-1 - S-014","MCQ Practice","2026-07-13","46","60","76.7"
"Back End Development","CDU Batch-1 - S-014","File Systems Part - 2","2026-07-11","35","60","58.3"
"Back End Development","CDU Batch-1 - S-014","Coding Practice","2026-07-08","47","60","78.3"
"Back End Development","CDU Batch-1 - S-014","File Systems Part - 1","2026-07-08","48","60","80"
"Back End Development","CDU Batch-1 - S-014","Coding Practice","2026-07-07","47","60","78.3"
"Back End Development","CDU Batch-1 - S-014","File Systems Part - 1","2026-07-07","40","60","66.7"
"Back End Development","CDU Batch-1 - S-014","Coding Practice","2026-07-06","41","60","68.3"
"Back End Development","CDU Batch-1 - S-014","Authentication | Part 3","2026-07-03","37","60","61.7"
"Back End Development","CDU Batch-1 - S-014","MCQ Practice","2026-07-03","47","60","78.3"
"Back End Development","CDU Batch-1 - S-014","Authentication | Part 3","2026-07-02","51","60","85"
"Back End Development","CDU Batch-1 - S-014","Coding Practice","2026-07-02","48","60","80"
"Back End Development","CDU Batch-1 - S-014","MCQ Practice","2026-07-02","47","60","78.3"
"Back End Development","CDU Batch-1 - S-014","MCQ Practice","2026-07-01","40","120","33.3"
"Back End Development","CDU Batch-1 - S-014","Authentication | Part 2","2026-06-25","50","60","83.3"
"Back End Development","CDU Batch-1 - S-014","MCQ Practice","2026-06-25","40","60","66.7"
"Back End Development","CDU Batch-1 - S-014","Authentication | Part 2","2026-06-24","38","60","63.3"
"Back End Development","CDU Batch-1 - S-014","MCQ Practice","2026-06-24","71","120","59.2"
"Back End Development","CDU Batch-1 - S-014","Authentication","2026-06-23","32","60","53.3"
"Back End Development","CDU Batch-1 - S-014","Coding Practice","2026-06-23","13","60","21.7"
"Back End Development","CDU Batch-1 - S-014","MCQ Practice","2026-06-23","13","60","21.7"
"Back End Development","CDU Batch-1 - S-014","Authentication","2026-06-22","40","60","66.7"
"Back End Development","CDU Batch-1 - S-014","Debugging Common Errors | Part 2","2026-06-20","42","60","70"
"Back End Development","CDU Batch-1 - S-014","MCQ Practice","2026-06-20","65","120","54.2"
"Back End Development","CDU Batch-1 - S-014","Debugging Common Errors","2026-06-19","47","60","78.3"
"Back End Development","CDU Batch-1 - S-014","MCQ Practice","2026-06-19","47","60","78.3"
"Back End Development","CDU Batch-1 - S-014","MCQ Practice","2026-06-18","47","60","78.3"
"Back End Development","CDU Batch-1 - S-014","REST APIs","2026-06-18","44","60","73.3"
"Back End Development","CDU Batch-1 - S-014","MCQ Practice","2026-06-17","37","60","61.7"
"Back End Development","CDU Batch-1 - S-014","REST APIs","2026-06-17","33","60","55"
"Back End Development","CDU Batch-1 - S-014","Coding Practice","2026-06-16","33","60","55"
"Back End Development","CDU Batch-1 - S-014","Introduction to Express JS | Part 3","2026-06-16","31","60","51.7"
"Back End Development","CDU Batch-1 - S-014","Introduction to Express JS | Part 3","2026-06-15","9","60","15"
"Back End Development","CDU Batch-1 - S-014","Introduction to Express JS | Part 2","2026-06-13","10","60","16.7"
"Back End Development","CDU Batch-1 - S-014","MCQ Practice","2026-06-13","8","60","13.3"
"Back End Development","CDU Batch-1 - S-014","Introduction to Express JS","2026-06-12","7","60","11.7"
"Back End Development","CDU Batch-1 - S-014","MCQ Practice","2026-06-12","7","60","11.7"
"Back End Development","CDU Batch-1 - S-014","Introduction to Backend Development","2026-06-11","0","60","0"
"Back End Development","CDU Batch-1 - S-014","MCQ Practice","2026-06-11","0","60","0"
"Back End Development","CDU Batch-1 - S-015","MCQ Practice","2026-08-22","19","60","31.7"
"Back End Development","CDU Batch-1 - S-015","Protected Routes with JWT Authentication","2026-08-22","21","60","35"
"Back End Development","CDU Batch-1 - S-015","MCQ Practice","2026-08-20","47","60","78.3"
"Back End Development","CDU Batch-1 - S-015","Protected Routes with JWT Authentication","2026-08-20","36","60","60"
"Back End Development","CDU Batch-1 - S-015","MCQ Practice","2026-08-19","36","60","60"
"Back End Development","CDU Batch-1 - S-015","Protected Routes with JWT Authentication","2026-08-19","42","60","70"
"Back End Development","CDU Batch-1 - S-015","Coding Practice","2026-08-08","23","60","38.3"
"Back End Development","CDU Batch-1 - S-015","MCQ Practice","2026-08-08","14","60","23.3"
"Back End Development","CDU Batch-1 - S-015","Filtering and Sorting","2026-08-04","47","60","78.3"
"Back End Development","CDU Batch-1 - S-015","Filtering and Sorting","2026-08-03","44","60","73.3"
"Back End Development","CDU Batch-1 - S-015","MCQ Practice","2026-07-31","54","60","90"
"Back End Development","CDU Batch-1 - S-015","Module Quiz-2","2026-07-31","48","60","80"
"Back End Development","CDU Batch-1 - S-015","MCQ Practice","2026-07-30","50","60","83.3"
"Back End Development","CDU Batch-1 - S-015","Implementing CRUD Operations | Part 2","2026-07-29","43","60","71.7"
"Back End Development","CDU Batch-1 - S-015","Implementing CRUD Operations | Part 2","2026-07-28","50","60","83.3"
"Back End Development","CDU Batch-1 - S-015","MCQ Practice","2026-07-28","50","60","83.3"
"Back End Development","CDU Batch-1 - S-015","Coding Practice","2026-07-27","55","60","91.7"
"Back End Development","CDU Batch-1 - S-015","Implementing CRUD Operations | Part 1","2026-07-23","51","60","85"
"Back End Development","CDU Batch-1 - S-015","MCQ Practice","2026-07-22","51","60","85"
"Back End Development","CDU Batch-1 - S-015","Coding Practice","2026-07-21","55","60","91.7"
"Back End Development","CDU Batch-1 - S-015","MCQ Practice","2026-07-21","51","60","85"
"Back End Development","CDU Batch-1 - S-015","Implementing CRUD Operations | Part 1","2026-07-20","44","60","73.3"
"Back End Development","CDU Batch-1 - S-015","MCQ Practice","2026-07-20","44","60","73.3"
"Back End Development","CDU Batch-1 - S-015","Coding Practice","2026-07-18","43","60","71.7"
"Back End Development","CDU Batch-1 - S-015","MCQ Practice","2026-07-18","40","60","66.7"
"Back End Development","CDU Batch-1 - S-015","Introduction to MVC and Mongoose Models","2026-07-17","44","60","73.3"
"Back End Development","CDU Batch-1 - S-015","MCQ Practice","2026-07-17","41","60","68.3"
"Back End Development","CDU Batch-1 - S-015","MCQ Practice","2026-07-16","50","60","83.3"
"Back End Development","CDU Batch-1 - S-015","Connecting MongoDB to NodeJS","2026-07-15","47","60","78.3"
"Back End Development","CDU Batch-1 - S-015","MCQ Practice","2026-07-15","39","60","65"
"Back End Development","CDU Batch-1 - S-015","Module Quiz-1","2026-07-15","45","60","75"
"Back End Development","CDU Batch-1 - S-015","MCQ Practice","2026-07-14","53","60","88.3"
"Back End Development","CDU Batch-1 - S-015","Streams","2026-07-13","49","60","81.7"
"Back End Development","CDU Batch-1 - S-015","MCQ Practice","2026-07-11","36","60","60"
"Back End Development","CDU Batch-1 - S-015","File Systems Part - 2","2026-07-09","49","60","81.7"
"Back End Development","CDU Batch-1 - S-015","MCQ Practice","2026-07-09","96","120","80"
"Back End Development","CDU Batch-1 - S-015","File Systems Part - 1","2026-07-08","48","60","80"
"Back End Development","CDU Batch-1 - S-015","MCQ Practice","2026-07-08","48","60","80"
"Back End Development","CDU Batch-1 - S-015","File Systems Part - 1","2026-07-07","45","60","75"
"Back End Development","CDU Batch-1 - S-015","MCQ Practice","2026-07-07","45","60","75"
"Back End Development","CDU Batch-1 - S-015","Coding Practice","2026-07-03","47","60","78.3"
"Back End Development","CDU Batch-1 - S-015","MCQ Practice","2026-07-03","50","60","83.3"
"Back End Development","CDU Batch-1 - S-015","Authentication | Part 3","2026-07-02","21","60","35"
"Back End Development","CDU Batch-1 - S-015","MCQ Practice","2026-07-02","49","60","81.7"
"Back End Development","CDU Batch-1 - S-015","MCQ Practice","2026-06-29","93","120","77.5"
"Back End Development","CDU Batch-1 - S-015","Authentication | Part 3","2026-06-27","32","60","53.3"
"Back End Development","CDU Batch-1 - S-015","MCQ Practice","2026-06-27","34","60","56.7"
"Back End Development","CDU Batch-1 - S-015","Authentication | Part 2","2026-06-25","51","60","85"
"Back End Development","CDU Batch-1 - S-015","Authentication | Part 2","2026-06-24","48","60","80"
"Back End Development","CDU Batch-1 - S-015","Coding Practice","2026-06-24","39","60","65"
"Back End Development","CDU Batch-1 - S-015","MCQ Practice","2026-06-24","76","120","63.3"
"Back End Development","CDU Batch-1 - S-015","Authentication","2026-06-23","46","60","76.7"
"Back End Development","CDU Batch-1 - S-015","Coding Practice","2026-06-23","36","60","60"
"Back End Development","CDU Batch-1 - S-015","MCQ Practice","2026-06-23","36","60","60"
"Back End Development","CDU Batch-1 - S-015","Authentication","2026-06-22","54","60","90"
"Back End Development","CDU Batch-1 - S-015","Debugging Common Errors | Part 2","2026-06-20","43","60","71.7"
"Back End Development","CDU Batch-1 - S-015","Coding Practice","2026-06-19","47","60","78.3"
"Back End Development","CDU Batch-1 - S-015","Debugging Common Errors","2026-06-19","48","60","80"
"Back End Development","CDU Batch-1 - S-015","MCQ Practice","2026-06-19","45","60","75"
"Back End Development","CDU Batch-1 - S-015","MCQ Practice","2026-06-18","48","60","80"
"Back End Development","CDU Batch-1 - S-015","REST APIs","2026-06-18","45","60","75"
"Back End Development","CDU Batch-1 - S-015","Coding Practice","2026-06-16","10","60","16.7"
"Back End Development","CDU Batch-1 - S-015","Introduction to Express JS | Part 3","2026-06-16","10","60","16.7"
"Back End Development","CDU Batch-1 - S-015","Coding Practice","2026-06-15","11","60","18.3"
"Back End Development","CDU Batch-1 - S-015","Introduction to Express JS | Part 2","2026-06-15","11","60","18.3"
"Back End Development","CDU Batch-1 - S-015","Introduction to Express JS","2026-06-13","7","60","11.7"
"Back End Development","CDU Batch-1 - S-015","MCQ Practice","2026-06-13","7","60","11.7"
"Back End Development","CDU Batch-1 - S-015","Introduction to Backend Development","2026-06-12","9","60","15"
"Back End Development","CDU Batch-1 - S-016","MCQ Practice","2026-08-22","31","76","40.8"
"Back End Development","CDU Batch-1 - S-016","MCQ Practice","2026-08-20","49","76","64.5"
"Back End Development","CDU Batch-1 - S-016","Protected Routes with JWT Authentication","2026-08-20","51","76","67.1"
"Back End Development","CDU Batch-1 - S-016","MCQ Practice","2026-08-08","38","76","50"
"Back End Development","CDU Batch-1 - S-016","Coding Practice","2026-08-03","46","76","60.5"
"Back End Development","CDU Batch-1 - S-016","Filtering and Sorting","2026-08-03","59","76","77.6"
"Back End Development","CDU Batch-1 - S-016","Filtering and Sorting","2026-08-01","35","76","46.1"
"Back End Development","CDU Batch-1 - S-016","MCQ Practice","2026-08-01","43","76","56.6"
"Back End Development","CDU Batch-1 - S-016","Implementing CRUD Operations | Part 2","2026-07-31","50","76","65.8"
"Back End Development","CDU Batch-1 - S-016","MCQ Practice","2026-07-31","54","76","71.1"
"Back End Development","CDU Batch-1 - S-016","Module Quiz-2","2026-07-31","42","76","55.3"
"Back End Development","CDU Batch-1 - S-016","MCQ Practice","2026-07-30","22","76","28.9"
"Back End Development","CDU Batch-1 - S-016","Implementing CRUD Operations | Part 2","2026-07-29","47","76","61.8"
"Back End Development","CDU Batch-1 - S-016","Coding Practice","2026-07-28","115","152","75.7"
"Back End Development","CDU Batch-1 - S-016","Coding Practice","2026-07-27","53","76","69.7"
"Back End Development","CDU Batch-1 - S-016","Implementing CRUD Operations | Part 1","2026-07-27","49","76","64.5"
"Back End Development","CDU Batch-1 - S-016","MCQ Practice","2026-07-27","60","76","78.9"
"Back End Development","CDU Batch-1 - S-016","Introduction to MVC and Mongoose Models","2026-07-23","52","76","68.4"
"Back End Development","CDU Batch-1 - S-016","MCQ Practice","2026-07-22","182","228","79.8"
"Back End Development","CDU Batch-1 - S-016","Coding Practice","2026-07-21","67","76","88.2"
"Back End Development","CDU Batch-1 - S-016","Connecting MongoDB to NodeJS","2026-07-21","64","76","84.2"
"Back End Development","CDU Batch-1 - S-016","MCQ Practice","2026-07-21","47","76","61.8"
"Back End Development","CDU Batch-1 - S-016","Connecting MongoDB to NodeJS","2026-07-20","53","76","69.7"
"Back End Development","CDU Batch-1 - S-016","MCQ Practice","2026-07-20","70","152","46.1"
"Back End Development","CDU Batch-1 - S-016","MCQ Practice","2026-07-17","93","152","61.2"
"Back End Development","CDU Batch-1 - S-016","Streams","2026-07-17","50","76","65.8"
"Back End Development","CDU Batch-1 - S-016","MCQ Practice","2026-07-16","45","76","59.2"
"Back End Development","CDU Batch-1 - S-016","Module Quiz-1","2026-07-15","59","76","77.6"
"Back End Development","CDU Batch-1 - S-016","Streams","2026-07-15","64","76","84.2"
"Back End Development","CDU Batch-1 - S-016","File Systems Part - 2","2026-07-14","59","76","77.6"
"Back End Development","CDU Batch-1 - S-016","MCQ Practice","2026-07-14","101","152","66.4"
"Back End Development","CDU Batch-1 - S-016","File Systems Part - 2","2026-07-13","63","76","82.9"
"Back End Development","CDU Batch-1 - S-016","File Systems Part - 1","2026-07-09","60","76","78.9"
"Back End Development","CDU Batch-1 - S-016","MCQ Practice","2026-07-09","61","76","80.3"
"Back End Development","CDU Batch-1 - S-016","File Systems Part - 1","2026-07-08","68","76","89.5"
"Back End Development","CDU Batch-1 - S-016","MCQ Practice","2026-07-08","67","76","88.2"
"Back End Development","CDU Batch-1 - S-016","File Systems Part - 1","2026-07-07","29","76","38.2"
"Back End Development","CDU Batch-1 - S-016","Authentication | Part 3","2026-07-06","56","76","73.7"
"Back End Development","CDU Batch-1 - S-016","Coding Practice","2026-07-06","59","76","77.6"
"Back End Development","CDU Batch-1 - S-016","MCQ Practice","2026-07-06","58","76","76.3"
"Back End Development","CDU Batch-1 - S-016","Authentication | Part 3","2026-07-03","54","76","71.1"
"Back End Development","CDU Batch-1 - S-016","Coding Practice","2026-07-03","52","76","68.4"
"Back End Development","CDU Batch-1 - S-016","MCQ Practice","2026-07-02","57","76","75"
"Back End Development","CDU Batch-1 - S-016","MCQ Practice","2026-07-01","56","76","73.7"
"Back End Development","CDU Batch-1 - S-016","MCQ Practice","2026-06-29","60","76","78.9"
"Back End Development","CDU Batch-1 - S-016","Authentication | Part 3","2026-06-27","43","76","56.6"
"Back End Development","CDU Batch-1 - S-016","Authentication | Part 2","2026-06-25","52","76","68.4"
"Back End Development","CDU Batch-1 - S-016","Coding Practice","2026-06-25","60","76","78.9"
"Back End Development","CDU Batch-1 - S-016","MCQ Practice","2026-06-25","56","76","73.7"
"Back End Development","CDU Batch-1 - S-016","Authentication | Part 2","2026-06-24","52","76","68.4"
"Back End Development","CDU Batch-1 - S-016","MCQ Practice","2026-06-24","47","76","61.8"
"Back End Development","CDU Batch-1 - S-016","Authentication","2026-06-23","38","76","50"
"Back End Development","CDU Batch-1 - S-016","MCQ Practice","2026-06-23","41","76","53.9"
"Back End Development","CDU Batch-1 - S-016","Authentication","2026-06-22","50","76","65.8"
"Back End Development","CDU Batch-1 - S-016","Debugging Common Errors | Part 2","2026-06-20","39","76","51.3"
"Back End Development","CDU Batch-1 - S-016","Coding Practice","2026-06-19","36","76","47.4"
"Back End Development","CDU Batch-1 - S-016","Debugging Common Errors","2026-06-19","38","76","50"
"Back End Development","CDU Batch-1 - S-016","MCQ Practice","2026-06-19","36","76","47.4"
"Back End Development","CDU Batch-1 - S-016","REST APIs","2026-06-18","21","76","27.6"
"Back End Development","CDU Batch-1 - S-016","MCQ Practice","2026-06-17","6","76","7.9"
"Back End Development","CDU Batch-1 - S-016","REST APIs","2026-06-17","6","76","7.9"
"Back End Development","CDU Batch-1 - S-016","Coding Practice","2026-06-15","8","76","10.5"
"Back End Development","CDU Batch-1 - S-016","Introduction to Express JS | Part 3","2026-06-15","8","76","10.5"
"Back End Development","CDU Batch-1 - S-016","Introduction to Express JS | Part 2","2026-06-13","9","76","11.8"
"Back End Development","CDU Batch-1 - S-016","Introduction to Express JS","2026-06-12","8","76","10.5"
"Back End Development","CDU Batch-1 - S-016","Introduction to Backend Development","2026-06-11","0","76","0"
"Back End Development","CDU Batch-1 - S-017","MCQ Practice","2026-08-22","21","60","35"
"Back End Development","CDU Batch-1 - S-017","MCQ Practice","2026-08-19","28","60","46.7"
"Back End Development","CDU Batch-1 - S-017","Protected Routes with JWT Authentication","2026-08-19","29","60","48.3"
"Back End Development","CDU Batch-1 - S-017","Coding Practice","2026-08-04","80","120","66.7"
"Back End Development","CDU Batch-1 - S-017","Filtering and Sorting","2026-08-03","40","60","66.7"
"Back End Development","CDU Batch-1 - S-017","MCQ Practice","2026-08-03","30","60","50"
"Back End Development","CDU Batch-1 - S-017","Filtering and Sorting","2026-08-01","32","60","53.3"
"Back End Development","CDU Batch-1 - S-017","MCQ Practice","2026-08-01","36","60","60"
"Back End Development","CDU Batch-1 - S-017","Module Quiz-2","2026-07-31","33","60","55"
"Back End Development","CDU Batch-1 - S-017","Implementing CRUD Operations | Part 2","2026-07-30","24","60","40"
"Back End Development","CDU Batch-1 - S-017","MCQ Practice","2026-07-30","36","60","60"
"Back End Development","CDU Batch-1 - S-017","Module Quiz-2","2026-07-30","36","60","60"
"Back End Development","CDU Batch-1 - S-017","Coding Practice","2026-07-29","40","60","66.7"
"Back End Development","CDU Batch-1 - S-017","Implementing CRUD Operations | Part 2","2026-07-29","37","60","61.7"
"Back End Development","CDU Batch-1 - S-017","MCQ Practice","2026-07-29","34","60","56.7"
"Back End Development","CDU Batch-1 - S-017","Coding Practice","2026-07-28","41","60","68.3"
"Back End Development","CDU Batch-1 - S-017","Implementing CRUD Operations | Part 1","2026-07-27","41","60","68.3"
"Back End Development","CDU Batch-1 - S-017","MCQ Practice","2026-07-27","45","60","75"
"Back End Development","CDU Batch-1 - S-017","Implementing CRUD Operations | Part 1","2026-07-23","44","60","73.3"
"Back End Development","CDU Batch-1 - S-017","Introduction to MVC and Mongoose Models","2026-07-21","45","60","75"
"Back End Development","CDU Batch-1 - S-017","MCQ Practice","2026-07-21","39","60","65"
"Back End Development","CDU Batch-1 - S-017","MCQ Practice","2026-07-20","35","60","58.3"
"Back End Development","CDU Batch-1 - S-017","Coding Practice","2026-07-18","64","120","53.3"
"Back End Development","CDU Batch-1 - S-017","Connecting MongoDB to NodeJS","2026-07-18","42","60","70"
"Back End Development","CDU Batch-1 - S-017","Streams","2026-07-17","50","60","83.3"
"Back End Development","CDU Batch-1 - S-017","MCQ Practice","2026-07-16","102","120","85"
"Back End Development","CDU Batch-1 - S-017","MCQ Practice","2026-07-15","34","60","56.7"
"Back End Development","CDU Batch-1 - S-017","Module Quiz-1","2026-07-15","39","60","65"
"Back End Development","CDU Batch-1 - S-017","Streams","2026-07-15","46","60","76.7"
"Back End Development","CDU Batch-1 - S-017","Coding Practice","2026-07-14","50","60","83.3"
"Back End Development","CDU Batch-1 - S-017","File Systems Part - 2","2026-07-14","51","60","85"
"Back End Development","CDU Batch-1 - S-017","MCQ Practice","2026-07-14","48","60","80"
"Back End Development","CDU Batch-1 - S-017","MCQ Practice","2026-07-13","44","60","73.3"
"Back End Development","CDU Batch-1 - S-017","File Systems Part - 1","2026-07-09","47","60","78.3"
"Back End Development","CDU Batch-1 - S-017","File Systems Part - 1","2026-07-08","30","60","50"
"Back End Development","CDU Batch-1 - S-017","MCQ Practice","2026-07-08","34","60","56.7"
"Back End Development","CDU Batch-1 - S-017","File Systems Part - 1","2026-07-07","46","60","76.7"
"Back End Development","CDU Batch-1 - S-017","Coding Practice","2026-07-06","42","60","70"
"Back End Development","CDU Batch-1 - S-017","MCQ Practice","2026-07-06","73","120","60.8"
"Back End Development","CDU Batch-1 - S-017","Authentication | Part 3","2026-07-03","21","60","35"
"Back End Development","CDU Batch-1 - S-017","Coding Practice","2026-07-03","44","60","73.3"
"Back End Development","CDU Batch-1 - S-017","MCQ Practice","2026-07-03","45","60","75"
"Back End Development","CDU Batch-1 - S-017","Authentication | Part 2","2026-07-02","43","60","71.7"
"Back End Development","CDU Batch-1 - S-017","Authentication | Part 3","2026-06-29","45","60","75"
"Back End Development","CDU Batch-1 - S-017","MCQ Practice","2026-06-29","60","120","50"
"Back End Development","CDU Batch-1 - S-017","Authentication | Part 2","2026-06-27","26","60","43.3"
"Back End Development","CDU Batch-1 - S-017","Coding Practice","2026-06-27","33","60","55"
"Back End Development","CDU Batch-1 - S-017","Authentication | Part 2","2026-06-25","40","60","66.7"
"Back End Development","CDU Batch-1 - S-017","Coding Practice","2026-06-25","38","60","63.3"
"Back End Development","CDU Batch-1 - S-017","MCQ Practice","2026-06-25","64","120","53.3"
"Back End Development","CDU Batch-1 - S-017","Authentication","2026-06-24","43","60","71.7"
"Back End Development","CDU Batch-1 - S-017","Coding Practice","2026-06-24","3","60","5"
"Back End Development","CDU Batch-1 - S-017","Authentication","2026-06-23","16","60","26.7"
"Back End Development","CDU Batch-1 - S-017","Coding Practice","2026-06-23","17","60","28.3"
"Back End Development","CDU Batch-1 - S-017","MCQ Practice","2026-06-23","26","60","43.3"
"Back End Development","CDU Batch-1 - S-017","Debugging Common Errors | Part 2","2026-06-22","19","60","31.7"
"Back End Development","CDU Batch-1 - S-017","MCQ Practice","2026-06-20","11","60","18.3"
"Back End Development","CDU Batch-1 - S-017","Debugging Common Errors","2026-06-19","10","60","16.7"
"Back End Development","CDU Batch-1 - S-017","REST APIs","2026-06-18","11","60","18.3"
"Back End Development","CDU Batch-1 - S-017","REST APIs","2026-06-17","5","60","8.3"
"Back End Development","CDU Batch-1 - S-017","Introduction to Express JS | Part 3","2026-06-16","2","60","3.3"
"Back End Development","CDU Batch-1 - S-017","MCQ Practice","2026-06-16","2","60","3.3"
"Back End Development","CDU Batch-1 - S-017","Introduction to Express JS | Part 3","2026-06-15","0","60","0"
"Back End Development","CDU Batch-1 - S-017","Introduction to Express JS | Part 2","2026-06-13","0","60","0"
"Back End Development","CDU Batch-1 - S-017","MCQ Practice","2026-06-13","0","60","0"
"Back End Development","CDU Batch-1 - S-017","Introduction to Express JS","2026-06-12","0","60","0"
"Back End Development","CDU Batch-1 - S-017","Introduction to Backend Development","2026-06-11","0","60","0"
"Back End Development","CDU Batch-1 - S-018","MCQ Practice","2026-08-22","0","60","0"
"Back End Development","CDU Batch-1 - S-018","MCQ Practice","2026-08-20","31","60","51.7"
"Back End Development","CDU Batch-1 - S-018","Protected Routes with JWT Authentication","2026-08-19","32","60","53.3"
"Back End Development","CDU Batch-1 - S-018","Filtering and Sorting","2026-08-08","28","60","46.7"
"Back End Development","CDU Batch-1 - S-018","MCQ Practice","2026-08-08","25","60","41.7"
"Back End Development","CDU Batch-1 - S-018","Coding Practice","2026-08-04","42","60","70"
"Back End Development","CDU Batch-1 - S-018","MCQ Practice","2026-08-04","35","60","58.3"
"Back End Development","CDU Batch-1 - S-018","Filtering and Sorting","2026-08-03","33","60","55"
"Back End Development","CDU Batch-1 - S-018","MCQ Practice","2026-07-31","29","60","48.3"
"Back End Development","CDU Batch-1 - S-018","Module Quiz-2","2026-07-31","32","60","53.3"
"Back End Development","CDU Batch-1 - S-018","Implementing CRUD Operations | Part 2","2026-07-30","40","60","66.7"
"Back End Development","CDU Batch-1 - S-018","MCQ Practice","2026-07-30","35","60","58.3"
"Back End Development","CDU Batch-1 - S-018","Coding Practice","2026-07-29","31","60","51.7"
"Back End Development","CDU Batch-1 - S-018","Implementing CRUD Operations | Part 2","2026-07-29","39","60","65"
"Back End Development","CDU Batch-1 - S-018","MCQ Practice","2026-07-29","39","60","65"
"Back End Development","CDU Batch-1 - S-018","Coding Practice","2026-07-28","37","60","61.7"
"Back End Development","CDU Batch-1 - S-018","Coding Practice","2026-07-27","38","60","63.3"
"Back End Development","CDU Batch-1 - S-018","Implementing CRUD Operations | Part 1","2026-07-27","41","60","68.3"
"Back End Development","CDU Batch-1 - S-018","MCQ Practice","2026-07-27","32","60","53.3"
"Back End Development","CDU Batch-1 - S-018","Implementing CRUD Operations | Part 1","2026-07-23","48","60","80"
"Back End Development","CDU Batch-1 - S-018","MCQ Practice","2026-07-23","47","60","78.3"
"Back End Development","CDU Batch-1 - S-018","MCQ Practice","2026-07-22","40","60","66.7"
"Back End Development","CDU Batch-1 - S-018","Coding Practice","2026-07-21","41","60","68.3"
"Back End Development","CDU Batch-1 - S-018","Introduction to MVC and Mongoose Models","2026-07-21","43","60","71.7"
"Back End Development","CDU Batch-1 - S-018","MCQ Practice","2026-07-21","41","60","68.3"
"Back End Development","CDU Batch-1 - S-018","MCQ Practice","2026-07-20","46","60","76.7"
"Back End Development","CDU Batch-1 - S-018","Connecting MongoDB to NodeJS","2026-07-18","35","60","58.3"
"Back End Development","CDU Batch-1 - S-018","MCQ Practice","2026-07-18","27","60","45"
"Back End Development","CDU Batch-1 - S-018","MCQ Practice","2026-07-17","88","120","73.3"
"Back End Development","CDU Batch-1 - S-018","Streams","2026-07-17","42","60","70"
"Back End Development","CDU Batch-1 - S-018","MCQ Practice","2026-07-16","88","120","73.3"
"Back End Development","CDU Batch-1 - S-018","MCQ Practice","2026-07-15","40","60","66.7"
"Back End Development","CDU Batch-1 - S-018","Module Quiz-1","2026-07-15","41","60","68.3"
"Back End Development","CDU Batch-1 - S-018","Streams","2026-07-15","42","60","70"
"Back End Development","CDU Batch-1 - S-018","File Systems Part - 2","2026-07-13","39","60","65"
"Back End Development","CDU Batch-1 - S-018","MCQ Practice","2026-07-13","37","60","61.7"
"Back End Development","CDU Batch-1 - S-018","File Systems Part - 1","2026-07-09","49","60","81.7"
"Back End Development","CDU Batch-1 - S-018","MCQ Practice","2026-07-09","0","60","0"
"Back End Development","CDU Batch-1 - S-018","File Systems Part - 1","2026-07-08","51","60","85"
"Back End Development","CDU Batch-1 - S-018","Coding Practice","2026-07-07","44","60","73.3"
"Back End Development","CDU Batch-1 - S-018","File Systems Part - 1","2026-07-07","38","60","63.3"
"Back End Development","CDU Batch-1 - S-018","Coding Practice","2026-07-06","29","60","48.3"
"Back End Development","CDU Batch-1 - S-018","MCQ Practice","2026-07-06","45","60","75"
"Back End Development","CDU Batch-1 - S-018","Coding Practice","2026-07-03","44","60","73.3"
"Back End Development","CDU Batch-1 - S-018","MCQ Practice","2026-07-03","83","120","69.2"
"Back End Development","CDU Batch-1 - S-018","Authentication | Part 3","2026-07-02","24","60","40"
"Back End Development","CDU Batch-1 - S-018","Authentication | Part 3","2026-07-01","22","60","36.7"
"Back End Development","CDU Batch-1 - S-018","Coding Practice","2026-07-01","8","60","13.3"
"Back End Development","CDU Batch-1 - S-018","MCQ Practice","2026-07-01","23","60","38.3"
"Back End Development","CDU Batch-1 - S-018","Authentication | Part 3","2026-06-29","28","60","46.7"
"Back End Development","CDU Batch-1 - S-018","MCQ Practice","2026-06-27","18","60","30"
"Back End Development","CDU Batch-1 - S-018","Authentication | Part 2","2026-06-25","18","60","30"
"Back End Development","CDU Batch-1 - S-018","Coding Practice","2026-06-25","21","60","35"
"Back End Development","CDU Batch-1 - S-018","MCQ Practice","2026-06-25","16","60","26.7"
"Back End Development","CDU Batch-1 - S-018","Authentication","2026-06-24","8","60","13.3"
"Back End Development","CDU Batch-1 - S-018","MCQ Practice","2026-06-24","13","60","21.7"
"Back End Development","CDU Batch-1 - S-018","Authentication","2026-06-23","5","60","8.3"
"Back End Development","CDU Batch-1 - S-018","Coding Practice","2026-06-23","5","60","8.3"
"Back End Development","CDU Batch-1 - S-018","MCQ Practice","2026-06-23","5","60","8.3"
"Back End Development","CDU Batch-1 - S-018","Debugging Common Errors | Part 2","2026-06-22","4","60","6.7"
"Back End Development","CDU Batch-1 - S-018","MCQ Practice","2026-06-22","4","60","6.7"
"Back End Development","CDU Batch-1 - S-018","Debugging Common Errors","2026-06-19","3","60","5"
"Back End Development","CDU Batch-1 - S-018","MCQ Practice","2026-06-19","3","60","5"
"Back End Development","CDU Batch-1 - S-018","Coding Practice","2026-06-18","4","60","6.7"
"Back End Development","CDU Batch-1 - S-018","MCQ Practice","2026-06-18","4","60","6.7"
"Back End Development","CDU Batch-1 - S-018","REST APIs","2026-06-18","4","60","6.7"
"Back End Development","CDU Batch-1 - S-018","MCQ Practice","2026-06-17","8","120","6.7"
"Back End Development","CDU Batch-1 - S-018","REST APIs","2026-06-17","6","120","5"
"Back End Development","CDU Batch-1 - S-018","Coding Practice","2026-06-16","3","60","5"
"Back End Development","CDU Batch-1 - S-018","Introduction to Express JS | Part 3","2026-06-16","3","60","5"
"Back End Development","CDU Batch-1 - S-018","Introduction to Express JS | Part 2","2026-06-15","3","60","5"
"Back End Development","CDU Batch-1 - S-018","Introduction to Express JS","2026-06-13","2","60","3.3"
"Back End Development","CDU Batch-1 - S-018","MCQ Practice","2026-06-13","1","60","1.7"
"Back End Development","CDU Batch-1 - S-018","Introduction to Express JS","2026-06-12","0","60","0"
"Back End Development","CDU Batch-1 - S-018","Introduction to Backend Development","2026-06-11","1","60","1.7"
"Back End Development","CDU Batch-1 - S-019","MCQ Practice","2026-08-20","17","39","43.6"
"Back End Development","CDU Batch-1 - S-019","MCQ Practice","2026-08-19","15","39","38.5"
"Back End Development","CDU Batch-1 - S-019","Protected Routes with JWT Authentication","2026-08-19","16","39","41"
"Back End Development","CDU Batch-1 - S-019","Filtering and Sorting","2026-08-08","11","39","28.2"
"Back End Development","CDU Batch-1 - S-019","Coding Practice","2026-08-04","25","39","64.1"
"Back End Development","CDU Batch-1 - S-019","Filtering and Sorting","2026-08-01","18","39","46.2"
"Back End Development","CDU Batch-1 - S-019","MCQ Practice","2026-08-01","19","78","24.4"
"Back End Development","CDU Batch-1 - S-019","Implementing CRUD Operations | Part 2","2026-07-31","17","39","43.6"
"Back End Development","CDU Batch-1 - S-019","Module Quiz-2","2026-07-31","19","39","48.7"
"Back End Development","CDU Batch-1 - S-019","MCQ Practice","2026-07-30","21","39","53.8"
"Back End Development","CDU Batch-1 - S-019","Implementing CRUD Operations | Part 2","2026-07-29","22","39","56.4"
"Back End Development","CDU Batch-1 - S-019","Coding Practice","2026-07-28","19","39","48.7"
"Back End Development","CDU Batch-1 - S-019","MCQ Practice","2026-07-28","29","39","74.4"
"Back End Development","CDU Batch-1 - S-019","Implementing CRUD Operations | Part 1","2026-07-27","21","39","53.8"
"Back End Development","CDU Batch-1 - S-019","MCQ Practice","2026-07-27","42","78","53.8"
"Back End Development","CDU Batch-1 - S-019","MCQ Practice","2026-07-22","18","39","46.2"
"Back End Development","CDU Batch-1 - S-019","Coding Practice","2026-07-21","30","78","38.5"
"Back End Development","CDU Batch-1 - S-019","Introduction to MVC and Mongoose Models","2026-07-21","15","39","38.5"
"Back End Development","CDU Batch-1 - S-019","MCQ Practice","2026-07-20","19","39","48.7"
"Back End Development","CDU Batch-1 - S-019","Coding Practice","2026-07-18","12","39","30.8"
"Back End Development","CDU Batch-1 - S-019","Connecting MongoDB to NodeJS","2026-07-18","19","39","48.7"
"Back End Development","CDU Batch-1 - S-019","Coding Practice","2026-07-17","23","39","59"
"Back End Development","CDU Batch-1 - S-019","MCQ Practice","2026-07-17","18","39","46.2"
"Back End Development","CDU Batch-1 - S-019","MCQ Practice","2026-07-16","18","39","46.2"
"Back End Development","CDU Batch-1 - S-019","Streams","2026-07-16","14","39","35.9"
"Back End Development","CDU Batch-1 - S-019","Module Quiz-1","2026-07-15","11","39","28.2"
"Back End Development","CDU Batch-1 - S-019","Streams","2026-07-15","20","39","51.3"
"Back End Development","CDU Batch-1 - S-019","File Systems Part - 2","2026-07-14","14","39","35.9"
"Back End Development","CDU Batch-1 - S-019","MCQ Practice","2026-07-14","14","39","35.9"
"Back End Development","CDU Batch-1 - S-019","MCQ Practice","2026-07-13","16","39","41"
"Back End Development","CDU Batch-1 - S-019","Coding Practice","2026-07-11","9","39","23.1"
"Back End Development","CDU Batch-1 - S-019","File Systems Part - 1","2026-07-09","9","39","23.1"
"Back End Development","CDU Batch-1 - S-019","MCQ Practice","2026-07-08","8","39","20.5"
"Back End Development","CDU Batch-1 - S-019","Coding Practice","2026-07-07","15","78","19.2"
"Back End Development","CDU Batch-1 - S-019","Authentication | Part 3","2026-07-03","0","39","0"
"Back End Development","CDU Batch-1 - S-019","Authentication | Part 2","2026-07-02","1","39","2.6"
"Back End Development","CDU Batch-1 - S-019","MCQ Practice","2026-07-02","1","39","2.6"
"Back End Development","CDU Batch-1 - S-019","MCQ Practice","2026-07-01","0","39","0"
"Back End Development","CDU Batch-1 - S-019","Authentication | Part 2","2026-06-29","0","39","0"
"Back End Development","CDU Batch-1 - S-019","Authentication | Part 2","2026-06-27","0","39","0"
"Back End Development","CDU Batch-1 - S-019","MCQ Practice","2026-06-27","0","39","0"
"Back End Development","CDU Batch-1 - S-019","Authentication | Part 2","2026-06-25","0","39","0"
"Back End Development","CDU Batch-1 - S-019","Coding Practice","2026-06-25","0","39","0"
"Back End Development","CDU Batch-1 - S-019","MCQ Practice","2026-06-25","0","39","0"
"Back End Development","CDU Batch-1 - S-019","Authentication","2026-06-24","0","39","0"
"Back End Development","CDU Batch-1 - S-019","Authentication","2026-06-23","0","39","0"
"Back End Development","CDU Batch-1 - S-019","MCQ Practice","2026-06-23","0","39","0"
"Back End Development","CDU Batch-1 - S-019","Debugging Common Errors | Part 2","2026-06-22","2","39","5.1"
"Back End Development","CDU Batch-1 - S-019","MCQ Practice","2026-06-22","2","39","5.1"
"Back End Development","CDU Batch-1 - S-019","Debugging Common Errors | Part 2","2026-06-20","1","39","2.6"
"Back End Development","CDU Batch-1 - S-019","Debugging Common Errors","2026-06-19","0","39","0"
"Back End Development","CDU Batch-1 - S-019","MCQ Practice","2026-06-19","0","39","0"
"Back End Development","CDU Batch-1 - S-019","Coding Practice","2026-06-18","1","39","2.6"
"Back End Development","CDU Batch-1 - S-019","MCQ Practice","2026-06-18","1","39","2.6"
"Back End Development","CDU Batch-1 - S-019","REST APIs","2026-06-18","1","39","2.6"
"Back End Development","CDU Batch-1 - S-019","REST APIs","2026-06-17","1","39","2.6"
"Back End Development","CDU Batch-1 - S-019","Introduction to Express JS | Part 3","2026-06-16","0","39","0"
"Back End Development","CDU Batch-1 - S-019","Coding Practice","2026-06-15","0","39","0"
"Back End Development","CDU Batch-1 - S-019","Introduction to Express JS | Part 2","2026-06-15","0","39","0"
"Back End Development","CDU Batch-1 - S-019","MCQ Practice","2026-06-15","0","39","0"
"Back End Development","CDU Batch-1 - S-019","Introduction to Express JS","2026-06-13","0","39","0"
"Back End Development","CDU Batch-1 - S-019","Introduction to Backend Development","2026-06-12","2","39","5.1"
"Back End Development","CDU Batch-1 - S-020","MCQ Practice","2026-08-22","0","47","0"
"Back End Development","CDU Batch-1 - S-020","MCQ Practice","2026-08-20","24","47","51.1"
"Back End Development","CDU Batch-1 - S-020","Protected Routes with JWT Authentication","2026-08-19","20","47","42.6"
"Back End Development","CDU Batch-1 - S-020","MCQ Practice","2026-08-08","18","47","38.3"
"Back End Development","CDU Batch-1 - S-020","Coding Practice","2026-08-04","38","47","80.9"
"Back End Development","CDU Batch-1 - S-020","Filtering and Sorting","2026-08-03","39","47","83"
"Back End Development","CDU Batch-1 - S-020","MCQ Practice","2026-08-03","36","47","76.6"
"Back End Development","CDU Batch-1 - S-020","Filtering and Sorting","2026-08-01","19","47","40.4"
"Back End Development","CDU Batch-1 - S-020","Implementing CRUD Operations | Part 2","2026-07-31","33","47","70.2"
"Back End Development","CDU Batch-1 - S-020","MCQ Practice","2026-07-31","20","47","42.6"
"Back End Development","CDU Batch-1 - S-020","Module Quiz-2","2026-07-31","23","47","48.9"
"Back End Development","CDU Batch-1 - S-020","Implementing CRUD Operations | Part 2","2026-07-30","35","47","74.5"
"Back End Development","CDU Batch-1 - S-020","MCQ Practice","2026-07-30","32","47","68.1"
"Back End Development","CDU Batch-1 - S-020","MCQ Practice","2026-07-29","32","47","68.1"
"Back End Development","CDU Batch-1 - S-020","Implementing CRUD Operations | Part 1","2026-07-28","27","47","57.4"
"Back End Development","CDU Batch-1 - S-020","MCQ Practice","2026-07-27","22","47","46.8"
"Back End Development","CDU Batch-1 - S-020","Coding Practice","2026-07-23","29","47","61.7"
"Back End Development","CDU Batch-1 - S-020","Implementing CRUD Operations | Part 1","2026-07-23","32","47","68.1"
"Back End Development","CDU Batch-1 - S-020","Introduction to MVC and Mongoose Models","2026-07-22","34","47","72.3"
"Back End Development","CDU Batch-1 - S-020","MCQ Practice","2026-07-22","31","47","66"
"Back End Development","CDU Batch-1 - S-020","Coding Practice","2026-07-21","27","47","57.4"
"Back End Development","CDU Batch-1 - S-020","Introduction to Express JS | Part 2","2026-07-21","26","47","55.3"
"Back End Development","CDU Batch-1 - S-020","MCQ Practice","2026-07-20","54","94","57.4"
"Back End Development","CDU Batch-1 - S-020","Coding Practice","2026-07-18","27","47","57.4"
"Back End Development","CDU Batch-1 - S-020","Connecting MongoDB to NodeJS","2026-07-18","21","47","44.7"
"Back End Development","CDU Batch-1 - S-020","MCQ Practice","2026-07-18","24","47","51.1"
"Back End Development","CDU Batch-1 - S-020","Streams","2026-07-17","34","47","72.3"
"Back End Development","CDU Batch-1 - S-020","Streams","2026-07-16","30","47","63.8"
"Back End Development","CDU Batch-1 - S-020","MCQ Practice","2026-07-15","29","47","61.7"
"Back End Development","CDU Batch-1 - S-020","Module Quiz-1","2026-07-15","31","47","66"
"Back End Development","CDU Batch-1 - S-020","Coding Practice","2026-07-14","27","47","57.4"
"Back End Development","CDU Batch-1 - S-020","File Systems Part - 2","2026-07-14","32","47","68.1"
"Back End Development","CDU Batch-1 - S-020","File Systems Part - 2","2026-07-13","22","47","46.8"
"Back End Development","CDU Batch-1 - S-020","MCQ Practice","2026-07-13","33","47","70.2"
"Back End Development","CDU Batch-1 - S-020","Coding Practice","2026-07-11","12","47","25.5"
"Back End Development","CDU Batch-1 - S-020","MCQ Practice","2026-07-11","20","47","42.6"
"Back End Development","CDU Batch-1 - S-020","File Systems Part - 1","2026-07-08","31","47","66"
"Back End Development","CDU Batch-1 - S-020","Coding Practice","2026-07-07","31","47","66"
"Back End Development","CDU Batch-1 - S-020","File Systems Part - 1","2026-07-07","26","47","55.3"
"Back End Development","CDU Batch-1 - S-020","Authentication | Part 3","2026-07-06","25","47","53.2"
"Back End Development","CDU Batch-1 - S-020","Authentication | Part 3","2026-07-03","24","47","51.1"
"Back End Development","CDU Batch-1 - S-020","Authentication | Part 2","2026-07-01","28","47","59.6"
"Back End Development","CDU Batch-1 - S-020","Authentication | Part 2","2026-06-29","25","47","53.2"
"Back End Development","CDU Batch-1 - S-020","MCQ Practice","2026-06-29","33","47","70.2"
"Back End Development","CDU Batch-1 - S-020","Authentication | Part 2","2026-06-27","18","47","38.3"
"Back End Development","CDU Batch-1 - S-020","MCQ Practice","2026-06-27","37","94","39.4"
"Back End Development","CDU Batch-1 - S-020","Authentication","2026-06-25","11","47","23.4"
"Back End Development","CDU Batch-1 - S-020","Coding Practice","2026-06-25","19","47","40.4"
"Back End Development","CDU Batch-1 - S-020","MCQ Practice","2026-06-25","18","47","38.3"
"Back End Development","CDU Batch-1 - S-020","Authentication","2026-06-24","15","47","31.9"
"Back End Development","CDU Batch-1 - S-020","MCQ Practice","2026-06-24","33","94","35.1"
"Back End Development","CDU Batch-1 - S-020","Authentication","2026-06-23","15","47","31.9"
"Back End Development","CDU Batch-1 - S-020","MCQ Practice","2026-06-23","15","47","31.9"
"Back End Development","CDU Batch-1 - S-020","Debugging Common Errors | Part 2","2026-06-22","9","47","19.1"
"Back End Development","CDU Batch-1 - S-020","MCQ Practice","2026-06-22","8","47","17"
"Back End Development","CDU Batch-1 - S-020","Debugging Common Errors","2026-06-19","5","47","10.6"
"Back End Development","CDU Batch-1 - S-020","MCQ Practice","2026-06-19","5","47","10.6"
"Back End Development","CDU Batch-1 - S-020","REST APIs","2026-06-18","5","47","10.6"
"Back End Development","CDU Batch-1 - S-020","REST APIs","2026-06-17","2","47","4.3"
"Back End Development","CDU Batch-1 - S-020","Introduction to Express JS | Part 3","2026-06-16","2","47","4.3"
"Back End Development","CDU Batch-1 - S-020","MCQ Practice","2026-06-16","2","47","4.3"
"Back End Development","CDU Batch-1 - S-020","Coding Practice","2026-06-15","2","47","4.3"
"Back End Development","CDU Batch-1 - S-020","Introduction to Express JS | Part 3","2026-06-15","2","47","4.3"
"Back End Development","CDU Batch-1 - S-020","MCQ Practice","2026-06-15","2","47","4.3"
"Back End Development","CDU Batch-1 - S-020","Introduction to Express JS","2026-06-13","2","47","4.3"
"Back End Development","CDU Batch-1 - S-020","MCQ Practice","2026-06-13","2","47","4.3"
"Back End Development","CDU Batch-1 - S-020","Introduction to Express JS","2026-06-12","2","47","4.3"
"Back End Development","CDU Batch-1 - S-020","Introduction to Backend Development","2026-06-11","2","47","4.3"
"Probability and Statistics","CDU Batch-1 - S-001","Poisson Distribution","2026-08-22","0","64","0"
"Probability and Statistics","CDU Batch-1 - S-001","Poisson Distribution","2026-08-20","31","64","48.4"
"Probability and Statistics","CDU Batch-1 - S-001","Practice Session Baye's Theorem and counting principles","2026-08-08","10","64","15.6"
"Probability and Statistics","CDU Batch-1 - S-001","Binomial Distribution","2026-08-04","46","64","71.9"
"Probability and Statistics","CDU Batch-1 - S-001","Practice Session Baye's Theorem and counting principles","2026-08-04","46","64","71.9"
"Probability and Statistics","CDU Batch-1 - S-001","Measures of Variability Implementation Practice Session","2026-07-31","52","64","81.3"
"Probability and Statistics","CDU Batch-1 - S-001","Fundamentals of Probability Implementation","2026-07-30","46","64","71.9"
"Probability and Statistics","CDU Batch-1 - S-001","Practice Session Baye's Theorem and counting principles","2026-07-30","48","64","75"
"Probability and Statistics","CDU Batch-1 - S-001","Practice Session Poisson Distribution","2026-07-30","42","64","65.6"
"Probability and Statistics","CDU Batch-1 - S-001","Continuous Random Variables","2026-07-29","51","64","79.7"
"Probability and Statistics","CDU Batch-1 - S-001","Fundamentals of Probability Implementation","2026-07-29","50","64","78.1"
"Probability and Statistics","CDU Batch-1 - S-001","Module_Quiz_2","2026-07-29","49","64","76.6"
"Probability and Statistics","CDU Batch-1 - S-001","Practice Session Baye's Theorem and counting principles","2026-07-28","48","64","75"
"Probability and Statistics","CDU Batch-1 - S-001","Practice Session Baye's Theorem and counting principles","2026-07-27","49","64","76.6"
"Probability and Statistics","CDU Batch-1 - S-001","Discrete Random Variables","2026-07-22","55","64","85.9"
"Probability and Statistics","CDU Batch-1 - S-001","Practice Session Baye's Theorem and counting principles","2026-07-22","56","64","87.5"
"Probability and Statistics","CDU Batch-1 - S-001","Baye's Theorem and counting principles","2026-07-21","52","64","81.3"
"Probability and Statistics","CDU Batch-1 - S-001","Baye's Theorem and counting principles","2026-07-20","55","64","85.9"
"Probability and Statistics","CDU Batch-1 - S-001","Law of Partition and Total Probability","2026-07-18","38","64","59.4"
"Probability and Statistics","CDU Batch-1 - S-001","Practice Session - Basics of Probability","2026-07-18","36","64","56.3"
"Probability and Statistics","CDU Batch-1 - S-001","Skewness & Outliers Implementation","2026-07-17","48","64","75"
"Probability and Statistics","CDU Batch-1 - S-001","Skewness & Outliers Implementation","2026-07-16","56","64","87.5"
"Probability and Statistics","CDU Batch-1 - S-001","Practice Session - Basics of Probability","2026-07-15","52","64","81.3"
"Probability and Statistics","CDU Batch-1 - S-001","Conditional Probability","2026-07-14","53","64","82.8"
"Probability and Statistics","CDU Batch-1 - S-001","Measures of Variability Implementation","2026-07-13","46","64","71.9"
"Probability and Statistics","CDU Batch-1 - S-001","Measures of Variability Implementation Practice Session","2026-07-13","88","128","68.8"
"Probability and Statistics","CDU Batch-1 - S-001","Module_Quiz_1","2026-07-09","4","64","6.3"
"Probability and Statistics","CDU Batch-1 - S-001","Measures of Central Tendency Implementation","2026-07-08","50","64","78.1"
"Probability and Statistics","CDU Batch-1 - S-001","Probability Rules & Theorems","2026-07-08","53","64","82.8"
"Probability and Statistics","CDU Batch-1 - S-001","Practice Session - Basics of Probability","2026-07-07","38","64","59.4"
"Probability and Statistics","CDU Batch-1 - S-001","Basics of Probability","2026-07-06","37","64","57.8"
"Probability and Statistics","CDU Batch-1 - S-001","Practice Session - Measures of Central Tendency","2026-07-03","44","64","68.8"
"Probability and Statistics","CDU Batch-1 - S-001","Data Visualization Implementation","2026-07-02","49","64","76.6"
"Probability and Statistics","CDU Batch-1 - S-001","Practice Session - Measures of Central Tendency","2026-07-01","50","64","78.1"
"Probability and Statistics","CDU Batch-1 - S-001","Data Visualization Implementation","2026-06-29","43","64","67.2"
"Probability and Statistics","CDU Batch-1 - S-001","Practice Session - Measures of Central Tendency","2026-06-29","51","64","79.7"
"Probability and Statistics","CDU Batch-1 - S-001","Skewness and Outliers","2026-06-25","44","64","68.8"
"Probability and Statistics","CDU Batch-1 - S-001","Practice Session - Measures of Central Tendency","2026-06-24","47","64","73.4"
"Probability and Statistics","CDU Batch-1 - S-001","Measures of Variability","2026-06-23","52","64","81.3"
"Probability and Statistics","CDU Batch-1 - S-001","Measures of Central Tendency","2026-06-18","50","64","78.1"
"Probability and Statistics","CDU Batch-1 - S-001","Data Visualization - II","2026-06-17","43","64","67.2"
"Probability and Statistics","CDU Batch-1 - S-001","Practice session - Introduction to Statistics & Datasets","2026-06-16","26","64","40.6"
"Probability and Statistics","CDU Batch-1 - S-001","Data Visualization - I","2026-06-15","38","64","59.4"
"Probability and Statistics","CDU Batch-1 - S-001","Practice session - Introduction to Statistics & Datasets","2026-06-15","37","64","57.8"
"Probability and Statistics","CDU Batch-1 - S-001","Introduction to Probability & Statistics in ML","2026-06-13","30","64","46.9"
"Probability and Statistics","CDU Batch-1 - S-001","Introduction to Probability & Statistics in ML","2026-06-12","19","64","29.7"
"Probability and Statistics","CDU Batch-1 - S-002","Normal Distribution - I","2026-08-22","0","64","0"
"Probability and Statistics","CDU Batch-1 - S-002","Practice Session Poisson Distribution","2026-08-20","44","64","68.8"
"Probability and Statistics","CDU Batch-1 - S-002","Poisson Distribution","2026-08-19","35","64","54.7"
"Probability and Statistics","CDU Batch-1 - S-002","Measures of Variability Implementation Practice Session","2026-08-11","53","64","82.8"
"Probability and Statistics","CDU Batch-1 - S-002","Binomial Distribution","2026-08-01","39","64","60.9"
"Probability and Statistics","CDU Batch-1 - S-002","Binomial Distribution","2026-07-31","48","64","75"
"Probability and Statistics","CDU Batch-1 - S-002","Practice Session Baye's Theorem and counting principles","2026-07-31","50","64","78.1"
"Probability and Statistics","CDU Batch-1 - S-002","Fundamentals of Probability Implementation","2026-07-30","48","64","75"
"Probability and Statistics","CDU Batch-1 - S-002","Practice Session Baye's Theorem and counting principles","2026-07-30","39","64","60.9"
"Probability and Statistics","CDU Batch-1 - S-002","Continuous Random Variables","2026-07-29","49","64","76.6"
"Probability and Statistics","CDU Batch-1 - S-002","Fundamentals of Probability Implementation","2026-07-29","37","64","57.8"
"Probability and Statistics","CDU Batch-1 - S-002","Module_Quiz_2","2026-07-29","29","64","45.3"
"Probability and Statistics","CDU Batch-1 - S-002","Practice Session Baye's Theorem and counting principles","2026-07-28","52","64","81.3"
"Probability and Statistics","CDU Batch-1 - S-002","Practice Session Baye's Theorem and counting principles","2026-07-27","50","64","78.1"
"Probability and Statistics","CDU Batch-1 - S-002","Discrete Random Variables","2026-07-23","42","64","65.6"
"Probability and Statistics","CDU Batch-1 - S-002","Practice Session Baye's Theorem and counting principles","2026-07-23","46","64","71.9"
"Probability and Statistics","CDU Batch-1 - S-002","Baye's Theorem and counting principles","2026-07-22","54","64","84.4"
"Probability and Statistics","CDU Batch-1 - S-002","Baye's Theorem and counting principles","2026-07-21","55","64","85.9"
"Probability and Statistics","CDU Batch-1 - S-002","Law of Partition and Total Probability","2026-07-18","27","64","42.2"
"Probability and Statistics","CDU Batch-1 - S-002","Skewness & Outliers Implementation","2026-07-17","33","64","51.6"
"Probability and Statistics","CDU Batch-1 - S-002","Skewness & Outliers Implementation","2026-07-16","53","64","82.8"
"Probability and Statistics","CDU Batch-1 - S-002","Practice Session - Basics of Probability","2026-07-15","43","64","67.2"
"Probability and Statistics","CDU Batch-1 - S-002","Conditional Probability","2026-07-14","46","64","71.9"
"Probability and Statistics","CDU Batch-1 - S-002","Measures of Variability Implementation","2026-07-13","45","64","70.3"
"Probability and Statistics","CDU Batch-1 - S-002","Measures of Variability Implementation Practice Session","2026-07-13","46","64","71.9"
"Probability and Statistics","CDU Batch-1 - S-002","Probability Rules & Theorems","2026-07-11","35","64","54.7"
"Probability and Statistics","CDU Batch-1 - S-002","Measures of Central Tendency Implementation","2026-07-09","49","64","76.6"
"Probability and Statistics","CDU Batch-1 - S-002","Measures of Variability Implementation Practice Session","2026-07-09","45","64","70.3"
"Probability and Statistics","CDU Batch-1 - S-002","Module_Quiz_1","2026-07-09","0","64","0"
"Probability and Statistics","CDU Batch-1 - S-002","Practice Session - Basics of Probability","2026-07-08","50","64","78.1"
"Probability and Statistics","CDU Batch-1 - S-002","Basics of Probability","2026-07-07","45","64","70.3"
"Probability and Statistics","CDU Batch-1 - S-002","Data Visualization Implementation","2026-07-03","50","64","78.1"
"Probability and Statistics","CDU Batch-1 - S-002","Practice Session - Measures of Central Tendency","2026-07-03","46","64","71.9"
"Probability and Statistics","CDU Batch-1 - S-002","Practice Session - Measures of Central Tendency","2026-07-02","28","64","43.8"
"Probability and Statistics","CDU Batch-1 - S-002","Practice Session - Measures of Central Tendency","2026-07-01","25","64","39.1"
"Probability and Statistics","CDU Batch-1 - S-002","Data Visualization Implementation","2026-06-29","48","64","75"
"Probability and Statistics","CDU Batch-1 - S-002","Practice Session - Measures of Central Tendency","2026-06-29","46","64","71.9"
"Probability and Statistics","CDU Batch-1 - S-002","Practice session - Introduction to Statistics & Datasets","2026-06-27","70","128","54.7"
"Probability and Statistics","CDU Batch-1 - S-002","Skewness and Outliers","2026-06-24","45","64","70.3"
"Probability and Statistics","CDU Batch-1 - S-002","Measures of Variability Implementation Practice Session","2026-06-23","41","64","64.1"
"Probability and Statistics","CDU Batch-1 - S-002","Measures of Variability","2026-06-22","51","64","79.7"
"Probability and Statistics","CDU Batch-1 - S-002","Measures of Variability","2026-06-20","47","64","73.4"
"Probability and Statistics","CDU Batch-1 - S-002","Measures of Central Tendency","2026-06-18","38","64","59.4"
"Probability and Statistics","CDU Batch-1 - S-002","Data Visualization - II","2026-06-17","47","64","73.4"
"Probability and Statistics","CDU Batch-1 - S-002","Practice session - Introduction to Statistics & Datasets","2026-06-16","34","64","53.1"
"Probability and Statistics","CDU Batch-1 - S-002","Data Visualization - I","2026-06-15","33","64","51.6"
"Probability and Statistics","CDU Batch-1 - S-002","Introduction to Probability & Statistics in ML","2026-06-13","23","64","35.9"
"Probability and Statistics","CDU Batch-1 - S-002","Practice session - Introduction to Statistics & Datasets","2026-06-13","19","64","29.7"
"Probability and Statistics","CDU Batch-1 - S-002","Introduction to Probability & Statistics in ML","2026-06-12","0","64","0"
"Probability and Statistics","CDU Batch-1 - S-003","Poisson Distribution","2026-08-22","30","80","37.5"
"Probability and Statistics","CDU Batch-1 - S-003","Fundamentals of Probability Implementation","2026-08-20","49","80","61.3"
"Probability and Statistics","CDU Batch-1 - S-003","Poisson Distribution","2026-08-20","35","80","43.8"
"Probability and Statistics","CDU Batch-1 - S-003","Fundamentals of Probability Implementation","2026-08-19","52","80","65"
"Probability and Statistics","CDU Batch-1 - S-003","Binomial Distribution","2026-08-08","24","80","30"
"Probability and Statistics","CDU Batch-1 - S-003","Practice Session Baye's Theorem and counting principles","2026-08-04","55","80","68.8"
"Probability and Statistics","CDU Batch-1 - S-003","Binomial Distribution","2026-08-01","43","80","53.8"
"Probability and Statistics","CDU Batch-1 - S-003","Binomial Distribution","2026-07-31","56","80","70"
"Probability and Statistics","CDU Batch-1 - S-003","Continuous Random Variables","2026-07-31","57","80","71.3"
"Probability and Statistics","CDU Batch-1 - S-003","Practice Session Baye's Theorem and counting principles","2026-07-30","62","80","77.5"
"Probability and Statistics","CDU Batch-1 - S-003","Continuous Random Variables","2026-07-29","56","80","70"
"Probability and Statistics","CDU Batch-1 - S-003","Module_Quiz_2","2026-07-29","59","80","73.8"
"Probability and Statistics","CDU Batch-1 - S-003","Discrete Random Variables","2026-07-28","116","160","72.5"
"Probability and Statistics","CDU Batch-1 - S-003","Probability Distributions Implementation Practice","2026-07-28","37","80","46.3"
"Probability and Statistics","CDU Batch-1 - S-003","Practice Session Baye's Theorem and counting principles","2026-07-27","92","160","57.5"
"Probability and Statistics","CDU Batch-1 - S-003","Baye's Theorem and counting principles","2026-07-22","62","80","77.5"
"Probability and Statistics","CDU Batch-1 - S-003","Skewness & Outliers Implementation","2026-07-21","69","80","86.3"
"Probability and Statistics","CDU Batch-1 - S-003","Baye's Theorem and counting principles","2026-07-20","58","80","72.5"
"Probability and Statistics","CDU Batch-1 - S-003","Measures of Variability Implementation Practice Session","2026-07-18","40","80","50"
"Probability and Statistics","CDU Batch-1 - S-003","Skewness & Outliers Implementation","2026-07-18","60","80","75"
"Probability and Statistics","CDU Batch-1 - S-003","Law of Partition and Total Probability","2026-07-17","69","80","86.3"
"Probability and Statistics","CDU Batch-1 - S-003","Practice Session - Basics of Probability","2026-07-17","72","80","90"
"Probability and Statistics","CDU Batch-1 - S-003","Conditional Probability","2026-07-16","65","80","81.3"
"Probability and Statistics","CDU Batch-1 - S-003","Measures of Variability Implementation","2026-07-14","64","80","80"
"Probability and Statistics","CDU Batch-1 - S-003","Measures of Variability Implementation Practice Session","2026-07-14","69","80","86.3"
"Probability and Statistics","CDU Batch-1 - S-003","Practice Session - Basics of Probability","2026-07-13","61","80","76.3"
"Probability and Statistics","CDU Batch-1 - S-003","Probability Rules & Theorems","2026-07-11","50","80","62.5"
"Probability and Statistics","CDU Batch-1 - S-003","Module_Quiz_1","2026-07-09","61","80","76.3"
"Probability and Statistics","CDU Batch-1 - S-003","Measures of Central Tendency Implementation","2026-07-08","64","80","80"
"Probability and Statistics","CDU Batch-1 - S-003","Practice Session - Basics of Probability","2026-07-08","62","80","77.5"
"Probability and Statistics","CDU Batch-1 - S-003","Basics of Probability","2026-07-06","57","80","71.3"
"Probability and Statistics","CDU Batch-1 - S-003","Basics of Probability","2026-07-03","58","80","72.5"
"Probability and Statistics","CDU Batch-1 - S-003","Data Visualization Implementation","2026-07-02","69","80","86.3"
"Probability and Statistics","CDU Batch-1 - S-003","Practice Session - Measures of Central Tendency","2026-07-02","61","80","76.3"
"Probability and Statistics","CDU Batch-1 - S-003","Data Visualization Implementation","2026-06-29","56","80","70"
"Probability and Statistics","CDU Batch-1 - S-003","Practice Session - Measures of Central Tendency","2026-06-29","54","80","67.5"
"Probability and Statistics","CDU Batch-1 - S-003","Practice Session - Measures of Central Tendency","2026-06-25","44","80","55"
"Probability and Statistics","CDU Batch-1 - S-003","Skewness and Outliers","2026-06-25","49","80","61.3"
"Probability and Statistics","CDU Batch-1 - S-003","Practice Session - Measures of Central Tendency","2026-06-23","5","80","6.3"
"Probability and Statistics","CDU Batch-1 - S-003","Measures of Variability","2026-06-22","50","80","62.5"
"Probability and Statistics","CDU Batch-1 - S-003","Practice session - Introduction to Statistics & Datasets","2026-06-20","54","80","67.5"
"Probability and Statistics","CDU Batch-1 - S-003","Measures of Central Tendency","2026-06-19","59","80","73.8"
"Probability and Statistics","CDU Batch-1 - S-003","Data Visualization - II","2026-06-17","43","80","53.8"
"Probability and Statistics","CDU Batch-1 - S-003","Data Visualization - I","2026-06-16","29","80","36.3"
"Probability and Statistics","CDU Batch-1 - S-003","Practice session - Introduction to Statistics & Datasets","2026-06-15","27","80","33.8"
"Probability and Statistics","CDU Batch-1 - S-003","Introduction to Probability & Statistics in ML","2026-06-13","17","80","21.3"
"Probability and Statistics","CDU Batch-1 - S-003","Introduction to Probability & Statistics in ML","2026-06-12","0","80","0"
"Probability and Statistics","CDU Batch-1 - S-004","Fundamentals of Probability Implementation","2026-08-22","54","94","57.4"
"Probability and Statistics","CDU Batch-1 - S-004","Fundamentals of Probability Implementation","2026-08-20","74","94","78.7"
"Probability and Statistics","CDU Batch-1 - S-004","Poisson Distribution","2026-08-20","50","94","53.2"
"Probability and Statistics","CDU Batch-1 - S-004","Fundamentals of Probability Implementation","2026-08-19","69","94","73.4"
"Probability and Statistics","CDU Batch-1 - S-004","Measures of Variability Implementation Practice Session","2026-08-11","87","94","92.6"
"Probability and Statistics","CDU Batch-1 - S-004","Practice Session Baye's Theorem and counting principles","2026-08-08","94","94","100"
"Probability and Statistics","CDU Batch-1 - S-004","Binomial Distribution","2026-08-04","77","94","81.9"
"Probability and Statistics","CDU Batch-1 - S-004","Binomial Distribution","2026-08-01","64","94","68.1"
"Probability and Statistics","CDU Batch-1 - S-004","Practice Session Baye's Theorem and counting principles","2026-08-01","62","94","66"
"Probability and Statistics","CDU Batch-1 - S-004","Continuous Random Variables","2026-07-29","73","94","77.7"
"Probability and Statistics","CDU Batch-1 - S-004","Module_Quiz_2","2026-07-29","80","94","85.1"
"Probability and Statistics","CDU Batch-1 - S-004","Practice Session Baye's Theorem and counting principles","2026-07-29","74","94","78.7"
"Probability and Statistics","CDU Batch-1 - S-004","Practice Session Baye's Theorem and counting principles","2026-07-28","81","94","86.2"
"Probability and Statistics","CDU Batch-1 - S-004","Discrete Random Variables","2026-07-23","81","94","86.2"
"Probability and Statistics","CDU Batch-1 - S-004","Practice Session Baye's Theorem and counting principles","2026-07-23","57","94","60.6"
"Probability and Statistics","CDU Batch-1 - S-004","Practice Session Baye's Theorem and counting principles","2026-07-22","80","94","85.1"
"Probability and Statistics","CDU Batch-1 - S-004","Baye's Theorem and counting principles","2026-07-21","84","94","89.4"
"Probability and Statistics","CDU Batch-1 - S-004","Practice Session Baye's Theorem and counting principles","2026-07-21","85","94","90.4"
"Probability and Statistics","CDU Batch-1 - S-004","Skewness & Outliers Implementation","2026-07-20","78","94","83"
"Probability and Statistics","CDU Batch-1 - S-004","Skewness & Outliers Implementation","2026-07-18","69","94","73.4"
"Probability and Statistics","CDU Batch-1 - S-004","Law of Partition and Total Probability","2026-07-17","84","94","89.4"
"Probability and Statistics","CDU Batch-1 - S-004","Practice Session - Basics of Probability","2026-07-17","85","94","90.4"
"Probability and Statistics","CDU Batch-1 - S-004","Conditional Probability","2026-07-16","82","94","87.2"
"Probability and Statistics","CDU Batch-1 - S-004","Measures of Variability Implementation Practice Session","2026-07-15","84","94","89.4"
"Probability and Statistics","CDU Batch-1 - S-004","Measures of Variability Implementation","2026-07-14","82","94","87.2"
"Probability and Statistics","CDU Batch-1 - S-004","Measures of Variability Implementation Practice Session","2026-07-14","71","94","75.5"
"Probability and Statistics","CDU Batch-1 - S-004","Practice Session - Basics of Probability","2026-07-13","72","94","76.6"
"Probability and Statistics","CDU Batch-1 - S-004","Probability Rules & Theorems","2026-07-13","77","94","81.9"
"Probability and Statistics","CDU Batch-1 - S-004","Module_Quiz_1","2026-07-09","94","94","100"
"Probability and Statistics","CDU Batch-1 - S-004","Practice Session - Basics of Probability","2026-07-08","84","94","89.4"
"Probability and Statistics","CDU Batch-1 - S-004","Measures of Central Tendency Implementation","2026-07-07","82","94","87.2"
"Probability and Statistics","CDU Batch-1 - S-004","Basics of Probability","2026-07-06","72","94","76.6"
"Probability and Statistics","CDU Batch-1 - S-004","Practice Session - Measures of Central Tendency","2026-07-02","143","188","76.1"
"Probability and Statistics","CDU Batch-1 - S-004","Data Visualization Implementation","2026-07-01","69","94","73.4"
"Probability and Statistics","CDU Batch-1 - S-004","Practice Session - Measures of Central Tendency","2026-07-01","73","94","77.7"
"Probability and Statistics","CDU Batch-1 - S-004","Data Visualization Implementation","2026-06-29","82","94","87.2"
"Probability and Statistics","CDU Batch-1 - S-004","Skewness and Outliers","2026-06-25","64","94","68.1"
"Probability and Statistics","CDU Batch-1 - S-004","Measures of Variability","2026-06-23","79","94","84"
"Probability and Statistics","CDU Batch-1 - S-004","Measures of Variability","2026-06-22","83","94","88.3"
"Probability and Statistics","CDU Batch-1 - S-004","Measures of Central Tendency","2026-06-18","77","94","81.9"
"Probability and Statistics","CDU Batch-1 - S-004","Practice Session - Measures of Central Tendency","2026-06-18","77","94","81.9"
"Probability and Statistics","CDU Batch-1 - S-004","Data Visualization - II","2026-06-16","68","94","72.3"
"Probability and Statistics","CDU Batch-1 - S-004","Data Visualization - I","2026-06-15","59","94","62.8"
"Probability and Statistics","CDU Batch-1 - S-004","Introduction to Probability & Statistics in ML","2026-06-13","37","94","39.4"
"Probability and Statistics","CDU Batch-1 - S-004","Practice session - Introduction to Statistics & Datasets","2026-06-12","31","94","33"
"Probability and Statistics","CDU Batch-1 - S-004","Introduction to Probability & Statistics in ML","2026-06-11","29","94","30.9"
"Probability and Statistics","CDU Batch-1 - S-004","Practice session - Introduction to Statistics & Datasets","2026-06-11","27","94","28.7"
"Probability and Statistics","CDU Batch-1 - S-005","Poisson Distribution","2026-08-19","53","94","56.4"
"Probability and Statistics","CDU Batch-1 - S-005","Measures of Variability Implementation Practice Session","2026-08-13","61","94","64.9"
"Probability and Statistics","CDU Batch-1 - S-005","Binomial Distribution","2026-08-04","72","94","76.6"
"Probability and Statistics","CDU Batch-1 - S-005","Fundamentals of Probability Implementation","2026-08-04","72","94","76.6"
"Probability and Statistics","CDU Batch-1 - S-005","Binomial Distribution","2026-08-01","70","94","74.5"
"Probability and Statistics","CDU Batch-1 - S-005","Practice Session Baye's Theorem and counting principles","2026-08-01","51","94","54.3"
"Probability and Statistics","CDU Batch-1 - S-005","Continuous Random Variables","2026-07-31","78","94","83"
"Probability and Statistics","CDU Batch-1 - S-005","Probability Distributions Implementation Practice","2026-07-31","83","94","88.3"
"Probability and Statistics","CDU Batch-1 - S-005","Continuous Random Variables","2026-07-30","70","94","74.5"
"Probability and Statistics","CDU Batch-1 - S-005","Module_Quiz_2","2026-07-29","68","94","72.3"
"Probability and Statistics","CDU Batch-1 - S-005","Discrete Random Variables","2026-07-28","79","94","84"
"Probability and Statistics","CDU Batch-1 - S-005","Practice Session Baye's Theorem and counting principles","2026-07-27","70","94","74.5"
"Probability and Statistics","CDU Batch-1 - S-005","Baye's Theorem and counting principles","2026-07-23","77","94","81.9"
"Probability and Statistics","CDU Batch-1 - S-005","Practice Session Baye's Theorem and counting principles","2026-07-23","64","94","68.1"
"Probability and Statistics","CDU Batch-1 - S-005","Law of Partition and Total Probability","2026-07-18","52","94","55.3"
"Probability and Statistics","CDU Batch-1 - S-005","Skewness & Outliers Implementation","2026-07-17","60","94","63.8"
"Probability and Statistics","CDU Batch-1 - S-005","Conditional Probability","2026-07-16","86","94","91.5"
"Probability and Statistics","CDU Batch-1 - S-005","Measures of Variability Implementation Practice Session","2026-07-16","63","94","67"
"Probability and Statistics","CDU Batch-1 - S-005","Skewness & Outliers Implementation","2026-07-16","80","94","85.1"
"Probability and Statistics","CDU Batch-1 - S-005","Measures of Variability Implementation Practice Session","2026-07-15","76","94","80.9"
"Probability and Statistics","CDU Batch-1 - S-005","Probability Rules & Theorems","2026-07-15","59","94","62.8"
"Probability and Statistics","CDU Batch-1 - S-005","Measures of Variability Implementation","2026-07-14","77","94","81.9"
"Probability and Statistics","CDU Batch-1 - S-005","Basics of Probability","2026-07-09","74","94","78.7"
"Probability and Statistics","CDU Batch-1 - S-005","Measures of Central Tendency Implementation","2026-07-09","0","94","0"
"Probability and Statistics","CDU Batch-1 - S-005","Module_Quiz_1","2026-07-09","0","94","0"
"Probability and Statistics","CDU Batch-1 - S-005","Practice Session - Basics of Probability","2026-07-08","55","94","58.5"
"Probability and Statistics","CDU Batch-1 - S-005","Data Visualization Implementation","2026-07-06","71","94","75.5"
"Probability and Statistics","CDU Batch-1 - S-005","Skewness and Outliers","2026-07-03","84","94","89.4"
"Probability and Statistics","CDU Batch-1 - S-005","Skewness and Outliers","2026-07-02","73","94","77.7"
"Probability and Statistics","CDU Batch-1 - S-005","Practice Session - Measures of Central Tendency","2026-06-25","81","94","86.2"
"Probability and Statistics","CDU Batch-1 - S-005","Measures of Variability","2026-06-24","68","94","72.3"
"Probability and Statistics","CDU Batch-1 - S-005","Measures of Variability","2026-06-23","79","94","84"
"Probability and Statistics","CDU Batch-1 - S-005","Measures of Central Tendency","2026-06-19","61","94","64.9"
"Probability and Statistics","CDU Batch-1 - S-005","Practice Session - Measures of Central Tendency","2026-06-19","34","94","36.2"
"Probability and Statistics","CDU Batch-1 - S-005","Data Visualization - II","2026-06-18","61","94","64.9"
"Probability and Statistics","CDU Batch-1 - S-005","Practice session - Introduction to Statistics & Datasets","2026-06-18","60","94","63.8"
"Probability and Statistics","CDU Batch-1 - S-005","Practice session - Introduction to Statistics & Datasets","2026-06-17","45","94","47.9"
"Probability and Statistics","CDU Batch-1 - S-005","Data Visualization - I","2026-06-16","45","94","47.9"
"Probability and Statistics","CDU Batch-1 - S-005","Introduction to Probability & Statistics in ML","2026-06-12","30","94","31.9"
"Probability and Statistics","CDU Batch-1 - S-005","Introduction to Probability & Statistics in ML","2026-06-11","23","94","24.5"
"Probability and Statistics","CDU Batch-1 - S-006","Fundamentals of Probability Implementation","2026-08-22","0","62","0"
"Probability and Statistics","CDU Batch-1 - S-006","Poisson Distribution","2026-08-19","45","62","72.6"
"Probability and Statistics","CDU Batch-1 - S-006","Measures of Variability Implementation Practice Session","2026-08-13","57","62","91.9"
"Probability and Statistics","CDU Batch-1 - S-006","Measures of Variability Implementation Practice Session","2026-08-12","53","62","85.5"
"Probability and Statistics","CDU Batch-1 - S-006","Measures of Variability Implementation Practice Session","2026-08-11","40","62","64.5"
"Probability and Statistics","CDU Batch-1 - S-006","Binomial Distribution","2026-08-08","31","62","50"
"Probability and Statistics","CDU Batch-1 - S-006","Binomial Distribution","2026-08-04","43","62","69.4"
"Probability and Statistics","CDU Batch-1 - S-006","Practice Session Baye's Theorem and counting principles","2026-08-03","52","62","83.9"
"Probability and Statistics","CDU Batch-1 - S-006","Practice Session Baye's Theorem and counting principles","2026-07-31","50","62","80.6"
"Probability and Statistics","CDU Batch-1 - S-006","Practice Session Baye's Theorem and counting principles","2026-07-30","52","62","83.9"
"Probability and Statistics","CDU Batch-1 - S-006","Module_Quiz_2","2026-07-29","41","62","66.1"
"Probability and Statistics","CDU Batch-1 - S-006","Practice Session Baye's Theorem and counting principles","2026-07-29","52","62","83.9"
"Probability and Statistics","CDU Batch-1 - S-006","Continuous Random Variables","2026-07-28","55","62","88.7"
"Probability and Statistics","CDU Batch-1 - S-006","Practice Session Baye's Theorem and counting principles","2026-07-28","53","62","85.5"
"Probability and Statistics","CDU Batch-1 - S-006","Discrete Random Variables","2026-07-27","43","62","69.4"
"Probability and Statistics","CDU Batch-1 - S-006","Baye's Theorem and counting principles","2026-07-23","51","62","82.3"
"Probability and Statistics","CDU Batch-1 - S-006","Baye's Theorem and counting principles","2026-07-21","52","62","83.9"
"Probability and Statistics","CDU Batch-1 - S-006","Law of Partition and Total Probability","2026-07-18","36","62","58.1"
"Probability and Statistics","CDU Batch-1 - S-006","Measures of Variability Implementation Practice Session","2026-07-18","35","62","56.5"
"Probability and Statistics","CDU Batch-1 - S-006","Skewness & Outliers Implementation","2026-07-17","52","62","83.9"
"Probability and Statistics","CDU Batch-1 - S-006","Measures of Variability Implementation","2026-07-16","55","62","88.7"
"Probability and Statistics","CDU Batch-1 - S-006","Measures of Variability Implementation Practice Session","2026-07-16","50","62","80.6"
"Probability and Statistics","CDU Batch-1 - S-006","Practice Session - Basics of Probability","2026-07-16","46","62","74.2"
"Probability and Statistics","CDU Batch-1 - S-006","Conditional Probability","2026-07-15","46","62","74.2"
"Probability and Statistics","CDU Batch-1 - S-006","Probability Rules & Theorems","2026-07-14","56","62","90.3"
"Probability and Statistics","CDU Batch-1 - S-006","Practice Session - Basics of Probability","2026-07-11","47","62","75.8"
"Probability and Statistics","CDU Batch-1 - S-006","Measures of Central Tendency Implementation","2026-07-09","47","62","75.8"
"Probability and Statistics","CDU Batch-1 - S-006","Measures of Variability Implementation Practice Session","2026-07-09","52","62","83.9"
"Probability and Statistics","CDU Batch-1 - S-006","Module_Quiz_1","2026-07-09","47","62","75.8"
"Probability and Statistics","CDU Batch-1 - S-006","Basics of Probability","2026-07-08","53","62","85.5"
"Probability and Statistics","CDU Batch-1 - S-006","Data Visualization Implementation","2026-07-08","52","62","83.9"
"Probability and Statistics","CDU Batch-1 - S-006","Measures of Variability Implementation Practice Session","2026-07-08","53","62","85.5"
"Probability and Statistics","CDU Batch-1 - S-006","Data Visualization Implementation","2026-07-06","36","62","58.1"
"Probability and Statistics","CDU Batch-1 - S-006","Practice Session - Measures of Central Tendency","2026-07-06","37","62","59.7"
"Probability and Statistics","CDU Batch-1 - S-006","Practice Session - Measures of Central Tendency","2026-07-03","52","62","83.9"
"Probability and Statistics","CDU Batch-1 - S-006","Skewness and Outliers","2026-06-29","54","62","87.1"
"Probability and Statistics","CDU Batch-1 - S-006","Skewness and Outliers","2026-06-27","44","62","71"
"Probability and Statistics","CDU Batch-1 - S-006","Measures of Variability","2026-06-24","51","62","82.3"
"Probability and Statistics","CDU Batch-1 - S-006","Measures of Variability Implementation Practice Session","2026-06-24","46","62","74.2"
"Probability and Statistics","CDU Batch-1 - S-006","Measures of Central Tendency","2026-06-23","2","62","3.2"
"Probability and Statistics","CDU Batch-1 - S-006","Practice Session - Measures of Central Tendency","2026-06-23","44","62","71"
"Probability and Statistics","CDU Batch-1 - S-006","Data Visualization - II","2026-06-20","53","62","85.5"
"Probability and Statistics","CDU Batch-1 - S-006","Practice session - Introduction to Statistics & Datasets","2026-06-20","52","62","83.9"
"Probability and Statistics","CDU Batch-1 - S-006","Data Visualization - I","2026-06-19","52","62","83.9"
"Probability and Statistics","CDU Batch-1 - S-006","Practice session - Introduction to Statistics & Datasets","2026-06-19","52","62","83.9"
"Probability and Statistics","CDU Batch-1 - S-006","Introduction to Probability & Statistics in ML","2026-06-16","30","62","48.4"
"Probability and Statistics","CDU Batch-1 - S-006","Introduction to Probability & Statistics in ML","2026-06-11","5","62","8.1"
"Probability and Statistics","CDU Batch-1 - S-007","Normal Distribution - I","2026-08-22","33","60","55"
"Probability and Statistics","CDU Batch-1 - S-007","Poisson Distribution","2026-08-20","41","60","68.3"
"Probability and Statistics","CDU Batch-1 - S-007","Fundamentals of Probability Implementation","2026-08-19","35","60","58.3"
"Probability and Statistics","CDU Batch-1 - S-007","Measures of Variability Implementation Practice Session","2026-08-11","47","60","78.3"
"Probability and Statistics","CDU Batch-1 - S-007","Practice Session Baye's Theorem and counting principles","2026-08-08","26","60","43.3"
"Probability and Statistics","CDU Batch-1 - S-007","Practice Session Poisson Distribution","2026-08-08","23","60","38.3"
"Probability and Statistics","CDU Batch-1 - S-007","Practice Session Baye's Theorem and counting principles","2026-08-04","94","120","78.3"
"Probability and Statistics","CDU Batch-1 - S-007","Fundamentals of Probability Implementation","2026-08-03","45","60","75"
"Probability and Statistics","CDU Batch-1 - S-007","Binomial Distribution","2026-08-01","46","60","76.7"
"Probability and Statistics","CDU Batch-1 - S-007","Binomial Distribution","2026-07-31","42","60","70"
"Probability and Statistics","CDU Batch-1 - S-007","Practice Session Baye's Theorem and counting principles","2026-07-31","46","60","76.7"
"Probability and Statistics","CDU Batch-1 - S-007","Practice Session Baye's Theorem and counting principles","2026-07-30","46","60","76.7"
"Probability and Statistics","CDU Batch-1 - S-007","Continuous Random Variables","2026-07-29","43","60","71.7"
"Probability and Statistics","CDU Batch-1 - S-007","Module_Quiz_2","2026-07-29","43","60","71.7"
"Probability and Statistics","CDU Batch-1 - S-007","Practice Session Baye's Theorem and counting principles","2026-07-29","32","60","53.3"
"Probability and Statistics","CDU Batch-1 - S-007","Practice Session Baye's Theorem and counting principles","2026-07-27","71","120","59.2"
"Probability and Statistics","CDU Batch-1 - S-007","Discrete Random Variables","2026-07-23","41","60","68.3"
"Probability and Statistics","CDU Batch-1 - S-007","Practice Session Baye's Theorem and counting principles","2026-07-23","38","60","63.3"
"Probability and Statistics","CDU Batch-1 - S-007","Skewness & Outliers Implementation","2026-07-21","45","60","75"
"Probability and Statistics","CDU Batch-1 - S-007","Skewness & Outliers Implementation","2026-07-20","23","60","38.3"
"Probability and Statistics","CDU Batch-1 - S-007","Baye's Theorem and counting principles","2026-07-17","34","60","56.7"
"Probability and Statistics","CDU Batch-1 - S-007","Practice Session Baye's Theorem and counting principles","2026-07-17","39","60","65"
"Probability and Statistics","CDU Batch-1 - S-007","Law of Partition and Total Probability","2026-07-16","44","60","73.3"
"Probability and Statistics","CDU Batch-1 - S-007","Practice Session - Basics of Probability","2026-07-16","44","60","73.3"
"Probability and Statistics","CDU Batch-1 - S-007","Measures of Variability Implementation Practice Session","2026-07-15","41","120","34.2"
"Probability and Statistics","CDU Batch-1 - S-007","Measures of Variability Implementation","2026-07-14","51","60","85"
"Probability and Statistics","CDU Batch-1 - S-007","Measures of Variability Implementation Practice Session","2026-07-13","44","60","73.3"
"Probability and Statistics","CDU Batch-1 - S-007","Conditional Probability","2026-07-11","34","60","56.7"
"Probability and Statistics","CDU Batch-1 - S-007","Measures of Central Tendency Implementation","2026-07-09","37","60","61.7"
"Probability and Statistics","CDU Batch-1 - S-007","Module_Quiz_1","2026-07-09","0","60","0"
"Probability and Statistics","CDU Batch-1 - S-007","Probability Rules & Theorems","2026-07-08","51","60","85"
"Probability and Statistics","CDU Batch-1 - S-007","Basics of Probability","2026-07-06","39","60","65"
"Probability and Statistics","CDU Batch-1 - S-007","Practice Session - Measures of Central Tendency","2026-07-03","42","60","70"
"Probability and Statistics","CDU Batch-1 - S-007","Data Visualization Implementation","2026-07-02","47","60","78.3"
"Probability and Statistics","CDU Batch-1 - S-007","Data Visualization Implementation","2026-06-29","39","60","65"
"Probability and Statistics","CDU Batch-1 - S-007","Measures of Variability Implementation Practice Session","2026-06-29","41","60","68.3"
"Probability and Statistics","CDU Batch-1 - S-007","Practice Session - Measures of Central Tendency","2026-06-24","31","60","51.7"
"Probability and Statistics","CDU Batch-1 - S-007","Skewness and Outliers","2026-06-23","40","60","66.7"
"Probability and Statistics","CDU Batch-1 - S-007","Measures of Variability","2026-06-22","35","60","58.3"
"Probability and Statistics","CDU Batch-1 - S-007","Measures of Central Tendency","2026-06-19","43","60","71.7"
"Probability and Statistics","CDU Batch-1 - S-007","Data Visualization - II","2026-06-18","74","120","61.7"
"Probability and Statistics","CDU Batch-1 - S-007","Practice session - Introduction to Statistics & Datasets","2026-06-17","86","120","71.7"
"Probability and Statistics","CDU Batch-1 - S-007","Data Visualization - I","2026-06-16","34","60","56.7"
"Probability and Statistics","CDU Batch-1 - S-007","Introduction to Probability & Statistics in ML","2026-06-13","22","60","36.7"
"Probability and Statistics","CDU Batch-1 - S-007","Introduction to Probability & Statistics in ML","2026-06-12","26","60","43.3"
"Probability and Statistics","CDU Batch-1 - S-008","Normal Distribution - I","2026-08-22","0","58","0"
"Probability and Statistics","CDU Batch-1 - S-008","Poisson Distribution","2026-08-20","47","58","81"
"Probability and Statistics","CDU Batch-1 - S-008","Fundamentals of Probability Implementation","2026-08-19","27","58","46.6"
"Probability and Statistics","CDU Batch-1 - S-008","Measures of Variability Implementation Practice Session","2026-08-11","51","58","87.9"
"Probability and Statistics","CDU Batch-1 - S-008","Practice Session Baye's Theorem and counting principles","2026-08-04","42","58","72.4"
"Probability and Statistics","CDU Batch-1 - S-008","Fundamentals of Probability Implementation","2026-08-03","40","58","69"
"Probability and Statistics","CDU Batch-1 - S-008","Binomial Distribution","2026-07-31","43","58","74.1"
"Probability and Statistics","CDU Batch-1 - S-008","Practice Session Baye's Theorem and counting principles","2026-07-30","40","58","69"
"Probability and Statistics","CDU Batch-1 - S-008","Continuous Random Variables","2026-07-29","43","58","74.1"
"Probability and Statistics","CDU Batch-1 - S-008","Module_Quiz_2","2026-07-29","38","58","65.5"
"Probability and Statistics","CDU Batch-1 - S-008","Practice Session Baye's Theorem and counting principles","2026-07-28","44","58","75.9"
"Probability and Statistics","CDU Batch-1 - S-008","Practice Session Baye's Theorem and counting principles","2026-07-27","34","58","58.6"
"Probability and Statistics","CDU Batch-1 - S-008","Discrete Random Variables","2026-07-23","47","58","81"
"Probability and Statistics","CDU Batch-1 - S-008","Practice Session Baye's Theorem and counting principles","2026-07-23","36","58","62.1"
"Probability and Statistics","CDU Batch-1 - S-008","Baye's Theorem and counting principles","2026-07-22","46","58","79.3"
"Probability and Statistics","CDU Batch-1 - S-008","Practice Session Baye's Theorem and counting principles","2026-07-22","40","58","69"
"Probability and Statistics","CDU Batch-1 - S-008","Measures of Variability Implementation Practice Session","2026-07-18","46","58","79.3"
"Probability and Statistics","CDU Batch-1 - S-008","Skewness & Outliers Implementation","2026-07-18","44","58","75.9"
"Probability and Statistics","CDU Batch-1 - S-008","Skewness & Outliers Implementation","2026-07-17","41","58","70.7"
"Probability and Statistics","CDU Batch-1 - S-008","Law of Partition and Total Probability","2026-07-15","52","58","89.7"
"Probability and Statistics","CDU Batch-1 - S-008","Skewness & Outliers Implementation","2026-07-15","49","58","84.5"
"Probability and Statistics","CDU Batch-1 - S-008","Conditional Probability","2026-07-14","50","58","86.2"
"Probability and Statistics","CDU Batch-1 - S-008","Measures of Variability Implementation","2026-07-14","45","58","77.6"
"Probability and Statistics","CDU Batch-1 - S-008","Measures of Variability Implementation Practice Session","2026-07-13","49","58","84.5"
"Probability and Statistics","CDU Batch-1 - S-008","Module_Quiz_1","2026-07-09","0","58","0"
"Probability and Statistics","CDU Batch-1 - S-008","Probability Rules & Theorems","2026-07-09","22","58","37.9"
"Probability and Statistics","CDU Batch-1 - S-008","Measures of Central Tendency Implementation","2026-07-08","49","58","84.5"
"Probability and Statistics","CDU Batch-1 - S-008","Practice Session - Basics of Probability","2026-07-07","45","58","77.6"
"Probability and Statistics","CDU Batch-1 - S-008","Basics of Probability","2026-07-06","45","58","77.6"
"Probability and Statistics","CDU Batch-1 - S-008","Practice Session - Basics of Probability","2026-07-06","40","58","69"
"Probability and Statistics","CDU Batch-1 - S-008","Data Visualization Implementation","2026-07-01","41","58","70.7"
"Probability and Statistics","CDU Batch-1 - S-008","Practice Session - Measures of Central Tendency","2026-07-01","40","58","69"
"Probability and Statistics","CDU Batch-1 - S-008","Data Visualization Implementation","2026-06-29","47","58","81"
"Probability and Statistics","CDU Batch-1 - S-008","Measures of Variability Implementation Practice Session","2026-06-29","36","58","62.1"
"Probability and Statistics","CDU Batch-1 - S-008","Skewness and Outliers","2026-06-23","35","58","60.3"
"Probability and Statistics","CDU Batch-1 - S-008","Measures of Variability","2026-06-22","39","58","67.2"
"Probability and Statistics","CDU Batch-1 - S-008","Measures of Central Tendency","2026-06-19","33","58","56.9"
"Probability and Statistics","CDU Batch-1 - S-008","Practice Session - Measures of Central Tendency","2026-06-19","31","58","53.4"
"Probability and Statistics","CDU Batch-1 - S-008","Data Visualization - II","2026-06-17","22","58","37.9"
"Probability and Statistics","CDU Batch-1 - S-008","Practice session - Introduction to Statistics & Datasets","2026-06-16","18","58","31"
"Probability and Statistics","CDU Batch-1 - S-008","Data Visualization - I","2026-06-15","15","58","25.9"
"Probability and Statistics","CDU Batch-1 - S-008","Practice session - Introduction to Statistics & Datasets","2026-06-13","5","58","8.6"
"Probability and Statistics","CDU Batch-1 - S-008","Introduction to Probability & Statistics in ML","2026-06-12","2","58","3.4"
"Probability and Statistics","CDU Batch-1 - S-008","Introduction to Probability & Statistics in ML","2026-06-11","0","58","0"
"Probability and Statistics","CDU Batch-1 - S-008","Practice session - Introduction to Statistics & Datasets","2026-06-11","0","58","0"
"Probability and Statistics","CDU Batch-1 - S-009","Normal Distribution - I","2026-08-22","35","60","58.3"
"Probability and Statistics","CDU Batch-1 - S-009","Practice Session Poisson Distribution","2026-08-22","32","60","53.3"
"Probability and Statistics","CDU Batch-1 - S-009","Measures of Variability Implementation Practice Session","2026-08-20","23","60","38.3"
"Probability and Statistics","CDU Batch-1 - S-009","Poisson Distribution","2026-08-19","29","60","48.3"
"Probability and Statistics","CDU Batch-1 - S-009","Practice Session Baye's Theorem and counting principles","2026-08-08","28","60","46.7"
"Probability and Statistics","CDU Batch-1 - S-009","Binomial Distribution","2026-08-04","39","60","65"
"Probability and Statistics","CDU Batch-1 - S-009","Continuous Random Variables","2026-08-03","44","60","73.3"
"Probability and Statistics","CDU Batch-1 - S-009","Fundamentals of Probability Implementation","2026-08-03","29","60","48.3"
"Probability and Statistics","CDU Batch-1 - S-009","Practice Session Baye's Theorem and counting principles","2026-08-03","42","60","70"
"Probability and Statistics","CDU Batch-1 - S-009","Continuous Random Variables","2026-08-01","37","60","61.7"
"Probability and Statistics","CDU Batch-1 - S-009","Continuous Random Variables","2026-07-31","35","60","58.3"
"Probability and Statistics","CDU Batch-1 - S-009","Practice Session Baye's Theorem and counting principles","2026-07-30","41","60","68.3"
"Probability and Statistics","CDU Batch-1 - S-009","Continuous Random Variables","2026-07-29","47","60","78.3"
"Probability and Statistics","CDU Batch-1 - S-009","Module_Quiz_2","2026-07-29","44","60","73.3"
"Probability and Statistics","CDU Batch-1 - S-009","Practice Session - Basics of Probability","2026-07-27","49","60","81.7"
"Probability and Statistics","CDU Batch-1 - S-009","Discrete Random Variables","2026-07-23","51","60","85"
"Probability and Statistics","CDU Batch-1 - S-009","Practice Session Baye's Theorem and counting principles","2026-07-23","47","60","78.3"
"Probability and Statistics","CDU Batch-1 - S-009","Practice Session Baye's Theorem and counting principles","2026-07-22","50","60","83.3"
"Probability and Statistics","CDU Batch-1 - S-009","Baye's Theorem and counting principles","2026-07-21","40","60","66.7"
"Probability and Statistics","CDU Batch-1 - S-009","Skewness & Outliers Implementation","2026-07-21","45","60","75"
"Probability and Statistics","CDU Batch-1 - S-009","Skewness & Outliers Implementation","2026-07-20","47","60","78.3"
"Probability and Statistics","CDU Batch-1 - S-009","Baye's Theorem and counting principles","2026-07-17","48","60","80"
"Probability and Statistics","CDU Batch-1 - S-009","Practice Session Baye's Theorem and counting principles","2026-07-17","47","60","78.3"
"Probability and Statistics","CDU Batch-1 - S-009","Law of Partition and Total Probability","2026-07-16","53","60","88.3"
"Probability and Statistics","CDU Batch-1 - S-009","Measures of Variability Implementation","2026-07-13","44","60","73.3"
"Probability and Statistics","CDU Batch-1 - S-009","Practice Session - Measures of Central Tendency","2026-07-13","48","60","80"
"Probability and Statistics","CDU Batch-1 - S-009","Conditional Probability","2026-07-11","32","60","53.3"
"Probability and Statistics","CDU Batch-1 - S-009","Module_Quiz_1","2026-07-09","0","60","0"
"Probability and Statistics","CDU Batch-1 - S-009","Probability Rules & Theorems","2026-07-09","50","60","83.3"
"Probability and Statistics","CDU Batch-1 - S-009","Measures of Central Tendency Implementation","2026-07-08","44","60","73.3"
"Probability and Statistics","CDU Batch-1 - S-009","Measures of Central Tendency Implementation","2026-07-07","43","60","71.7"
"Probability and Statistics","CDU Batch-1 - S-009","Practice Session - Measures of Central Tendency","2026-07-03","49","60","81.7"
"Probability and Statistics","CDU Batch-1 - S-009","Basics of Probability","2026-07-02","47","60","78.3"
"Probability and Statistics","CDU Batch-1 - S-009","Data Visualization Implementation","2026-07-02","43","60","71.7"
"Probability and Statistics","CDU Batch-1 - S-009","Data Visualization Implementation","2026-06-29","11","60","18.3"
"Probability and Statistics","CDU Batch-1 - S-009","Practice Session - Measures of Central Tendency","2026-06-23","48","60","80"
"Probability and Statistics","CDU Batch-1 - S-009","Practice session - Introduction to Statistics & Datasets","2026-06-22","43","60","71.7"
"Probability and Statistics","CDU Batch-1 - S-009","Skewness and Outliers","2026-06-22","48","60","80"
"Probability and Statistics","CDU Batch-1 - S-009","Measures of Variability","2026-06-19","31","60","51.7"
"Probability and Statistics","CDU Batch-1 - S-009","Measures of Variability Implementation Practice Session","2026-06-19","43","60","71.7"
"Probability and Statistics","CDU Batch-1 - S-009","Measures of Central Tendency","2026-06-18","37","60","61.7"
"Probability and Statistics","CDU Batch-1 - S-009","Data Visualization - II","2026-06-17","32","60","53.3"
"Probability and Statistics","CDU Batch-1 - S-009","Practice session - Introduction to Statistics & Datasets","2026-06-16","28","60","46.7"
"Probability and Statistics","CDU Batch-1 - S-009","Data Visualization - I","2026-06-15","32","60","53.3"
"Probability and Statistics","CDU Batch-1 - S-009","Practice session - Introduction to Statistics & Datasets","2026-06-15","29","60","48.3"
"Probability and Statistics","CDU Batch-1 - S-009","Introduction to Probability & Statistics in ML","2026-06-13","22","60","36.7"
"Probability and Statistics","CDU Batch-1 - S-009","Practice session - Introduction to Statistics & Datasets","2026-06-13","16","60","26.7"
"Probability and Statistics","CDU Batch-1 - S-009","Introduction to Probability & Statistics in ML","2026-06-12","24","60","40"
"Probability and Statistics","CDU Batch-1 - S-009","Practice session - Introduction to Statistics & Datasets","2026-06-12","25","60","41.7"
"Probability and Statistics","CDU Batch-1 - S-009","Practice session - Introduction to Statistics & Datasets","2026-06-11","7","60","11.7"
"Probability and Statistics","CDU Batch-1 - S-010","Practice Session Baye's Theorem and counting principles","2026-08-08","20","70","28.6"
"Probability and Statistics","CDU Batch-1 - S-010","Fundamentals of Probability Implementation","2026-08-04","49","70","70"
"Probability and Statistics","CDU Batch-1 - S-010","Poisson Distribution","2026-08-04","49","70","70"
"Probability and Statistics","CDU Batch-1 - S-010","Binomial Distribution","2026-08-03","52","70","74.3"
"Probability and Statistics","CDU Batch-1 - S-010","Practice Session Baye's Theorem and counting principles","2026-07-30","54","70","77.1"
"Probability and Statistics","CDU Batch-1 - S-010","Module_Quiz_2","2026-07-29","54","70","77.1"
"Probability and Statistics","CDU Batch-1 - S-010","Continuous Random Variables","2026-07-28","47","70","67.1"
"Probability and Statistics","CDU Batch-1 - S-010","Practice Session Baye's Theorem and counting principles","2026-07-27","56","70","80"
"Probability and Statistics","CDU Batch-1 - S-010","Discrete Random Variables","2026-07-23","61","70","87.1"
"Probability and Statistics","CDU Batch-1 - S-010","Skewness & Outliers Implementation","2026-07-21","55","70","78.6"
"Probability and Statistics","CDU Batch-1 - S-010","Baye's Theorem and counting principles","2026-07-17","54","70","77.1"
"Probability and Statistics","CDU Batch-1 - S-010","Law of Partition and Total Probability","2026-07-15","56","70","80"
"Probability and Statistics","CDU Batch-1 - S-010","Practice Session - Basics of Probability","2026-07-14","59","70","84.3"
"Probability and Statistics","CDU Batch-1 - S-010","Conditional Probability","2026-07-13","43","70","61.4"
"Probability and Statistics","CDU Batch-1 - S-010","Measures of Variability Implementation","2026-07-13","54","70","77.1"
"Probability and Statistics","CDU Batch-1 - S-010","Probability Rules & Theorems","2026-07-11","45","70","64.3"
"Probability and Statistics","CDU Batch-1 - S-010","Measures of Central Tendency Implementation","2026-07-09","58","70","82.9"
"Probability and Statistics","CDU Batch-1 - S-010","Module_Quiz_1","2026-07-09","49","70","70"
"Probability and Statistics","CDU Batch-1 - S-010","Practice Session - Measures of Central Tendency","2026-07-09","57","70","81.4"
"Probability and Statistics","CDU Batch-1 - S-010","Practice Session - Basics of Probability","2026-07-08","54","70","77.1"
"Probability and Statistics","CDU Batch-1 - S-010","Practice Session - Basics of Probability","2026-07-07","52","70","74.3"
"Probability and Statistics","CDU Batch-1 - S-010","Basics of Probability","2026-07-06","41","70","58.6"
"Probability and Statistics","CDU Batch-1 - S-010","Data Visualization Implementation","2026-07-01","38","70","54.3"
"Probability and Statistics","CDU Batch-1 - S-010","Practice Session - Measures of Central Tendency","2026-07-01","39","70","55.7"
"Probability and Statistics","CDU Batch-1 - S-010","Data Visualization Implementation","2026-06-29","53","70","75.7"
"Probability and Statistics","CDU Batch-1 - S-010","Skewness and Outliers","2026-06-25","43","70","61.4"
"Probability and Statistics","CDU Batch-1 - S-010","Skewness and Outliers","2026-06-24","53","70","75.7"
"Probability and Statistics","CDU Batch-1 - S-010","Measures of Variability","2026-06-20","53","70","75.7"
"Probability and Statistics","CDU Batch-1 - S-010","Practice Session - Measures of Central Tendency","2026-06-20","53","70","75.7"
"Probability and Statistics","CDU Batch-1 - S-010","Measures of Central Tendency","2026-06-19","51","70","72.9"
"Probability and Statistics","CDU Batch-1 - S-010","Data Visualization - II","2026-06-17","45","70","64.3"
"Probability and Statistics","CDU Batch-1 - S-010","Data Visualization - I","2026-06-16","42","70","60"
"Probability and Statistics","CDU Batch-1 - S-010","Practice session - Introduction to Statistics & Datasets","2026-06-15","75","140","53.6"
"Probability and Statistics","CDU Batch-1 - S-010","Introduction to Probability & Statistics in ML","2026-06-13","18","70","25.7"
"Probability and Statistics","CDU Batch-1 - S-010","Practice session - Introduction to Statistics & Datasets","2026-06-12","20","70","28.6"
"Probability and Statistics","CDU Batch-1 - S-010","Introduction to Probability & Statistics in ML","2026-06-11","1","70","1.4"
"Probability and Statistics","CDU Batch-1 - S-011","Measures of Variability Implementation Practice Session","2026-08-20","32","51","62.7"
"Probability and Statistics","CDU Batch-1 - S-011","Fundamentals of Probability Implementation","2026-08-19","20","51","39.2"
"Probability and Statistics","CDU Batch-1 - S-011","Poisson Distribution","2026-08-19","32","51","62.7"
"Probability and Statistics","CDU Batch-1 - S-011","Binomial Distribution","2026-08-08","21","51","41.2"
"Probability and Statistics","CDU Batch-1 - S-011","Fundamentals of Probability Implementation","2026-08-08","10","51","19.6"
"Probability and Statistics","CDU Batch-1 - S-011","Fundamentals of Probability Implementation","2026-08-04","41","51","80.4"
"Probability and Statistics","CDU Batch-1 - S-011","Practice Session Baye's Theorem and counting principles","2026-08-04","74","102","72.5"
"Probability and Statistics","CDU Batch-1 - S-011","Continuous Random Variables","2026-08-03","39","51","76.5"
"Probability and Statistics","CDU Batch-1 - S-011","Continuous Random Variables","2026-08-01","32","51","62.7"
"Probability and Statistics","CDU Batch-1 - S-011","Continuous Random Variables","2026-07-31","34","51","66.7"
"Probability and Statistics","CDU Batch-1 - S-011","Practice Session Baye's Theorem and counting principles","2026-07-30","40","51","78.4"
"Probability and Statistics","CDU Batch-1 - S-011","Module_Quiz_2","2026-07-29","34","51","66.7"
"Probability and Statistics","CDU Batch-1 - S-011","Continuous Random Variables","2026-07-28","42","51","82.4"
"Probability and Statistics","CDU Batch-1 - S-011","Discrete Random Variables","2026-07-27","33","51","64.7"
"Probability and Statistics","CDU Batch-1 - S-011","Practice Session Baye's Theorem and counting principles","2026-07-22","43","51","84.3"
"Probability and Statistics","CDU Batch-1 - S-011","Baye's Theorem and counting principles","2026-07-21","45","51","88.2"
"Probability and Statistics","CDU Batch-1 - S-011","Practice Session Baye's Theorem and counting principles","2026-07-21","47","51","92.2"
"Probability and Statistics","CDU Batch-1 - S-011","Measures of Variability Implementation Practice Session","2026-07-18","32","51","62.7"
"Probability and Statistics","CDU Batch-1 - S-011","Skewness & Outliers Implementation","2026-07-18","18","51","35.3"
"Probability and Statistics","CDU Batch-1 - S-011","Skewness & Outliers Implementation","2026-07-17","45","51","88.2"
"Probability and Statistics","CDU Batch-1 - S-011","Measures of Variability Implementation","2026-07-16","44","51","86.3"
"Probability and Statistics","CDU Batch-1 - S-011","Practice Session - Basics of Probability","2026-07-16","41","51","80.4"
"Probability and Statistics","CDU Batch-1 - S-011","Law of Partition and Total Probability","2026-07-15","45","51","88.2"
"Probability and Statistics","CDU Batch-1 - S-011","Conditional Probability","2026-07-14","43","51","84.3"
"Probability and Statistics","CDU Batch-1 - S-011","Measures of Central Tendency Implementation","2026-07-11","32","51","62.7"
"Probability and Statistics","CDU Batch-1 - S-011","Module_Quiz_1","2026-07-09","25","51","49"
"Probability and Statistics","CDU Batch-1 - S-011","Probability Rules & Theorems","2026-07-09","44","51","86.3"
"Probability and Statistics","CDU Batch-1 - S-011","Data Visualization Implementation","2026-07-07","43","51","84.3"
"Probability and Statistics","CDU Batch-1 - S-011","Practice Session - Basics of Probability","2026-07-07","40","51","78.4"
"Probability and Statistics","CDU Batch-1 - S-011","Practice Session - Measures of Central Tendency","2026-07-07","42","51","82.4"
"Probability and Statistics","CDU Batch-1 - S-011","Basics of Probability","2026-07-06","40","51","78.4"
"Probability and Statistics","CDU Batch-1 - S-011","Data Visualization Implementation","2026-07-02","2","51","3.9"
"Probability and Statistics","CDU Batch-1 - S-011","Skewness and Outliers","2026-06-24","41","51","80.4"
"Probability and Statistics","CDU Batch-1 - S-011","Measures of Variability","2026-06-20","38","51","74.5"
"Probability and Statistics","CDU Batch-1 - S-011","Practice Session - Measures of Central Tendency","2026-06-20","37","51","72.5"
"Probability and Statistics","CDU Batch-1 - S-011","Measures of Central Tendency","2026-06-18","39","51","76.5"
"Probability and Statistics","CDU Batch-1 - S-011","Practice Session - Measures of Central Tendency","2026-06-18","37","51","72.5"
"Probability and Statistics","CDU Batch-1 - S-011","Practice session - Introduction to Statistics & Datasets","2026-06-17","65","102","63.7"
"Probability and Statistics","CDU Batch-1 - S-011","Data Visualization - II","2026-06-16","34","51","66.7"
"Probability and Statistics","CDU Batch-1 - S-011","Data Visualization - I","2026-06-15","31","51","60.8"
"Probability and Statistics","CDU Batch-1 - S-011","Introduction to Probability & Statistics in ML","2026-06-13","20","51","39.2"
"Probability and Statistics","CDU Batch-1 - S-011","Practice session - Introduction to Statistics & Datasets","2026-06-12","16","51","31.4"
"Probability and Statistics","CDU Batch-1 - S-011","Introduction to Probability & Statistics in ML","2026-06-11","0","51","0"
"Probability and Statistics","CDU Batch-1 - S-012","Practice Session Baye's Theorem and counting principles","2026-08-20","36","60","60"
"Probability and Statistics","CDU Batch-1 - S-012","Poisson Distribution","2026-08-19","47","60","78.3"
"Probability and Statistics","CDU Batch-1 - S-012","Binomial Distribution","2026-08-04","46","60","76.7"
"Probability and Statistics","CDU Batch-1 - S-012","Practice Session Baye's Theorem and counting principles","2026-08-03","41","60","68.3"
"Probability and Statistics","CDU Batch-1 - S-012","Fundamentals of Probability Implementation","2026-08-01","35","60","58.3"
"Probability and Statistics","CDU Batch-1 - S-012","Fundamentals of Probability Implementation","2026-07-31","39","60","65"
"Probability and Statistics","CDU Batch-1 - S-012","Module_Quiz_2","2026-07-29","42","60","70"
"Probability and Statistics","CDU Batch-1 - S-012","Continuous Random Variables","2026-07-28","51","60","85"
"Probability and Statistics","CDU Batch-1 - S-012","Practice Session Baye's Theorem and counting principles","2026-07-28","51","60","85"
"Probability and Statistics","CDU Batch-1 - S-012","Discrete Random Variables","2026-07-27","46","60","76.7"
"Probability and Statistics","CDU Batch-1 - S-012","Baye's Theorem and counting principles","2026-07-22","45","60","75"
"Probability and Statistics","CDU Batch-1 - S-012","Baye's Theorem and counting principles","2026-07-21","44","60","73.3"
"Probability and Statistics","CDU Batch-1 - S-012","Skewness & Outliers Implementation","2026-07-21","49","60","81.7"
"Probability and Statistics","CDU Batch-1 - S-012","Skewness & Outliers Implementation","2026-07-18","36","60","60"
"Probability and Statistics","CDU Batch-1 - S-012","Law of Partition and Total Probability","2026-07-16","53","60","88.3"
"Probability and Statistics","CDU Batch-1 - S-012","Measures of Variability Implementation Practice Session","2026-07-15","52","60","86.7"
"Probability and Statistics","CDU Batch-1 - S-012","Conditional Probability","2026-07-14","49","60","81.7"
"Probability and Statistics","CDU Batch-1 - S-012","Measures of Variability Implementation","2026-07-14","49","60","81.7"
"Probability and Statistics","CDU Batch-1 - S-012","Conditional Probability","2026-07-13","42","60","70"
"Probability and Statistics","CDU Batch-1 - S-012","Probability Rules & Theorems","2026-07-11","45","60","75"
"Probability and Statistics","CDU Batch-1 - S-012","Measures of Central Tendency Implementation","2026-07-09","52","60","86.7"
"Probability and Statistics","CDU Batch-1 - S-012","Module_Quiz_1","2026-07-09","49","60","81.7"
"Probability and Statistics","CDU Batch-1 - S-012","Practice Session - Measures of Central Tendency","2026-07-09","40","60","66.7"
"Probability and Statistics","CDU Batch-1 - S-012","Basics of Probability","2026-07-08","45","60","75"
"Probability and Statistics","CDU Batch-1 - S-012","Practice Session - Basics of Probability","2026-07-08","50","60","83.3"
"Probability and Statistics","CDU Batch-1 - S-012","Data Visualization Implementation","2026-07-07","48","60","80"
"Probability and Statistics","CDU Batch-1 - S-012","Practice Session - Measures of Central Tendency","2026-07-07","42","60","70"
"Probability and Statistics","CDU Batch-1 - S-012","Data Visualization Implementation","2026-07-06","43","60","71.7"
"Probability and Statistics","CDU Batch-1 - S-012","Basics of Probability","2026-07-02","0","60","0"
"Probability and Statistics","CDU Batch-1 - S-012","Data Visualization Implementation","2026-07-02","43","60","71.7"
"Probability and Statistics","CDU Batch-1 - S-012","Practice Session - Measures of Central Tendency","2026-07-02","44","60","73.3"
"Probability and Statistics","CDU Batch-1 - S-012","Skewness and Outliers","2026-06-24","44","60","73.3"
"Probability and Statistics","CDU Batch-1 - S-012","Measures of Variability","2026-06-22","20","60","33.3"
"Probability and Statistics","CDU Batch-1 - S-012","Practice session - Introduction to Statistics & Datasets","2026-06-22","43","60","71.7"
"Probability and Statistics","CDU Batch-1 - S-012","Measures of Variability","2026-06-20","35","60","58.3"
"Probability and Statistics","CDU Batch-1 - S-012","Measures of Central Tendency","2026-06-18","40","60","66.7"
"Probability and Statistics","CDU Batch-1 - S-012","Data Visualization - II","2026-06-16","14","60","23.3"
"Probability and Statistics","CDU Batch-1 - S-012","Data Visualization - I","2026-06-15","17","60","28.3"
"Probability and Statistics","CDU Batch-1 - S-012","Introduction to Probability & Statistics in ML","2026-06-12","7","60","11.7"
"Probability and Statistics","CDU Batch-1 - S-012","Introduction to Probability & Statistics in ML","2026-06-11","0","60","0"
"Probability and Statistics","CDU Batch-1 - S-013","Normal Distribution - I","2026-08-20","36","60","60"
"Probability and Statistics","CDU Batch-1 - S-013","Practice Session Baye's Theorem and counting principles","2026-08-12","45","60","75"
"Probability and Statistics","CDU Batch-1 - S-013","Measures of Variability Implementation Practice Session","2026-08-11","46","60","76.7"
"Probability and Statistics","CDU Batch-1 - S-013","Fundamentals of Probability Implementation","2026-08-04","43","60","71.7"
"Probability and Statistics","CDU Batch-1 - S-013","Poisson Distribution","2026-08-04","43","60","71.7"
"Probability and Statistics","CDU Batch-1 - S-013","Fundamentals of Probability Implementation","2026-08-03","43","60","71.7"
"Probability and Statistics","CDU Batch-1 - S-013","Binomial Distribution","2026-07-31","33","60","55"
"Probability and Statistics","CDU Batch-1 - S-013","Continuous Random Variables","2026-07-29","37","60","61.7"
"Probability and Statistics","CDU Batch-1 - S-013","Module_Quiz_2","2026-07-29","37","60","61.7"
"Probability and Statistics","CDU Batch-1 - S-013","Practice Session Baye's Theorem and counting principles","2026-07-27","46","60","76.7"
"Probability and Statistics","CDU Batch-1 - S-013","Discrete Random Variables","2026-07-23","57","60","95"
"Probability and Statistics","CDU Batch-1 - S-013","Practice Session Baye's Theorem and counting principles","2026-07-22","46","60","76.7"
"Probability and Statistics","CDU Batch-1 - S-013","Baye's Theorem and counting principles","2026-07-21","49","60","81.7"
"Probability and Statistics","CDU Batch-1 - S-013","Baye's Theorem and counting principles","2026-07-20","50","60","83.3"
"Probability and Statistics","CDU Batch-1 - S-013","Law of Partition and Total Probability","2026-07-17","45","60","75"
"Probability and Statistics","CDU Batch-1 - S-013","Skewness & Outliers Implementation","2026-07-17","42","60","70"
"Probability and Statistics","CDU Batch-1 - S-013","Skewness & Outliers Implementation","2026-07-16","52","60","86.7"
"Probability and Statistics","CDU Batch-1 - S-013","Conditional Probability","2026-07-15","51","60","85"
"Probability and Statistics","CDU Batch-1 - S-013","Measures of Variability Implementation Practice Session","2026-07-15","21","60","35"
"Probability and Statistics","CDU Batch-1 - S-013","Measures of Variability Implementation","2026-07-13","45","60","75"
"Probability and Statistics","CDU Batch-1 - S-013","Practice Session - Basics of Probability","2026-07-13","35","60","58.3"
"Probability and Statistics","CDU Batch-1 - S-013","Probability Rules & Theorems","2026-07-13","45","60","75"
"Probability and Statistics","CDU Batch-1 - S-013","Measures of Central Tendency Implementation","2026-07-11","40","60","66.7"
"Probability and Statistics","CDU Batch-1 - S-013","Module_Quiz_1","2026-07-09","0","60","0"
"Probability and Statistics","CDU Batch-1 - S-013","Practice Session - Measures of Central Tendency","2026-07-09","45","60","75"
"Probability and Statistics","CDU Batch-1 - S-013","Data Visualization Implementation","2026-07-08","48","60","80"
"Probability and Statistics","CDU Batch-1 - S-013","Practice Session - Measures of Central Tendency","2026-07-08","34","60","56.7"
"Probability and Statistics","CDU Batch-1 - S-013","Data Visualization Implementation","2026-07-07","47","60","78.3"
"Probability and Statistics","CDU Batch-1 - S-013","Practice Session - Basics of Probability","2026-07-07","47","60","78.3"
"Probability and Statistics","CDU Batch-1 - S-013","Basics of Probability","2026-07-06","51","60","85"
"Probability and Statistics","CDU Batch-1 - S-013","Practice Session - Basics of Probability","2026-07-06","43","60","71.7"
"Probability and Statistics","CDU Batch-1 - S-013","Measures of Variability Implementation Practice Session","2026-07-02","43","60","71.7"
"Probability and Statistics","CDU Batch-1 - S-013","Skewness and Outliers","2026-06-29","32","60","53.3"
"Probability and Statistics","CDU Batch-1 - S-013","Measures of Variability","2026-06-25","46","60","76.7"
"Probability and Statistics","CDU Batch-1 - S-013","Measures of Central Tendency Implementation","2026-06-22","4","60","6.7"
"Probability and Statistics","CDU Batch-1 - S-013","Measures of Central Tendency","2026-06-20","43","60","71.7"
"Probability and Statistics","CDU Batch-1 - S-013","Practice Session - Measures of Central Tendency","2026-06-20","42","60","70"
"Probability and Statistics","CDU Batch-1 - S-013","Data Visualization - II","2026-06-18","45","60","75"
"Probability and Statistics","CDU Batch-1 - S-013","Data Visualization - I","2026-06-16","37","60","61.7"
"Probability and Statistics","CDU Batch-1 - S-013","Practice session - Introduction to Statistics & Datasets","2026-06-16","37","60","61.7"
"Probability and Statistics","CDU Batch-1 - S-013","Introduction to Probability & Statistics in ML","2026-06-13","12","60","20"
"Probability and Statistics","CDU Batch-1 - S-013","Practice session - Introduction to Statistics & Datasets","2026-06-12","13","60","21.7"
"Probability and Statistics","CDU Batch-1 - S-013","Introduction to Probability & Statistics in ML","2026-06-11","0","60","0"
"Probability and Statistics","CDU Batch-1 - S-013","Practice session - Introduction to Statistics & Datasets","2026-06-11","0","60","0"
"Probability and Statistics","CDU Batch-1 - S-014","Normal Distribution - I","2026-08-20","42","60","70"
"Probability and Statistics","CDU Batch-1 - S-014","Measures of Variability Implementation Practice Session","2026-08-12","47","60","78.3"
"Probability and Statistics","CDU Batch-1 - S-014","Practice Session Baye's Theorem and counting principles","2026-08-08","31","60","51.7"
"Probability and Statistics","CDU Batch-1 - S-014","Fundamentals of Probability Implementation","2026-08-04","46","60","76.7"
"Probability and Statistics","CDU Batch-1 - S-014","Fundamentals of Probability Implementation","2026-08-03","40","60","66.7"
"Probability and Statistics","CDU Batch-1 - S-014","Poisson Distribution","2026-08-03","37","60","61.7"
"Probability and Statistics","CDU Batch-1 - S-014","Practice Session Baye's Theorem and counting principles","2026-08-03","41","60","68.3"
"Probability and Statistics","CDU Batch-1 - S-014","Binomial Distribution","2026-07-31","40","60","66.7"
"Probability and Statistics","CDU Batch-1 - S-014","Practice Session Baye's Theorem and counting principles","2026-07-30","49","60","81.7"
"Probability and Statistics","CDU Batch-1 - S-014","Continuous Random Variables","2026-07-29","33","60","55"
"Probability and Statistics","CDU Batch-1 - S-014","Module_Quiz_2","2026-07-29","38","60","63.3"
"Probability and Statistics","CDU Batch-1 - S-014","Practice Session Baye's Theorem and counting principles","2026-07-29","46","60","76.7"
"Probability and Statistics","CDU Batch-1 - S-014","Practice Session Baye's Theorem and counting principles","2026-07-27","36","60","60"
"Probability and Statistics","CDU Batch-1 - S-014","Discrete Random Variables","2026-07-23","46","60","76.7"
"Probability and Statistics","CDU Batch-1 - S-014","Baye's Theorem and counting principles","2026-07-21","35","60","58.3"
"Probability and Statistics","CDU Batch-1 - S-014","Skewness & Outliers Implementation","2026-07-20","47","60","78.3"
"Probability and Statistics","CDU Batch-1 - S-014","Baye's Theorem and counting principles","2026-07-18","33","60","55"
"Probability and Statistics","CDU Batch-1 - S-014","Skewness & Outliers Implementation","2026-07-18","51","60","85"
"Probability and Statistics","CDU Batch-1 - S-014","Law of Partition and Total Probability","2026-07-17","52","60","86.7"
"Probability and Statistics","CDU Batch-1 - S-014","Conditional Probability","2026-07-16","44","60","73.3"
"Probability and Statistics","CDU Batch-1 - S-014","Practice Session - Basics of Probability","2026-07-16","49","60","81.7"
"Probability and Statistics","CDU Batch-1 - S-014","Measures of Variability Implementation Practice Session","2026-07-14","45","60","75"
"Probability and Statistics","CDU Batch-1 - S-014","Measures of Variability Implementation","2026-07-13","47","60","78.3"
"Probability and Statistics","CDU Batch-1 - S-014","Practice Session - Basics of Probability","2026-07-13","42","60","70"
"Probability and Statistics","CDU Batch-1 - S-014","Module_Quiz_1","2026-07-09","0","60","0"
"Probability and Statistics","CDU Batch-1 - S-014","Probability Rules & Theorems","2026-07-09","52","60","86.7"
"Probability and Statistics","CDU Batch-1 - S-014","Basics of Probability","2026-07-08","48","60","80"
"Probability and Statistics","CDU Batch-1 - S-014","Practice Session - Basics of Probability","2026-07-08","42","60","70"
"Probability and Statistics","CDU Batch-1 - S-014","Measures of Central Tendency","2026-07-07","38","60","63.3"
"Probability and Statistics","CDU Batch-1 - S-014","Data Visualization Implementation","2026-07-06","45","60","75"
"Probability and Statistics","CDU Batch-1 - S-014","Data Visualization Implementation","2026-07-03","46","60","76.7"
"Probability and Statistics","CDU Batch-1 - S-014","Practice Session - Measures of Central Tendency","2026-06-29","42","60","70"
"Probability and Statistics","CDU Batch-1 - S-014","Skewness and Outliers","2026-06-29","36","60","60"
"Probability and Statistics","CDU Batch-1 - S-014","Measures of Variability","2026-06-27","27","60","45"
"Probability and Statistics","CDU Batch-1 - S-014","Measures of Variability","2026-06-25","44","60","73.3"
"Probability and Statistics","CDU Batch-1 - S-014","Practice Session - Measures of Central Tendency","2026-06-24","38","60","63.3"
"Probability and Statistics","CDU Batch-1 - S-014","Measures of Central Tendency Implementation","2026-06-22","44","60","73.3"
"Probability and Statistics","CDU Batch-1 - S-014","Data Visualization - II","2026-06-19","45","60","75"
"Probability and Statistics","CDU Batch-1 - S-014","Data Visualization - I","2026-06-17","35","60","58.3"
"Probability and Statistics","CDU Batch-1 - S-014","Introduction to Probability & Statistics in ML","2026-06-15","8","60","13.3"
"Probability and Statistics","CDU Batch-1 - S-014","Introduction to Probability & Statistics in ML","2026-06-12","0","60","0"
"Probability and Statistics","CDU Batch-1 - S-015","Normal Distribution - I","2026-08-20","42","60","70"
"Probability and Statistics","CDU Batch-1 - S-015","Practice Session Baye's Theorem and counting principles","2026-08-08","21","60","35"
"Probability and Statistics","CDU Batch-1 - S-015","Fundamentals of Probability Implementation","2026-08-04","49","60","81.7"
"Probability and Statistics","CDU Batch-1 - S-015","Poisson Distribution","2026-08-04","43","60","71.7"
"Probability and Statistics","CDU Batch-1 - S-015","Fundamentals of Probability Implementation","2026-08-03","37","60","61.7"
"Probability and Statistics","CDU Batch-1 - S-015","Practice Session Baye's Theorem and counting principles","2026-08-03","37","60","61.7"
"Probability and Statistics","CDU Batch-1 - S-015","Binomial Distribution","2026-07-31","46","60","76.7"
"Probability and Statistics","CDU Batch-1 - S-015","Practice Session Baye's Theorem and counting principles","2026-07-30","52","60","86.7"
"Probability and Statistics","CDU Batch-1 - S-015","Continuous Random Variables","2026-07-29","48","60","80"
"Probability and Statistics","CDU Batch-1 - S-015","Module_Quiz_2","2026-07-29","49","60","81.7"
"Probability and Statistics","CDU Batch-1 - S-015","Practice Session Baye's Theorem and counting principles","2026-07-29","41","60","68.3"
"Probability and Statistics","CDU Batch-1 - S-015","Discrete Random Variables","2026-07-27","54","60","90"
"Probability and Statistics","CDU Batch-1 - S-015","Practice Session Baye's Theorem and counting principles","2026-07-27","37","60","61.7"
"Probability and Statistics","CDU Batch-1 - S-015","Skewness & Outliers Implementation","2026-07-23","48","60","80"
"Probability and Statistics","CDU Batch-1 - S-015","Baye's Theorem and counting principles","2026-07-22","47","60","78.3"
"Probability and Statistics","CDU Batch-1 - S-015","Skewness & Outliers Implementation","2026-07-22","50","60","83.3"
"Probability and Statistics","CDU Batch-1 - S-015","Practice Session Baye's Theorem and counting principles","2026-07-21","54","60","90"
"Probability and Statistics","CDU Batch-1 - S-015","Baye's Theorem and counting principles","2026-07-20","50","60","83.3"
"Probability and Statistics","CDU Batch-1 - S-015","Practice Session - Basics of Probability","2026-07-18","34","60","56.7"
"Probability and Statistics","CDU Batch-1 - S-015","Law of Partition and Total Probability","2026-07-17","48","60","80"
"Probability and Statistics","CDU Batch-1 - S-015","Practice Session - Basics of Probability","2026-07-17","48","60","80"
"Probability and Statistics","CDU Batch-1 - S-015","Conditional Probability","2026-07-16","53","60","88.3"
"Probability and Statistics","CDU Batch-1 - S-015","Measures of Variability Implementation Practice Session","2026-07-15","50","60","83.3"
"Probability and Statistics","CDU Batch-1 - S-015","Measures of Variability Implementation","2026-07-14","51","60","85"
"Probability and Statistics","CDU Batch-1 - S-015","Measures of Central Tendency Implementation","2026-07-09","50","60","83.3"
"Probability and Statistics","CDU Batch-1 - S-015","Module_Quiz_1","2026-07-09","48","60","80"
"Probability and Statistics","CDU Batch-1 - S-015","Probability Rules & Theorems","2026-07-09","44","60","73.3"
"Probability and Statistics","CDU Batch-1 - S-015","Practice Session - Basics of Probability","2026-07-08","47","60","78.3"
"Probability and Statistics","CDU Batch-1 - S-015","Basics of Probability","2026-07-06","45","60","75"
"Probability and Statistics","CDU Batch-1 - S-015","Data Visualization Implementation","2026-07-06","48","60","80"
"Probability and Statistics","CDU Batch-1 - S-015","Data Visualization Implementation","2026-07-03","49","60","81.7"
"Probability and Statistics","CDU Batch-1 - S-015","Practice Session - Measures of Central Tendency","2026-07-02","48","60","80"
"Probability and Statistics","CDU Batch-1 - S-015","Skewness and Outliers","2026-06-29","52","60","86.7"
"Probability and Statistics","CDU Batch-1 - S-015","Skewness and Outliers","2026-06-27","20","60","33.3"
"Probability and Statistics","CDU Batch-1 - S-015","Measures of Variability","2026-06-24","48","60","80"
"Probability and Statistics","CDU Batch-1 - S-015","Practice Session - Measures of Central Tendency","2026-06-24","44","60","73.3"
"Probability and Statistics","CDU Batch-1 - S-015","Measures of Central Tendency","2026-06-22","51","60","85"
"Probability and Statistics","CDU Batch-1 - S-015","Data Visualization - II","2026-06-19","49","60","81.7"
"Probability and Statistics","CDU Batch-1 - S-015","Data Visualization - II","2026-06-17","17","60","28.3"
"Probability and Statistics","CDU Batch-1 - S-015","Data Visualization - I","2026-06-16","10","60","16.7"
"Probability and Statistics","CDU Batch-1 - S-015","Introduction to Probability & Statistics in ML","2026-06-13","7","60","11.7"
"Probability and Statistics","CDU Batch-1 - S-015","Introduction to Probability & Statistics in ML","2026-06-11","0","60","0"
"Probability and Statistics","CDU Batch-1 - S-016","Fundamentals of Probability Implementation","2026-08-20","43","76","56.6"
"Probability and Statistics","CDU Batch-1 - S-016","Fundamentals of Probability Implementation","2026-08-19","34","76","44.7"
"Probability and Statistics","CDU Batch-1 - S-016","Normal Distribution - I","2026-08-19","51","76","67.1"
"Probability and Statistics","CDU Batch-1 - S-016","Practice Session Poisson Distribution","2026-08-19","29","76","38.2"
"Probability and Statistics","CDU Batch-1 - S-016","Practice Session Baye's Theorem and counting principles","2026-08-08","38","76","50"
"Probability and Statistics","CDU Batch-1 - S-016","Poisson Distribution","2026-08-03","59","76","77.6"
"Probability and Statistics","CDU Batch-1 - S-016","Practice Session Baye's Theorem and counting principles","2026-08-03","59","76","77.6"
"Probability and Statistics","CDU Batch-1 - S-016","Binomial Distribution","2026-07-31","55","76","72.4"
"Probability and Statistics","CDU Batch-1 - S-016","Continuous Random Variables","2026-07-29","53","76","69.7"
"Probability and Statistics","CDU Batch-1 - S-016","Module_Quiz_2","2026-07-29","46","76","60.5"
"Probability and Statistics","CDU Batch-1 - S-016","Continuous Random Variables","2026-07-28","57","76","75"
"Probability and Statistics","CDU Batch-1 - S-016","Discrete Random Variables","2026-07-27","61","76","80.3"
"Probability and Statistics","CDU Batch-1 - S-016","Practice Session Baye's Theorem and counting principles","2026-07-27","36","76","47.4"
"Probability and Statistics","CDU Batch-1 - S-016","Skewness & Outliers Implementation","2026-07-23","63","76","82.9"
"Probability and Statistics","CDU Batch-1 - S-016","Baye's Theorem and counting principles","2026-07-22","66","76","86.8"
"Probability and Statistics","CDU Batch-1 - S-016","Skewness & Outliers Implementation","2026-07-22","68","76","89.5"
"Probability and Statistics","CDU Batch-1 - S-016","Baye's Theorem and counting principles","2026-07-20","37","76","48.7"
"Probability and Statistics","CDU Batch-1 - S-016","Measures of Variability Implementation Practice Session","2026-07-18","41","76","53.9"
"Probability and Statistics","CDU Batch-1 - S-016","Law of Partition and Total Probability","2026-07-16","61","76","80.3"
"Probability and Statistics","CDU Batch-1 - S-016","Measures of Variability Implementation","2026-07-15","59","76","77.6"
"Probability and Statistics","CDU Batch-1 - S-016","Practice Session - Basics of Probability","2026-07-15","56","76","73.7"
"Probability and Statistics","CDU Batch-1 - S-016","Conditional Probability","2026-07-14","50","76","65.8"
"Probability and Statistics","CDU Batch-1 - S-016","Measures of Central Tendency Implementation","2026-07-11","39","76","51.3"
"Probability and Statistics","CDU Batch-1 - S-016","Practice Session - Measures of Central Tendency","2026-07-11","38","76","50"
"Probability and Statistics","CDU Batch-1 - S-016","Module_Quiz_1","2026-07-09","1","76","1.3"
"Probability and Statistics","CDU Batch-1 - S-016","Probability Rules & Theorems","2026-07-08","68","76","89.5"
"Probability and Statistics","CDU Batch-1 - S-016","Basics of Probability","2026-07-07","57","76","75"
"Probability and Statistics","CDU Batch-1 - S-016","Practice Session - Basics of Probability","2026-07-07","58","76","76.3"
"Probability and Statistics","CDU Batch-1 - S-016","Data Visualization Implementation","2026-07-06","40","76","52.6"
"Probability and Statistics","CDU Batch-1 - S-016","Practice Session - Measures of Central Tendency","2026-07-06","32","76","42.1"
"Probability and Statistics","CDU Batch-1 - S-016","Data Visualization Implementation","2026-07-03","45","76","59.2"
"Probability and Statistics","CDU Batch-1 - S-016","Practice Session - Measures of Central Tendency","2026-07-03","55","76","72.4"
"Probability and Statistics","CDU Batch-1 - S-016","Skewness and Outliers","2026-06-27","44","76","57.9"
"Probability and Statistics","CDU Batch-1 - S-016","Measures of Variability","2026-06-25","63","76","82.9"
"Probability and Statistics","CDU Batch-1 - S-016","Measures of Variability","2026-06-23","34","76","44.7"
"Probability and Statistics","CDU Batch-1 - S-016","Measures of Central Tendency","2026-06-20","37","76","48.7"
"Probability and Statistics","CDU Batch-1 - S-016","Data Visualization - II","2026-06-17","6","76","7.9"
"Probability and Statistics","CDU Batch-1 - S-016","Practice session - Introduction to Statistics & Datasets","2026-06-16","4","76","5.3"
"Probability and Statistics","CDU Batch-1 - S-016","Data Visualization - I","2026-06-15","8","76","10.5"
"Probability and Statistics","CDU Batch-1 - S-016","Introduction to Probability & Statistics in ML","2026-06-13","8","76","10.5"
"Probability and Statistics","CDU Batch-1 - S-016","Practice session - Introduction to Statistics & Datasets","2026-06-13","8","76","10.5"
"Probability and Statistics","CDU Batch-1 - S-016","Introduction to Probability & Statistics in ML","2026-06-12","8","76","10.5"
"Probability and Statistics","CDU Batch-1 - S-017","Normal Distribution - I","2026-08-19","24","60","40"
"Probability and Statistics","CDU Batch-1 - S-017","Practice Session Baye's Theorem and counting principles","2026-08-08","27","60","45"
"Probability and Statistics","CDU Batch-1 - S-017","Poisson Distribution","2026-08-04","40","60","66.7"
"Probability and Statistics","CDU Batch-1 - S-017","Practice Session Poisson Distribution","2026-08-04","39","60","65"
"Probability and Statistics","CDU Batch-1 - S-017","Binomial Distribution","2026-08-01","38","60","63.3"
"Probability and Statistics","CDU Batch-1 - S-017","Fundamentals of Probability Implementation","2026-08-01","29","60","48.3"
"Probability and Statistics","CDU Batch-1 - S-017","Fundamentals of Probability Implementation","2026-07-31","38","60","63.3"
"Probability and Statistics","CDU Batch-1 - S-017","Practice Session Baye's Theorem and counting principles","2026-07-31","31","60","51.7"
"Probability and Statistics","CDU Batch-1 - S-017","Continuous Random Variables","2026-07-30","43","60","71.7"
"Probability and Statistics","CDU Batch-1 - S-017","Practice Session Baye's Theorem and counting principles","2026-07-30","41","60","68.3"
"Probability and Statistics","CDU Batch-1 - S-017","Module_Quiz_2","2026-07-29","35","60","58.3"
"Probability and Statistics","CDU Batch-1 - S-017","Continuous Random Variables","2026-07-28","30","60","50"
"Probability and Statistics","CDU Batch-1 - S-017","Discrete Random Variables","2026-07-23","39","60","65"
"Probability and Statistics","CDU Batch-1 - S-017","Practice Session Baye's Theorem and counting principles","2026-07-22","49","60","81.7"
"Probability and Statistics","CDU Batch-1 - S-017","Baye's Theorem and counting principles","2026-07-21","41","60","68.3"
"Probability and Statistics","CDU Batch-1 - S-017","Law of Partition and Total Probability","2026-07-18","41","60","68.3"
"Probability and Statistics","CDU Batch-1 - S-017","Conditional Probability","2026-07-17","41","60","68.3"
"Probability and Statistics","CDU Batch-1 - S-017","Practice Session - Basics of Probability","2026-07-17","49","60","81.7"
"Probability and Statistics","CDU Batch-1 - S-017","Skewness & Outliers Implementation","2026-07-17","49","60","81.7"
"Probability and Statistics","CDU Batch-1 - S-017","Practice Session - Basics of Probability","2026-07-16","46","60","76.7"
"Probability and Statistics","CDU Batch-1 - S-017","Skewness & Outliers Implementation","2026-07-16","50","60","83.3"
"Probability and Statistics","CDU Batch-1 - S-017","Measures of Variability Implementation Practice Session","2026-07-15","39","60","65"
"Probability and Statistics","CDU Batch-1 - S-017","Measures of Variability Implementation","2026-07-11","35","60","58.3"
"Probability and Statistics","CDU Batch-1 - S-017","Practice Session - Basics of Probability","2026-07-11","34","60","56.7"
"Probability and Statistics","CDU Batch-1 - S-017","Probability Rules & Theorems","2026-07-11","37","60","61.7"
"Probability and Statistics","CDU Batch-1 - S-017","Module_Quiz_1","2026-07-09","33","60","55"
"Probability and Statistics","CDU Batch-1 - S-017","Practice Session - Measures of Central Tendency","2026-07-09","54","60","90"
"Probability and Statistics","CDU Batch-1 - S-017","Probability Rules & Theorems","2026-07-09","1","60","1.7"
"Probability and Statistics","CDU Batch-1 - S-017","Measures of Central Tendency Implementation","2026-07-08","42","60","70"
"Probability and Statistics","CDU Batch-1 - S-017","Practice Session - Measures of Central Tendency","2026-07-08","41","60","68.3"
"Probability and Statistics","CDU Batch-1 - S-017","Data Visualization Implementation","2026-07-07","42","60","70"
"Probability and Statistics","CDU Batch-1 - S-017","Practice Session - Basics of Probability","2026-07-06","43","60","71.7"
"Probability and Statistics","CDU Batch-1 - S-017","Basics of Probability","2026-07-03","35","60","58.3"
"Probability and Statistics","CDU Batch-1 - S-017","Practice Session - Measures of Central Tendency","2026-07-02","40","60","66.7"
"Probability and Statistics","CDU Batch-1 - S-017","Practice Session - Measures of Central Tendency","2026-07-01","30","60","50"
"Probability and Statistics","CDU Batch-1 - S-017","Skewness and Outliers","2026-07-01","41","60","68.3"
"Probability and Statistics","CDU Batch-1 - S-017","Skewness and Outliers","2026-06-29","40","60","66.7"
"Probability and Statistics","CDU Batch-1 - S-017","Measures of Variability Implementation Practice Session","2026-06-25","39","60","65"
"Probability and Statistics","CDU Batch-1 - S-017","Measures of Variability","2026-06-24","32","60","53.3"
"Probability and Statistics","CDU Batch-1 - S-017","Measures of Central Tendency","2026-06-19","10","60","16.7"
"Probability and Statistics","CDU Batch-1 - S-017","Practice Session - Measures of Central Tendency","2026-06-19","10","60","16.7"
"Probability and Statistics","CDU Batch-1 - S-017","Data Visualization - II","2026-06-18","11","60","18.3"
"Probability and Statistics","CDU Batch-1 - S-017","Data Visualization - I","2026-06-16","2","60","3.3"
"Probability and Statistics","CDU Batch-1 - S-017","Practice session - Introduction to Statistics & Datasets","2026-06-15","0","60","0"
"Probability and Statistics","CDU Batch-1 - S-017","Introduction to Probability & Statistics in ML","2026-06-13","0","60","0"
"Probability and Statistics","CDU Batch-1 - S-017","Introduction to Probability & Statistics in ML","2026-06-12","0","60","0"
"Probability and Statistics","CDU Batch-1 - S-018","Practice Session Poisson Distribution","2026-08-20","35","60","58.3"
"Probability and Statistics","CDU Batch-1 - S-018","Normal Distribution - I","2026-08-19","33","60","55"
"Probability and Statistics","CDU Batch-1 - S-018","Poisson Distribution","2026-08-03","34","60","56.7"
"Probability and Statistics","CDU Batch-1 - S-018","Binomial Distribution","2026-08-01","21","60","35"
"Probability and Statistics","CDU Batch-1 - S-018","Fundamentals of Probability Implementation","2026-08-01","36","60","60"
"Probability and Statistics","CDU Batch-1 - S-018","Fundamentals of Probability Implementation","2026-07-31","37","60","61.7"
"Probability and Statistics","CDU Batch-1 - S-018","Fundamentals of Probability Implementation","2026-07-30","40","60","66.7"
"Probability and Statistics","CDU Batch-1 - S-018","Practice Session Baye's Theorem and counting principles","2026-07-30","28","60","46.7"
"Probability and Statistics","CDU Batch-1 - S-018","Module_Quiz_2","2026-07-29","34","60","56.7"
"Probability and Statistics","CDU Batch-1 - S-018","Continuous Random Variables","2026-07-28","48","60","80"
"Probability and Statistics","CDU Batch-1 - S-018","Practice Session Baye's Theorem and counting principles","2026-07-28","43","60","71.7"
"Probability and Statistics","CDU Batch-1 - S-018","Discrete Random Variables","2026-07-27","34","60","56.7"
"Probability and Statistics","CDU Batch-1 - S-018","Practice Session Baye's Theorem and counting principles","2026-07-23","47","60","78.3"
"Probability and Statistics","CDU Batch-1 - S-018","Skewness & Outliers Implementation","2026-07-23","35","60","58.3"
"Probability and Statistics","CDU Batch-1 - S-018","Practice Session Baye's Theorem and counting principles","2026-07-22","45","60","75"
"Probability and Statistics","CDU Batch-1 - S-018","Skewness & Outliers Implementation","2026-07-22","30","60","50"
"Probability and Statistics","CDU Batch-1 - S-018","Baye's Theorem and counting principles","2026-07-21","45","60","75"
"Probability and Statistics","CDU Batch-1 - S-018","Baye's Theorem and counting principles","2026-07-20","39","60","65"
"Probability and Statistics","CDU Batch-1 - S-018","Practice Session - Basics of Probability","2026-07-16","46","60","76.7"
"Probability and Statistics","CDU Batch-1 - S-018","Law of Partition and Total Probability","2026-07-15","47","60","78.3"
"Probability and Statistics","CDU Batch-1 - S-018","Conditional Probability","2026-07-14","42","60","70"
"Probability and Statistics","CDU Batch-1 - S-018","Practice Session - Basics of Probability","2026-07-14","47","60","78.3"
"Probability and Statistics","CDU Batch-1 - S-018","Measures of Variability Implementation","2026-07-13","37","60","61.7"
"Probability and Statistics","CDU Batch-1 - S-018","Measures of Variability Implementation Practice Session","2026-07-13","78","120","65"
"Probability and Statistics","CDU Batch-1 - S-018","Measures of Central Tendency Implementation","2026-07-11","30","60","50"
"Probability and Statistics","CDU Batch-1 - S-018","Practice Session - Measures of Central Tendency","2026-07-11","28","60","46.7"
"Probability and Statistics","CDU Batch-1 - S-018","Module_Quiz_1","2026-07-09","0","60","0"
"Probability and Statistics","CDU Batch-1 - S-018","Probability Rules & Theorems","2026-07-09","47","60","78.3"
"Probability and Statistics","CDU Batch-1 - S-018","Practice Session - Basics of Probability","2026-07-07","37","60","61.7"
"Probability and Statistics","CDU Batch-1 - S-018","Data Visualization Implementation","2026-07-06","41","60","68.3"
"Probability and Statistics","CDU Batch-1 - S-018","Basics of Probability","2026-07-03","44","60","73.3"
"Probability and Statistics","CDU Batch-1 - S-018","Data Visualization Implementation","2026-07-03","42","60","70"
"Probability and Statistics","CDU Batch-1 - S-018","Practice Session - Measures of Central Tendency","2026-06-29","26","60","43.3"
"Probability and Statistics","CDU Batch-1 - S-018","Skewness and Outliers","2026-06-29","26","60","43.3"
"Probability and Statistics","CDU Batch-1 - S-018","Skewness and Outliers","2026-06-27","15","60","25"
"Probability and Statistics","CDU Batch-1 - S-018","Measures of Variability Implementation Practice Session","2026-06-25","19","60","31.7"
"Probability and Statistics","CDU Batch-1 - S-018","Measures of Variability","2026-06-24","13","60","21.7"
"Probability and Statistics","CDU Batch-1 - S-018","Measures of Variability","2026-06-20","5","60","8.3"
"Probability and Statistics","CDU Batch-1 - S-018","Practice Session - Measures of Central Tendency","2026-06-20","5","60","8.3"
"Probability and Statistics","CDU Batch-1 - S-018","Measures of Central Tendency","2026-06-19","3","60","5"
"Probability and Statistics","CDU Batch-1 - S-018","Practice Session - Measures of Central Tendency","2026-06-19","3","60","5"
"Probability and Statistics","CDU Batch-1 - S-018","Data Visualization - II","2026-06-18","4","60","6.7"
"Probability and Statistics","CDU Batch-1 - S-018","Data Visualization - I","2026-06-16","3","60","5"
"Probability and Statistics","CDU Batch-1 - S-018","Practice session - Introduction to Statistics & Datasets","2026-06-16","3","60","5"
"Probability and Statistics","CDU Batch-1 - S-018","Introduction to Probability & Statistics in ML","2026-06-15","3","60","5"
"Probability and Statistics","CDU Batch-1 - S-018","Practice session - Introduction to Statistics & Datasets","2026-06-13","1","60","1.7"
"Probability and Statistics","CDU Batch-1 - S-018","Introduction to Probability & Statistics in ML","2026-06-12","0","60","0"
"Probability and Statistics","CDU Batch-1 - S-018","Introduction to Probability & Statistics in ML","2026-06-11","0","60","0"
"Probability and Statistics","CDU Batch-1 - S-019","Poisson Distribution","2026-08-20","18","39","46.2"
"Probability and Statistics","CDU Batch-1 - S-019","Poisson Distribution","2026-08-19","18","39","46.2"
"Probability and Statistics","CDU Batch-1 - S-019","Practice Session Baye's Theorem and counting principles","2026-08-04","20","39","51.3"
"Probability and Statistics","CDU Batch-1 - S-019","Binomial Distribution","2026-08-03","19","39","48.7"
"Probability and Statistics","CDU Batch-1 - S-019","Fundamentals of Probability Implementation","2026-08-01","11","39","28.2"
"Probability and Statistics","CDU Batch-1 - S-019","Fundamentals of Probability Implementation","2026-07-31","15","39","38.5"
"Probability and Statistics","CDU Batch-1 - S-019","Fundamentals of Probability Implementation","2026-07-30","16","39","41"
"Probability and Statistics","CDU Batch-1 - S-019","Practice Session Baye's Theorem and counting principles","2026-07-30","21","39","53.8"
"Probability and Statistics","CDU Batch-1 - S-019","Module_Quiz_2","2026-07-29","20","39","51.3"
"Probability and Statistics","CDU Batch-1 - S-019","Skewness & Outliers Implementation","2026-07-29","21","39","53.8"
"Probability and Statistics","CDU Batch-1 - S-019","Continuous Random Variables","2026-07-28","23","39","59"
"Probability and Statistics","CDU Batch-1 - S-019","Discrete Random Variables","2026-07-27","21","39","53.8"
"Probability and Statistics","CDU Batch-1 - S-019","Skewness & Outliers Implementation","2026-07-23","22","39","56.4"
"Probability and Statistics","CDU Batch-1 - S-019","Skewness & Outliers Implementation","2026-07-22","19","39","48.7"
"Probability and Statistics","CDU Batch-1 - S-019","Baye's Theorem and counting principles","2026-07-21","20","39","51.3"
"Probability and Statistics","CDU Batch-1 - S-019","Baye's Theorem and counting principles","2026-07-20","19","39","48.7"
"Probability and Statistics","CDU Batch-1 - S-019","Practice Session - Basics of Probability","2026-07-18","13","39","33.3"
"Probability and Statistics","CDU Batch-1 - S-019","Law of Partition and Total Probability","2026-07-17","19","39","48.7"
"Probability and Statistics","CDU Batch-1 - S-019","Conditional Probability","2026-07-16","19","39","48.7"
"Probability and Statistics","CDU Batch-1 - S-019","Practice Session - Basics of Probability","2026-07-16","15","39","38.5"
"Probability and Statistics","CDU Batch-1 - S-019","Probability Rules & Theorems","2026-07-15","19","39","48.7"
"Probability and Statistics","CDU Batch-1 - S-019","Basics of Probability","2026-07-14","11","39","28.2"
"Probability and Statistics","CDU Batch-1 - S-019","Measures of Variability Implementation","2026-07-13","13","39","33.3"
"Probability and Statistics","CDU Batch-1 - S-019","Measures of Variability Implementation Practice Session","2026-07-13","18","39","46.2"
"Probability and Statistics","CDU Batch-1 - S-019","Measures of Central Tendency Implementation","2026-07-11","10","39","25.6"
"Probability and Statistics","CDU Batch-1 - S-019","Module_Quiz_1","2026-07-09","6","39","15.4"
"Probability and Statistics","CDU Batch-1 - S-019","Practice Session - Measures of Central Tendency","2026-07-09","10","39","25.6"
"Probability and Statistics","CDU Batch-1 - S-019","Practice Session - Basics of Probability","2026-07-08","4","39","10.3"
"Probability and Statistics","CDU Batch-1 - S-019","Basics of Probability","2026-07-06","2","39","5.1"
"Probability and Statistics","CDU Batch-1 - S-019","Practice Session - Measures of Central Tendency","2026-07-06","2","39","5.1"
"Probability and Statistics","CDU Batch-1 - S-019","Data Visualization Implementation","2026-07-03","0","39","0"
"Probability and Statistics","CDU Batch-1 - S-019","Practice Session - Measures of Central Tendency","2026-07-03","0","39","0"
"Probability and Statistics","CDU Batch-1 - S-019","Skewness and Outliers","2026-07-03","0","39","0"
"Probability and Statistics","CDU Batch-1 - S-019","Practice Session - Measures of Central Tendency","2026-06-27","0","39","0"
"Probability and Statistics","CDU Batch-1 - S-019","Skewness and Outliers","2026-06-25","0","39","0"
"Probability and Statistics","CDU Batch-1 - S-019","Measures of Variability","2026-06-24","0","39","0"
"Probability and Statistics","CDU Batch-1 - S-019","Measures of Variability","2026-06-22","2","39","5.1"
"Probability and Statistics","CDU Batch-1 - S-019","Measures of Variability Implementation Practice Session","2026-06-22","2","39","5.1"
"Probability and Statistics","CDU Batch-1 - S-019","Measures of Central Tendency","2026-06-20","1","39","2.6"
"Probability and Statistics","CDU Batch-1 - S-019","Data Visualization - II","2026-06-19","0","39","0"
"Probability and Statistics","CDU Batch-1 - S-019","Data Visualization - I","2026-06-17","1","39","2.6"
"Probability and Statistics","CDU Batch-1 - S-019","Introduction to Probability & Statistics in ML","2026-06-15","0","39","0"
"Probability and Statistics","CDU Batch-1 - S-019","Practice session - Introduction to Statistics & Datasets","2026-06-15","0","39","0"
"Probability and Statistics","CDU Batch-1 - S-019","Practice session - Introduction to Statistics & Datasets","2026-06-13","0","39","0"
"Probability and Statistics","CDU Batch-1 - S-019","Introduction to Probability & Statistics in ML","2026-06-11","1","39","2.6"
"Probability and Statistics","CDU Batch-1 - S-020","Normal Distribution - I","2026-08-20","21","47","44.7"
"Probability and Statistics","CDU Batch-1 - S-020","Practice Session Baye's Theorem and counting principles","2026-08-04","32","47","68.1"
"Probability and Statistics","CDU Batch-1 - S-020","Poisson Distribution","2026-08-03","37","47","78.7"
"Probability and Statistics","CDU Batch-1 - S-020","Practice Session Baye's Theorem and counting principles","2026-08-03","28","47","59.6"
"Probability and Statistics","CDU Batch-1 - S-020","Binomial Distribution","2026-08-01","27","47","57.4"
"Probability and Statistics","CDU Batch-1 - S-020","Fundamentals of Probability Implementation","2026-08-01","30","47","63.8"
"Probability and Statistics","CDU Batch-1 - S-020","Fundamentals of Probability Implementation","2026-07-31","33","47","70.2"
"Probability and Statistics","CDU Batch-1 - S-020","Fundamentals of Probability Implementation","2026-07-30","32","47","68.1"
"Probability and Statistics","CDU Batch-1 - S-020","Practice Session Baye's Theorem and counting principles","2026-07-30","36","47","76.6"
"Probability and Statistics","CDU Batch-1 - S-020","Module_Quiz_2","2026-07-29","29","47","61.7"
"Probability and Statistics","CDU Batch-1 - S-020","Skewness & Outliers Implementation","2026-07-29","29","47","61.7"
"Probability and Statistics","CDU Batch-1 - S-020","Continuous Random Variables","2026-07-28","36","47","76.6"
"Probability and Statistics","CDU Batch-1 - S-020","Practice Session Baye's Theorem and counting principles","2026-07-28","35","47","74.5"
"Probability and Statistics","CDU Batch-1 - S-020","Practice Session Baye's Theorem and counting principles","2026-07-27","33","47","70.2"
"Probability and Statistics","CDU Batch-1 - S-020","Discrete Random Variables","2026-07-23","38","47","80.9"
"Probability and Statistics","CDU Batch-1 - S-020","Skewness & Outliers Implementation","2026-07-22","36","47","76.6"
"Probability and Statistics","CDU Batch-1 - S-020","Baye's Theorem and counting principles","2026-07-20","35","47","74.5"
"Probability and Statistics","CDU Batch-1 - S-020","Baye's Theorem and counting principles","2026-07-18","25","47","53.2"
"Probability and Statistics","CDU Batch-1 - S-020","Practice Session - Basics of Probability","2026-07-16","21","47","44.7"
"Probability and Statistics","CDU Batch-1 - S-020","Practice Session - Measures of Central Tendency","2026-07-16","21","47","44.7"
"Probability and Statistics","CDU Batch-1 - S-020","Law of Partition and Total Probability","2026-07-15","35","47","74.5"
"Probability and Statistics","CDU Batch-1 - S-020","Conditional Probability","2026-07-14","33","47","70.2"
"Probability and Statistics","CDU Batch-1 - S-020","Measures of Variability Implementation","2026-07-14","24","47","51.1"
"Probability and Statistics","CDU Batch-1 - S-020","Measures of Variability Implementation Practice Session","2026-07-14","31","47","66"
"Probability and Statistics","CDU Batch-1 - S-020","Practice Session - Basics of Probability","2026-07-14","25","47","53.2"
"Probability and Statistics","CDU Batch-1 - S-020","Practice Session - Basics of Probability","2026-07-13","34","47","72.3"
"Probability and Statistics","CDU Batch-1 - S-020","Probability Rules & Theorems","2026-07-11","22","47","46.8"
"Probability and Statistics","CDU Batch-1 - S-020","Module_Quiz_1","2026-07-09","4","47","8.5"
"Probability and Statistics","CDU Batch-1 - S-020","Practice Session - Measures of Central Tendency","2026-07-09","36","47","76.6"
"Probability and Statistics","CDU Batch-1 - S-020","Practice Session - Basics of Probability","2026-07-08","37","47","78.7"
"Probability and Statistics","CDU Batch-1 - S-020","Basics of Probability","2026-07-07","31","47","66"
"Probability and Statistics","CDU Batch-1 - S-020","Measures of Central Tendency","2026-07-07","25","47","53.2"
"Probability and Statistics","CDU Batch-1 - S-020","Data Visualization Implementation","2026-07-06","27","47","57.4"
"Probability and Statistics","CDU Batch-1 - S-020","Practice Session - Measures of Central Tendency","2026-07-06","22","47","46.8"
"Probability and Statistics","CDU Batch-1 - S-020","Data Visualization Implementation","2026-07-03","22","47","46.8"
"Probability and Statistics","CDU Batch-1 - S-020","Skewness and Outliers","2026-07-02","31","47","66"
"Probability and Statistics","CDU Batch-1 - S-020","Practice Session - Measures of Central Tendency","2026-07-01","25","47","53.2"
"Probability and Statistics","CDU Batch-1 - S-020","Skewness and Outliers","2026-06-29","29","47","61.7"
"Probability and Statistics","CDU Batch-1 - S-020","Measures of Variability","2026-06-25","21","47","44.7"
"Probability and Statistics","CDU Batch-1 - S-020","Measures of Variability Implementation Practice Session","2026-06-25","22","47","46.8"
"Probability and Statistics","CDU Batch-1 - S-020","Measures of Variability","2026-06-23","2","47","4.3"
"Probability and Statistics","CDU Batch-1 - S-020","Measures of Variability","2026-06-22","5","47","10.6"
"Probability and Statistics","CDU Batch-1 - S-020","Practice Session - Measures of Central Tendency","2026-06-22","5","47","10.6"
"Probability and Statistics","CDU Batch-1 - S-020","Measures of Central Tendency","2026-06-18","5","47","10.6"
"Probability and Statistics","CDU Batch-1 - S-020","Practice Session - Measures of Central Tendency","2026-06-18","5","47","10.6"
"Probability and Statistics","CDU Batch-1 - S-020","Data Visualization - II","2026-06-17","2","47","4.3"
"Probability and Statistics","CDU Batch-1 - S-020","Data Visualization - I","2026-06-15","2","47","4.3"
"Probability and Statistics","CDU Batch-1 - S-020","Practice session - Introduction to Statistics & Datasets","2026-06-15","2","47","4.3"
"Probability and Statistics","CDU Batch-1 - S-020","Introduction to Probability & Statistics in ML","2026-06-12","2","47","4.3"
"Probability and Statistics","CDU Batch-1 - S-020","Introduction to Probability & Statistics in ML","2026-06-11","2","47","4.3"
"AI For Finance","CDU Batch-1 - S-001","Building a Financial Fraud Detection Agent","2026-08-22","22","64","34.4"
"AI For Finance","CDU Batch-1 - S-001","Coding Practice","2026-08-20","48","64","75"
"AI For Finance","CDU Batch-1 - S-001","Coding Practice","2026-08-19","59","128","46.1"
"AI For Finance","CDU Batch-1 - S-001","Evaluating the Financial Fraud Detection Model","2026-08-08","23","64","35.9"
"AI For Finance","CDU Batch-1 - S-001","Coding Practice","2026-08-04","35","64","54.7"
"AI For Finance","CDU Batch-1 - S-001","Building a Financial Fraud Detection Model | Part 2","2026-08-03","45","64","70.3"
"AI For Finance","CDU Batch-1 - S-001","MCQ Practice","2026-08-03","49","64","76.6"
"AI For Finance","CDU Batch-1 - S-001","Module Quiz--2","2026-08-01","30","64","46.9"
"AI For Finance","CDU Batch-1 - S-001","Coding Practice","2026-07-31","51","64","79.7"
"AI For Finance","CDU Batch-1 - S-001","MCQ Practice","2026-07-30","45","64","70.3"
"AI For Finance","CDU Batch-1 - S-001","Building a Financial Fraud Detection Model | Part 1","2026-07-29","45","64","70.3"
"AI For Finance","CDU Batch-1 - S-001","Coding Practice","2026-07-23","51","64","79.7"
"AI For Finance","CDU Batch-1 - S-001","Integrating Langsmith with the trading Agent","2026-07-23","56","64","87.5"
"AI For Finance","CDU Batch-1 - S-001","MCQ Practice","2026-07-21","53","64","82.8"
"AI For Finance","CDU Batch-1 - S-001","Introduction to LLM Observability","2026-07-20","60","64","93.8"
"AI For Finance","CDU Batch-1 - S-001","Coding Practice","2026-07-18","37","64","57.8"
"AI For Finance","CDU Batch-1 - S-001","Coding Practice","2026-07-17","49","64","76.6"
"AI For Finance","CDU Batch-1 - S-001","MCQ Practice","2026-07-16","52","64","81.3"
"AI For Finance","CDU Batch-1 - S-001","Building a Trading Agent | Part 2","2026-07-15","51","64","79.7"
"AI For Finance","CDU Batch-1 - S-001","Module Quiz--1","2026-07-14","55","64","85.9"
"AI For Finance","CDU Batch-1 - S-001","Building a Trading Agent | Part 2","2026-07-09","52","64","81.3"
"AI For Finance","CDU Batch-1 - S-001","MCQ Practice","2026-07-07","46","64","71.9"
"AI For Finance","CDU Batch-1 - S-001","Coding Practice","2026-07-06","39","64","60.9"
"AI For Finance","CDU Batch-1 - S-001","MCQ Practice","2026-07-06","30","64","46.9"
"AI For Finance","CDU Batch-1 - S-001","Building a Trading Agent | Part 1","2026-07-03","46","64","71.9"
"AI For Finance","CDU Batch-1 - S-001","Building a Trading Agent | Part 1","2026-07-02","52","64","81.3"
"AI For Finance","CDU Batch-1 - S-001","MCQ Practice","2026-07-01","46","64","71.9"
"AI For Finance","CDU Batch-1 - S-001","Enhancing Productivity with AI","2026-06-24","53","64","82.8"
"AI For Finance","CDU Batch-1 - S-001","MCQ Practice","2026-06-23","52","64","81.3"
"AI For Finance","CDU Batch-1 - S-001","Introduction to RAG Evaluation","2026-06-22","54","64","84.4"
"AI For Finance","CDU Batch-1 - S-001","Building Personal Finance Advisor","2026-06-18","51","64","79.7"
"AI For Finance","CDU Batch-1 - S-001","Coding Practice","2026-06-17","43","64","67.2"
"AI For Finance","CDU Batch-1 - S-001","Building Personal Finance Advisor","2026-06-16","37","64","57.8"
"AI For Finance","CDU Batch-1 - S-001","MCQ Practice","2026-06-15","37","64","57.8"
"AI For Finance","CDU Batch-1 - S-001","Introduction to AI For Finance","2026-06-13","30","64","46.9"
"AI For Finance","CDU Batch-1 - S-001","Your Learning Journey","2026-06-11","18","64","28.1"
"AI For Finance","CDU Batch-1 - S-002","Building a Financial Fraud Detection Model | Part 1","2026-08-20","34","64","53.1"
"AI For Finance","CDU Batch-1 - S-002","Coding Practice","2026-08-20","0","64","0"
"AI For Finance","CDU Batch-1 - S-002","Coding Practice","2026-08-19","43","64","67.2"
"AI For Finance","CDU Batch-1 - S-002","MCQ Practice","2026-08-08","24","64","37.5"
"AI For Finance","CDU Batch-1 - S-002","Coding Practice","2026-08-04","48","64","75"
"AI For Finance","CDU Batch-1 - S-002","Coding Practice","2026-08-03","46","64","71.9"
"AI For Finance","CDU Batch-1 - S-002","Module Quiz--2","2026-08-01","37","64","57.8"
"AI For Finance","CDU Batch-1 - S-002","Coding Practice","2026-07-31","47","64","73.4"
"AI For Finance","CDU Batch-1 - S-002","MCQ Practice","2026-07-30","54","64","84.4"
"AI For Finance","CDU Batch-1 - S-002","Building a Financial Fraud Detection Model | Part 1","2026-07-29","48","64","75"
"AI For Finance","CDU Batch-1 - S-002","Coding Practice","2026-07-27","46","64","71.9"
"AI For Finance","CDU Batch-1 - S-002","Integrating Langsmith with the trading Agent","2026-07-23","35","64","54.7"
"AI For Finance","CDU Batch-1 - S-002","MCQ Practice","2026-07-21","52","64","81.3"
"AI For Finance","CDU Batch-1 - S-002","Introduction to LLM Observability","2026-07-20","52","64","81.3"
"AI For Finance","CDU Batch-1 - S-002","Coding Practice","2026-07-18","50","128","39.1"
"AI For Finance","CDU Batch-1 - S-002","Coding Practice","2026-07-17","34","64","53.1"
"AI For Finance","CDU Batch-1 - S-002","Coding Practice","2026-07-16","57","64","89.1"
"AI For Finance","CDU Batch-1 - S-002","Building a Trading Agent | Part 2","2026-07-15","49","64","76.6"
"AI For Finance","CDU Batch-1 - S-002","MCQ Practice","2026-07-15","52","64","81.3"
"AI For Finance","CDU Batch-1 - S-002","Building a Trading Agent | Part 2","2026-07-14","32","64","50"
"AI For Finance","CDU Batch-1 - S-002","Module Quiz--1","2026-07-14","46","64","71.9"
"AI For Finance","CDU Batch-1 - S-002","Building a Trading Agent | Part 2","2026-07-11","34","64","53.1"
"AI For Finance","CDU Batch-1 - S-002","Coding Practice","2026-07-11","33","64","51.6"
"AI For Finance","CDU Batch-1 - S-002","MCQ Practice","2026-07-11","31","64","48.4"
"AI For Finance","CDU Batch-1 - S-002","Coding Practice","2026-07-08","53","64","82.8"
"AI For Finance","CDU Batch-1 - S-002","Building a Trading Agent | Part 1","2026-07-03","44","64","68.8"
"AI For Finance","CDU Batch-1 - S-002","Building a Trading Agent | Part 1","2026-07-02","31","64","48.4"
"AI For Finance","CDU Batch-1 - S-002","MCQ Practice","2026-07-02","40","64","62.5"
"AI For Finance","CDU Batch-1 - S-002","MCQ Practice","2026-07-01","45","64","70.3"
"AI For Finance","CDU Batch-1 - S-002","Enhancing Productivity with AI","2026-06-29","43","64","67.2"
"AI For Finance","CDU Batch-1 - S-002","Enhancing Productivity with AI","2026-06-25","51","64","79.7"
"AI For Finance","CDU Batch-1 - S-002","Enhancing Productivity with AI","2026-06-24","41","64","64.1"
"AI For Finance","CDU Batch-1 - S-002","Introduction to RAG Evaluation","2026-06-22","50","64","78.1"
"AI For Finance","CDU Batch-1 - S-002","MCQ Practice","2026-06-22","50","64","78.1"
"AI For Finance","CDU Batch-1 - S-002","MCQ Practice","2026-06-20","56","64","87.5"
"AI For Finance","CDU Batch-1 - S-002","Building Personal Finance Advisor","2026-06-17","26","64","40.6"
"AI For Finance","CDU Batch-1 - S-002","Building Personal Finance Advisor","2026-06-16","36","64","56.3"
"AI For Finance","CDU Batch-1 - S-002","Coding Practice","2026-06-16","34","64","53.1"
"AI For Finance","CDU Batch-1 - S-002","Introduction to AI For Finance","2026-06-15","30","64","46.9"
"AI For Finance","CDU Batch-1 - S-002","MCQ Practice","2026-06-13","19","64","29.7"
"AI For Finance","CDU Batch-1 - S-002","MCQ Practice","2026-06-12","33","64","51.6"
"AI For Finance","CDU Batch-1 - S-002","MCQ Practice","2026-06-11","10","64","15.6"
"AI For Finance","CDU Batch-1 - S-002","Your Learning Journey","2026-06-11","1","64","1.6"
"AI For Finance","CDU Batch-1 - S-003","Building a Financial Fraud Detection Model | Part 1","2026-08-19","40","80","50"
"AI For Finance","CDU Batch-1 - S-003","Coding Practice","2026-08-19","43","80","53.8"
"AI For Finance","CDU Batch-1 - S-003","Coding Practice","2026-08-04","68","80","85"
"AI For Finance","CDU Batch-1 - S-003","Coding Practice","2026-08-03","66","80","82.5"
"AI For Finance","CDU Batch-1 - S-003","MCQ Practice","2026-08-03","64","80","80"
"AI For Finance","CDU Batch-1 - S-003","MCQ Practice","2026-08-01","6","80","7.5"
"AI For Finance","CDU Batch-1 - S-003","Module Quiz--2","2026-08-01","47","80","58.8"
"AI For Finance","CDU Batch-1 - S-003","Coding Practice","2026-07-31","60","80","75"
"AI For Finance","CDU Batch-1 - S-003","MCQ Practice","2026-07-30","58","80","72.5"
"AI For Finance","CDU Batch-1 - S-003","Building a Financial Fraud Detection Model | Part 1","2026-07-29","62","80","77.5"
"AI For Finance","CDU Batch-1 - S-003","Coding Practice","2026-07-27","115","160","71.9"
"AI For Finance","CDU Batch-1 - S-003","Coding Practice","2026-07-23","66","80","82.5"
"AI For Finance","CDU Batch-1 - S-003","Integrating Langsmith with the trading Agent","2026-07-23","67","80","83.8"
"AI For Finance","CDU Batch-1 - S-003","Introduction to LLM Observability","2026-07-22","67","80","83.8"
"AI For Finance","CDU Batch-1 - S-003","MCQ Practice","2026-07-22","53","80","66.3"
"AI For Finance","CDU Batch-1 - S-003","Coding Practice","2026-07-21","69","80","86.3"
"AI For Finance","CDU Batch-1 - S-003","MCQ Practice","2026-07-21","49","80","61.3"
"AI For Finance","CDU Batch-1 - S-003","MCQ Practice","2026-07-16","64","80","80"
"AI For Finance","CDU Batch-1 - S-003","Building a Trading Agent | Part 2","2026-07-15","66","80","82.5"
"AI For Finance","CDU Batch-1 - S-003","Coding Practice","2026-07-15","66","80","82.5"
"AI For Finance","CDU Batch-1 - S-003","MCQ Practice","2026-07-15","66","80","82.5"
"AI For Finance","CDU Batch-1 - S-003","Building a Trading Agent | Part 2","2026-07-14","55","80","68.8"
"AI For Finance","CDU Batch-1 - S-003","Module Quiz--1","2026-07-14","60","80","75"
"AI For Finance","CDU Batch-1 - S-003","Coding Practice","2026-07-09","63","80","78.8"
"AI For Finance","CDU Batch-1 - S-003","Coding Practice","2026-07-08","63","80","78.8"
"AI For Finance","CDU Batch-1 - S-003","MCQ Practice","2026-07-07","55","80","68.8"
"AI For Finance","CDU Batch-1 - S-003","Building a Trading Agent | Part 1","2026-07-06","55","80","68.8"
"AI For Finance","CDU Batch-1 - S-003","Building a Trading Agent | Part 1","2026-07-03","52","80","65"
"AI For Finance","CDU Batch-1 - S-003","MCQ Practice","2026-07-02","62","80","77.5"
"AI For Finance","CDU Batch-1 - S-003","Enhancing Productivity with AI","2026-06-29","54","80","67.5"
"AI For Finance","CDU Batch-1 - S-003","Enhancing Productivity with AI","2026-06-24","58","80","72.5"
"AI For Finance","CDU Batch-1 - S-003","MCQ Practice","2026-06-24","61","80","76.3"
"AI For Finance","CDU Batch-1 - S-003","MCQ Practice","2026-06-22","47","80","58.8"
"AI For Finance","CDU Batch-1 - S-003","Coding Practice","2026-06-20","56","80","70"
"AI For Finance","CDU Batch-1 - S-003","Introduction to RAG Evaluation","2026-06-20","56","80","70"
"AI For Finance","CDU Batch-1 - S-003","Introduction to RAG Evaluation","2026-06-19","57","80","71.3"
"AI For Finance","CDU Batch-1 - S-003","MCQ Practice","2026-06-19","57","80","71.3"
"AI For Finance","CDU Batch-1 - S-003","MCQ Practice","2026-06-18","57","80","71.3"
"AI For Finance","CDU Batch-1 - S-003","Building Personal Finance Advisor","2026-06-17","42","80","52.5"
"AI For Finance","CDU Batch-1 - S-003","MCQ Practice","2026-06-17","43","80","53.8"
"AI For Finance","CDU Batch-1 - S-003","Introduction to AI For Finance","2026-06-15","27","80","33.8"
"AI For Finance","CDU Batch-1 - S-003","Your Learning Journey","2026-06-11","3","80","3.8"
"AI For Finance","CDU Batch-1 - S-004","Coding Practice","2026-08-20","73","94","77.7"
"AI For Finance","CDU Batch-1 - S-004","Building a Financial Fraud Detection Model | Part 1","2026-08-19","62","94","66"
"AI For Finance","CDU Batch-1 - S-004","MCQ Practice","2026-08-19","67","94","71.3"
"AI For Finance","CDU Batch-1 - S-004","Coding Practice","2026-08-04","71","94","75.5"
"AI For Finance","CDU Batch-1 - S-004","Coding Practice","2026-08-03","78","94","83"
"AI For Finance","CDU Batch-1 - S-004","Module Quiz--2","2026-08-01","84","94","89.4"
"AI For Finance","CDU Batch-1 - S-004","Coding Practice","2026-07-31","51","94","54.3"
"AI For Finance","CDU Batch-1 - S-004","MCQ Practice","2026-07-30","78","94","83"
"AI For Finance","CDU Batch-1 - S-004","Building a Financial Fraud Detection Model | Part 1","2026-07-29","75","94","79.8"
"AI For Finance","CDU Batch-1 - S-004","Coding Practice","2026-07-28","75","94","79.8"
"AI For Finance","CDU Batch-1 - S-004","Integrating Langsmith with the trading Agent","2026-07-28","77","94","81.9"
"AI For Finance","CDU Batch-1 - S-004","Coding Practice","2026-07-27","73","94","77.7"
"AI For Finance","CDU Batch-1 - S-004","MCQ Practice","2026-07-23","81","94","86.2"
"AI For Finance","CDU Batch-1 - S-004","Introduction to LLM Observability","2026-07-22","81","94","86.2"
"AI For Finance","CDU Batch-1 - S-004","Coding Practice","2026-07-21","157","188","83.5"
"AI For Finance","CDU Batch-1 - S-004","Coding Practice","2026-07-18","70","94","74.5"
"AI For Finance","CDU Batch-1 - S-004","MCQ Practice","2026-07-18","77","94","81.9"
"AI For Finance","CDU Batch-1 - S-004","MCQ Practice","2026-07-16","79","94","84"
"AI For Finance","CDU Batch-1 - S-004","Coding Practice","2026-07-15","157","188","83.5"
"AI For Finance","CDU Batch-1 - S-004","Building a Trading Agent | Part 2","2026-07-14","72","94","76.6"
"AI For Finance","CDU Batch-1 - S-004","Module Quiz--1","2026-07-14","87","94","92.6"
"AI For Finance","CDU Batch-1 - S-004","MCQ Practice","2026-07-13","80","94","85.1"
"AI For Finance","CDU Batch-1 - S-004","Building a Trading Agent | Part 1","2026-07-11","68","94","72.3"
"AI For Finance","CDU Batch-1 - S-004","Building a Trading Agent | Part 1","2026-07-09","83","94","88.3"
"AI For Finance","CDU Batch-1 - S-004","Coding Practice","2026-07-09","80","188","42.6"
"AI For Finance","CDU Batch-1 - S-004","Coding Practice","2026-07-07","84","94","89.4"
"AI For Finance","CDU Batch-1 - S-004","Coding Practice","2026-07-06","73","94","77.7"
"AI For Finance","CDU Batch-1 - S-004","Introduction to RAG Evaluation","2026-07-06","73","94","77.7"
"AI For Finance","CDU Batch-1 - S-004","Introduction to RAG Evaluation","2026-07-03","81","94","86.2"
"AI For Finance","CDU Batch-1 - S-004","MCQ Practice","2026-06-29","79","94","84"
"AI For Finance","CDU Batch-1 - S-004","Enhancing Productivity with AI","2026-06-24","81","94","86.2"
"AI For Finance","CDU Batch-1 - S-004","Enhancing Productivity with AI","2026-06-23","78","94","83"
"AI For Finance","CDU Batch-1 - S-004","MCQ Practice","2026-06-23","76","94","80.9"
"AI For Finance","CDU Batch-1 - S-004","MCQ Practice","2026-06-19","128","188","68.1"
"AI For Finance","CDU Batch-1 - S-004","Introduction to RAG Evaluation","2026-06-18","94","94","100"
"AI For Finance","CDU Batch-1 - S-004","Building Personal Finance Advisor","2026-06-17","63","94","67"
"AI For Finance","CDU Batch-1 - S-004","Building Personal Finance Advisor","2026-06-16","68","94","72.3"
"AI For Finance","CDU Batch-1 - S-004","MCQ Practice","2026-06-15","63","94","67"
"AI For Finance","CDU Batch-1 - S-004","Introduction to AI For Finance","2026-06-13","38","94","40.4"
"AI For Finance","CDU Batch-1 - S-004","MCQ Practice","2026-06-13","37","94","39.4"
"AI For Finance","CDU Batch-1 - S-004","Your Learning Journey","2026-06-12","30","94","31.9"
"AI For Finance","CDU Batch-1 - S-005","Building a Financial Fraud Detection Model | Part 2","2026-08-22","52","94","55.3"
"AI For Finance","CDU Batch-1 - S-005","Coding Practice","2026-08-20","61","94","64.9"
"AI For Finance","CDU Batch-1 - S-005","MCQ Practice","2026-08-20","76","94","80.9"
"AI For Finance","CDU Batch-1 - S-005","Building a Financial Fraud Detection Model | Part 1","2026-08-19","59","94","62.8"
"AI For Finance","CDU Batch-1 - S-005","Coding Practice","2026-08-04","77","94","81.9"
"AI For Finance","CDU Batch-1 - S-005","MCQ Practice","2026-08-03","79","94","84"
"AI For Finance","CDU Batch-1 - S-005","Module Quiz--2","2026-08-01","58","94","61.7"
"AI For Finance","CDU Batch-1 - S-005","MCQ Practice","2026-07-31","3","94","3.2"
"AI For Finance","CDU Batch-1 - S-005","Building a Financial Fraud Detection Model | Part 1","2026-07-30","62","94","66"
"AI For Finance","CDU Batch-1 - S-005","Coding Practice","2026-07-29","69","94","73.4"
"AI For Finance","CDU Batch-1 - S-005","Integrating Langsmith with the trading Agent","2026-07-28","85","94","90.4"
"AI For Finance","CDU Batch-1 - S-005","Coding Practice","2026-07-27","71","94","75.5"
"AI For Finance","CDU Batch-1 - S-005","MCQ Practice","2026-07-22","82","94","87.2"
"AI For Finance","CDU Batch-1 - S-005","Introduction to LLM Observability","2026-07-21","77","94","81.9"
"AI For Finance","CDU Batch-1 - S-005","MCQ Practice","2026-07-21","74","94","78.7"
"AI For Finance","CDU Batch-1 - S-005","MCQ Practice","2026-07-16","87","94","92.6"
"AI For Finance","CDU Batch-1 - S-005","Coding Practice","2026-07-15","72","94","76.6"
"AI For Finance","CDU Batch-1 - S-005","MCQ Practice","2026-07-15","77","94","81.9"
"AI For Finance","CDU Batch-1 - S-005","Building a Trading Agent | Part 2","2026-07-14","78","94","83"
"AI For Finance","CDU Batch-1 - S-005","Module Quiz--1","2026-07-14","74","94","78.7"
"AI For Finance","CDU Batch-1 - S-005","MCQ Practice","2026-07-13","73","94","77.7"
"AI For Finance","CDU Batch-1 - S-005","Building a Trading Agent | Part 2","2026-07-11","57","94","60.6"
"AI For Finance","CDU Batch-1 - S-005","Building a Trading Agent | Part 1","2026-07-09","76","94","80.9"
"AI For Finance","CDU Batch-1 - S-005","Coding Practice","2026-07-09","68","94","72.3"
"AI For Finance","CDU Batch-1 - S-005","Building a Trading Agent | Part 1","2026-07-06","76","94","80.9"
"AI For Finance","CDU Batch-1 - S-005","MCQ Practice","2026-07-03","75","94","79.8"
"AI For Finance","CDU Batch-1 - S-005","Enhancing Productivity with AI","2026-07-01","68","94","72.3"
"AI For Finance","CDU Batch-1 - S-005","Introduction to RAG Evaluation","2026-06-29","73","94","77.7"
"AI For Finance","CDU Batch-1 - S-005","MCQ Practice","2026-06-29","74","94","78.7"
"AI For Finance","CDU Batch-1 - S-005","MCQ Practice","2026-06-24","72","94","76.6"
"AI For Finance","CDU Batch-1 - S-005","Introduction to RAG Evaluation","2026-06-23","74","94","78.7"
"AI For Finance","CDU Batch-1 - S-005","Building Personal Finance Advisor","2026-06-22","83","94","88.3"
"AI For Finance","CDU Batch-1 - S-005","Coding Practice","2026-06-22","76","94","80.9"
"AI For Finance","CDU Batch-1 - S-005","MCQ Practice","2026-06-22","82","94","87.2"
"AI For Finance","CDU Batch-1 - S-005","Building Personal Finance Advisor","2026-06-20","43","94","45.7"
"AI For Finance","CDU Batch-1 - S-005","Building Personal Finance Advisor","2026-06-18","67","94","71.3"
"AI For Finance","CDU Batch-1 - S-005","Building Personal Finance Advisor","2026-06-15","39","94","41.5"
"AI For Finance","CDU Batch-1 - S-005","MCQ Practice","2026-06-15","48","94","51.1"
"AI For Finance","CDU Batch-1 - S-005","Introduction to AI For Finance","2026-06-13","25","94","26.6"
"AI For Finance","CDU Batch-1 - S-005","MCQ Practice","2026-06-12","28","94","29.8"
"AI For Finance","CDU Batch-1 - S-005","Your Learning Journey","2026-06-12","35","94","37.2"
"AI For Finance","CDU Batch-1 - S-006","Building a Financial Fraud Detection Model | Part 1","2026-08-20","37","62","59.7"
"AI For Finance","CDU Batch-1 - S-006","MCQ Practice","2026-08-20","31","62","50"
"AI For Finance","CDU Batch-1 - S-006","Coding Practice","2026-08-19","47","62","75.8"
"AI For Finance","CDU Batch-1 - S-006","MCQ Practice","2026-08-19","33","62","53.2"
"AI For Finance","CDU Batch-1 - S-006","MCQ Practice","2026-08-03","40","62","64.5"
"AI For Finance","CDU Batch-1 - S-006","Module Quiz--2","2026-08-01","37","62","59.7"
"AI For Finance","CDU Batch-1 - S-006","Building a Financial Fraud Detection Model | Part 1","2026-07-30","49","62","79"
"AI For Finance","CDU Batch-1 - S-006","Coding Practice","2026-07-28","59","62","95.2"
"AI For Finance","CDU Batch-1 - S-006","Integrating Langsmith with the trading Agent","2026-07-28","58","62","93.5"
"AI For Finance","CDU Batch-1 - S-006","Coding Practice","2026-07-27","53","62","85.5"
"AI For Finance","CDU Batch-1 - S-006","MCQ Practice","2026-07-23","50","62","80.6"
"AI For Finance","CDU Batch-1 - S-006","Coding Practice","2026-07-22","58","62","93.5"
"AI For Finance","CDU Batch-1 - S-006","Introduction to LLM Observability","2026-07-22","57","62","91.9"
"AI For Finance","CDU Batch-1 - S-006","MCQ Practice","2026-07-21","55","62","88.7"
"AI For Finance","CDU Batch-1 - S-006","Building a Trading Agent | Part 2","2026-07-20","44","62","71"
"AI For Finance","CDU Batch-1 - S-006","Coding Practice","2026-07-15","96","124","77.4"
"AI For Finance","CDU Batch-1 - S-006","MCQ Practice","2026-07-14","54","62","87.1"
"AI For Finance","CDU Batch-1 - S-006","Module Quiz--1","2026-07-14","54","62","87.1"
"AI For Finance","CDU Batch-1 - S-006","Coding Practice","2026-07-13","55","62","88.7"
"AI For Finance","CDU Batch-1 - S-006","Building a Trading Agent | Part 2","2026-07-11","49","62","79"
"AI For Finance","CDU Batch-1 - S-006","Building a Trading Agent | Part 1","2026-07-09","41","62","66.1"
"AI For Finance","CDU Batch-1 - S-006","MCQ Practice","2026-07-07","51","62","82.3"
"AI For Finance","CDU Batch-1 - S-006","Building a Trading Agent | Part 1","2026-07-06","42","62","67.7"
"AI For Finance","CDU Batch-1 - S-006","MCQ Practice","2026-07-03","47","62","75.8"
"AI For Finance","CDU Batch-1 - S-006","MCQ Practice","2026-07-02","3","62","4.8"
"AI For Finance","CDU Batch-1 - S-006","Enhancing Productivity with AI","2026-06-29","50","62","80.6"
"AI For Finance","CDU Batch-1 - S-006","MCQ Practice","2026-06-23","44","62","71"
"AI For Finance","CDU Batch-1 - S-006","Introduction to RAG Evaluation","2026-06-20","53","62","85.5"
"AI For Finance","CDU Batch-1 - S-006","MCQ Practice","2026-06-19","52","62","83.9"
"AI For Finance","CDU Batch-1 - S-006","MCQ Practice","2026-06-18","46","62","74.2"
"AI For Finance","CDU Batch-1 - S-006","Building Personal Finance Advisor","2026-06-17","46","62","74.2"
"AI For Finance","CDU Batch-1 - S-006","MCQ Practice","2026-06-17","44","62","71"
"AI For Finance","CDU Batch-1 - S-006","Building Personal Finance Advisor","2026-06-15","18","62","29"
"AI For Finance","CDU Batch-1 - S-006","Introduction to AI For Finance","2026-06-13","15","62","24.2"
"AI For Finance","CDU Batch-1 - S-006","MCQ Practice","2026-06-12","15","62","24.2"
"AI For Finance","CDU Batch-1 - S-006","Your Learning Journey","2026-06-12","7","62","11.3"
"AI For Finance","CDU Batch-1 - S-007","MCQ Practice","2026-08-22","0","60","0"
"AI For Finance","CDU Batch-1 - S-007","Evaluating the Financial Fraud Detection Model","2026-08-20","45","60","75"
"AI For Finance","CDU Batch-1 - S-007","Coding Practice","2026-08-08","24","60","40"
"AI For Finance","CDU Batch-1 - S-007","MCQ Practice","2026-08-04","49","60","81.7"
"AI For Finance","CDU Batch-1 - S-007","Module Quiz--2","2026-08-01","33","60","55"
"AI For Finance","CDU Batch-1 - S-007","Coding Practice","2026-07-30","44","60","73.3"
"AI For Finance","CDU Batch-1 - S-007","MCQ Practice","2026-07-29","49","60","81.7"
"AI For Finance","CDU Batch-1 - S-007","MCQ Practice","2026-07-28","42","60","70"
"AI For Finance","CDU Batch-1 - S-007","Coding Practice","2026-07-27","35","60","58.3"
"AI For Finance","CDU Batch-1 - S-007","Building a Financial Fraud Detection Model | Part 2","2026-07-23","47","60","78.3"
"AI For Finance","CDU Batch-1 - S-007","Building a Financial Fraud Detection Model | Part 2","2026-07-22","51","60","85"
"AI For Finance","CDU Batch-1 - S-007","Coding Practice","2026-07-22","47","60","78.3"
"AI For Finance","CDU Batch-1 - S-007","MCQ Practice","2026-07-21","47","60","78.3"
"AI For Finance","CDU Batch-1 - S-007","MCQ Practice","2026-07-20","52","60","86.7"
"AI For Finance","CDU Batch-1 - S-007","Coding Practice","2026-07-18","21","60","35"
"AI For Finance","CDU Batch-1 - S-007","Building a Financial Fraud Detection Model | Part 1","2026-07-16","46","60","76.7"
"AI For Finance","CDU Batch-1 - S-007","Coding Practice","2026-07-15","48","60","80"
"AI For Finance","CDU Batch-1 - S-007","MCQ Practice","2026-07-14","50","60","83.3"
"AI For Finance","CDU Batch-1 - S-007","Module Quiz--1","2026-07-14","44","60","73.3"
"AI For Finance","CDU Batch-1 - S-007","MCQ Practice","2026-07-13","47","60","78.3"
"AI For Finance","CDU Batch-1 - S-007","Coding Practice","2026-07-11","35","60","58.3"
"AI For Finance","CDU Batch-1 - S-007","Integrating Langsmith with the trading Agent","2026-07-11","32","60","53.3"
"AI For Finance","CDU Batch-1 - S-007","Coding Practice","2026-07-08","51","60","85"
"AI For Finance","CDU Batch-1 - S-007","Introduction to LLM Observability","2026-07-08","46","60","76.7"
"AI For Finance","CDU Batch-1 - S-007","Building a Trading Agent | Part 2","2026-07-03","44","60","73.3"
"AI For Finance","CDU Batch-1 - S-007","Building a Trading Agent | Part 2","2026-07-02","40","60","66.7"
"AI For Finance","CDU Batch-1 - S-007","Coding Practice","2026-07-02","38","60","63.3"
"AI For Finance","CDU Batch-1 - S-007","MCQ Practice","2026-07-02","38","60","63.3"
"AI For Finance","CDU Batch-1 - S-007","Coding Practice","2026-07-01","23","60","38.3"
"AI For Finance","CDU Batch-1 - S-007","MCQ Practice","2026-07-01","23","60","38.3"
"AI For Finance","CDU Batch-1 - S-007","Building a Trading Agent | Part 1","2026-06-24","46","60","76.7"
"AI For Finance","CDU Batch-1 - S-007","Enhancing Productivity with AI","2026-06-23","45","60","75"
"AI For Finance","CDU Batch-1 - S-007","MCQ Practice","2026-06-23","45","60","75"
"AI For Finance","CDU Batch-1 - S-007","Introduction to RAG Evaluation","2026-06-22","41","60","68.3"
"AI For Finance","CDU Batch-1 - S-007","Introduction to RAG Evaluation","2026-06-20","45","60","75"
"AI For Finance","CDU Batch-1 - S-007","Building Personal Finance Advisor","2026-06-18","37","60","61.7"
"AI For Finance","CDU Batch-1 - S-007","Introduction to AI For Finance","2026-06-13","20","60","33.3"
"AI For Finance","CDU Batch-1 - S-007","MCQ Practice","2026-06-12","26","60","43.3"
"AI For Finance","CDU Batch-1 - S-007","MCQ Practice","2026-06-11","6","60","10"
"AI For Finance","CDU Batch-1 - S-007","Your Learning Journey","2026-06-11","5","60","8.3"
"AI For Finance","CDU Batch-1 - S-008","MCQ Practice","2026-08-20","42","58","72.4"
"AI For Finance","CDU Batch-1 - S-008","Evaluating the Financial Fraud Detection Model","2026-08-19","37","58","63.8"
"AI For Finance","CDU Batch-1 - S-008","Coding Practice","2026-08-08","21","58","36.2"
"AI For Finance","CDU Batch-1 - S-008","Coding Practice","2026-08-03","39","58","67.2"
"AI For Finance","CDU Batch-1 - S-008","Module Quiz--2","2026-08-01","33","58","56.9"
"AI For Finance","CDU Batch-1 - S-008","Coding Practice","2026-07-31","46","58","79.3"
"AI For Finance","CDU Batch-1 - S-008","MCQ Practice","2026-07-29","44","58","75.9"
"AI For Finance","CDU Batch-1 - S-008","Coding Practice","2026-07-27","39","58","67.2"
"AI For Finance","CDU Batch-1 - S-008","Building a Financial Fraud Detection Model | Part 2","2026-07-23","42","58","72.4"
"AI For Finance","CDU Batch-1 - S-008","Building a Financial Fraud Detection Model | Part 2","2026-07-22","49","58","84.5"
"AI For Finance","CDU Batch-1 - S-008","MCQ Practice","2026-07-22","45","58","77.6"
"AI For Finance","CDU Batch-1 - S-008","Coding Practice","2026-07-21","36","58","62.1"
"AI For Finance","CDU Batch-1 - S-008","MCQ Practice","2026-07-20","43","58","74.1"
"AI For Finance","CDU Batch-1 - S-008","Building a Financial Fraud Detection Model | Part 1","2026-07-18","36","58","62.1"
"AI For Finance","CDU Batch-1 - S-008","Coding Practice","2026-07-16","47","58","81"
"AI For Finance","CDU Batch-1 - S-008","Coding Practice","2026-07-14","47","58","81"
"AI For Finance","CDU Batch-1 - S-008","Module Quiz--1","2026-07-14","46","58","79.3"
"AI For Finance","CDU Batch-1 - S-008","Integrating Langsmith with the trading Agent","2026-07-13","34","58","58.6"
"AI For Finance","CDU Batch-1 - S-008","MCQ Practice","2026-07-09","47","58","81"
"AI For Finance","CDU Batch-1 - S-008","Introduction to LLM Observability","2026-07-08","40","58","69"
"AI For Finance","CDU Batch-1 - S-008","MCQ Practice","2026-07-07","46","58","79.3"
"AI For Finance","CDU Batch-1 - S-008","Coding Practice","2026-07-02","33","58","56.9"
"AI For Finance","CDU Batch-1 - S-008","MCQ Practice","2026-07-02","29","58","50"
"AI For Finance","CDU Batch-1 - S-008","Building a Trading Agent | Part 2","2026-06-29","43","58","74.1"
"AI For Finance","CDU Batch-1 - S-008","MCQ Practice","2026-06-29","44","58","75.9"
"AI For Finance","CDU Batch-1 - S-008","Coding Practice","2026-06-27","0","58","0"
"AI For Finance","CDU Batch-1 - S-008","MCQ Practice","2026-06-27","34","58","58.6"
"AI For Finance","CDU Batch-1 - S-008","Building a Trading Agent | Part 1","2026-06-25","41","58","70.7"
"AI For Finance","CDU Batch-1 - S-008","Building a Trading Agent | Part 1","2026-06-24","42","58","72.4"
"AI For Finance","CDU Batch-1 - S-008","MCQ Practice","2026-06-23","31","58","53.4"
"AI For Finance","CDU Batch-1 - S-008","Enhancing Productivity with AI","2026-06-22","39","58","67.2"
"AI For Finance","CDU Batch-1 - S-008","MCQ Practice","2026-06-22","37","58","63.8"
"AI For Finance","CDU Batch-1 - S-008","Introduction to RAG Evaluation","2026-06-19","35","58","60.3"
"AI For Finance","CDU Batch-1 - S-008","Building Personal Finance Advisor","2026-06-17","23","58","39.7"
"AI For Finance","CDU Batch-1 - S-008","Building Personal Finance Advisor","2026-06-16","17","58","29.3"
"AI For Finance","CDU Batch-1 - S-008","MCQ Practice","2026-06-13","4","58","6.9"
"AI For Finance","CDU Batch-1 - S-008","Introduction to AI For Finance","2026-06-12","2","58","3.4"
"AI For Finance","CDU Batch-1 - S-008","MCQ Practice","2026-06-11","0","58","0"
"AI For Finance","CDU Batch-1 - S-008","Your Learning Journey","2026-06-11","0","58","0"
"AI For Finance","CDU Batch-1 - S-009","MCQ Practice","2026-08-20","34","60","56.7"
"AI For Finance","CDU Batch-1 - S-009","Evaluating the Financial Fraud Detection Model","2026-08-19","33","60","55"
"AI For Finance","CDU Batch-1 - S-009","Coding Practice","2026-08-08","24","60","40"
"AI For Finance","CDU Batch-1 - S-009","MCQ Practice","2026-08-04","48","60","80"
"AI For Finance","CDU Batch-1 - S-009","Module Quiz--2","2026-08-01","36","60","60"
"AI For Finance","CDU Batch-1 - S-009","Coding Practice","2026-07-30","46","60","76.7"
"AI For Finance","CDU Batch-1 - S-009","Building a Financial Fraud Detection Model | Part 2","2026-07-29","41","60","68.3"
"AI For Finance","CDU Batch-1 - S-009","MCQ Practice","2026-07-29","47","60","78.3"
"AI For Finance","CDU Batch-1 - S-009","MCQ Practice","2026-07-28","55","60","91.7"
"AI For Finance","CDU Batch-1 - S-009","Coding Practice","2026-07-27","49","60","81.7"
"AI For Finance","CDU Batch-1 - S-009","MCQ Practice","2026-07-23","48","60","80"
"AI For Finance","CDU Batch-1 - S-009","Building a Financial Fraud Detection Model | Part 2","2026-07-22","54","60","90"
"AI For Finance","CDU Batch-1 - S-009","Coding Practice","2026-07-21","47","60","78.3"
"AI For Finance","CDU Batch-1 - S-009","MCQ Practice","2026-07-20","45","60","75"
"AI For Finance","CDU Batch-1 - S-009","Coding Practice","2026-07-18","50","60","83.3"
"AI For Finance","CDU Batch-1 - S-009","Building a Financial Fraud Detection Model | Part 1","2026-07-16","51","60","85"
"AI For Finance","CDU Batch-1 - S-009","Coding Practice","2026-07-15","46","60","76.7"
"AI For Finance","CDU Batch-1 - S-009","MCQ Practice","2026-07-14","40","60","66.7"
"AI For Finance","CDU Batch-1 - S-009","Module Quiz--1","2026-07-14","40","60","66.7"
"AI For Finance","CDU Batch-1 - S-009","Integrating Langsmith with the trading Agent","2026-07-13","47","60","78.3"
"AI For Finance","CDU Batch-1 - S-009","Coding Practice","2026-07-08","43","60","71.7"
"AI For Finance","CDU Batch-1 - S-009","MCQ Practice","2026-07-07","50","60","83.3"
"AI For Finance","CDU Batch-1 - S-009","Introduction to LLM Observability","2026-07-03","45","60","75"
"AI For Finance","CDU Batch-1 - S-009","Coding Practice","2026-07-02","40","60","66.7"
"AI For Finance","CDU Batch-1 - S-009","MCQ Practice","2026-07-02","40","60","66.7"
"AI For Finance","CDU Batch-1 - S-009","Building a Trading Agent | Part 2","2026-06-29","45","60","75"
"AI For Finance","CDU Batch-1 - S-009","MCQ Practice","2026-06-29","46","60","76.7"
"AI For Finance","CDU Batch-1 - S-009","MCQ Practice","2026-06-27","35","60","58.3"
"AI For Finance","CDU Batch-1 - S-009","Building a Trading Agent | Part 1","2026-06-24","39","60","65"
"AI For Finance","CDU Batch-1 - S-009","MCQ Practice","2026-06-22","40","60","66.7"
"AI For Finance","CDU Batch-1 - S-009","Coding Practice","2026-06-20","41","60","68.3"
"AI For Finance","CDU Batch-1 - S-009","Enhancing Productivity with AI","2026-06-20","41","60","68.3"
"AI For Finance","CDU Batch-1 - S-009","MCQ Practice","2026-06-20","41","60","68.3"
"AI For Finance","CDU Batch-1 - S-009","Introduction to RAG Evaluation","2026-06-19","39","60","65"
"AI For Finance","CDU Batch-1 - S-009","Building Personal Finance Advisor","2026-06-18","36","60","60"
"AI For Finance","CDU Batch-1 - S-009","Building Personal Finance Advisor","2026-06-17","35","60","58.3"
"AI For Finance","CDU Batch-1 - S-009","Building Personal Finance Advisor","2026-06-16","26","60","43.3"
"AI For Finance","CDU Batch-1 - S-009","Introduction to AI For Finance","2026-06-12","26","60","43.3"
"AI For Finance","CDU Batch-1 - S-009","MCQ Practice","2026-06-12","26","60","43.3"
"AI For Finance","CDU Batch-1 - S-009","Your Learning Journey","2026-06-11","11","60","18.3"
"AI For Finance","CDU Batch-1 - S-010","Evaluating the Financial Fraud Detection Model","2026-08-20","41","70","58.6"
"AI For Finance","CDU Batch-1 - S-010","MCQ Practice","2026-08-20","47","70","67.1"
"AI For Finance","CDU Batch-1 - S-010","Coding Practice","2026-08-08","24","70","34.3"
"AI For Finance","CDU Batch-1 - S-010","Module Quiz--2","2026-08-01","42","70","60"
"AI For Finance","CDU Batch-1 - S-010","Coding Practice","2026-07-30","54","70","77.1"
"AI For Finance","CDU Batch-1 - S-010","Building a Financial Fraud Detection Model | Part 2","2026-07-29","62","70","88.6"
"AI For Finance","CDU Batch-1 - S-010","Coding Practice","2026-07-27","46","70","65.7"
"AI For Finance","CDU Batch-1 - S-010","Coding Practice","2026-07-23","61","70","87.1"
"AI For Finance","CDU Batch-1 - S-010","MCQ Practice","2026-07-23","63","70","90"
"AI For Finance","CDU Batch-1 - S-010","Building a Financial Fraud Detection Model | Part 2","2026-07-22","63","70","90"
"AI For Finance","CDU Batch-1 - S-010","Coding Practice","2026-07-21","120","140","85.7"
"AI For Finance","CDU Batch-1 - S-010","MCQ Practice","2026-07-20","97","140","69.3"
"AI For Finance","CDU Batch-1 - S-010","Building a Financial Fraud Detection Model | Part 1","2026-07-16","58","70","82.9"
"AI For Finance","CDU Batch-1 - S-010","Coding Practice","2026-07-15","52","70","74.3"
"AI For Finance","CDU Batch-1 - S-010","MCQ Practice","2026-07-14","58","70","82.9"
"AI For Finance","CDU Batch-1 - S-010","Module Quiz--1","2026-07-14","54","70","77.1"
"AI For Finance","CDU Batch-1 - S-010","Integrating Langsmith with the trading Agent","2026-07-13","50","70","71.4"
"AI For Finance","CDU Batch-1 - S-010","Integrating Langsmith with the trading Agent","2026-07-11","44","70","62.9"
"AI For Finance","CDU Batch-1 - S-010","Introduction to LLM Observability","2026-07-08","59","70","84.3"
"AI For Finance","CDU Batch-1 - S-010","Coding Practice","2026-07-02","60","70","85.7"
"AI For Finance","CDU Batch-1 - S-010","MCQ Practice","2026-07-02","58","70","82.9"
"AI For Finance","CDU Batch-1 - S-010","Coding Practice","2026-06-29","54","70","77.1"
"AI For Finance","CDU Batch-1 - S-010","Building a Trading Agent | Part 1","2026-06-25","53","70","75.7"
"AI For Finance","CDU Batch-1 - S-010","MCQ Practice","2026-06-25","57","70","81.4"
"AI For Finance","CDU Batch-1 - S-010","MCQ Practice","2026-06-24","55","70","78.6"
"AI For Finance","CDU Batch-1 - S-010","Enhancing Productivity with AI","2026-06-23","51","70","72.9"
"AI For Finance","CDU Batch-1 - S-010","Introduction to RAG Evaluation","2026-06-19","51","70","72.9"
"AI For Finance","CDU Batch-1 - S-010","Building Personal Finance Advisor","2026-06-18","49","70","70"
"AI For Finance","CDU Batch-1 - S-010","Building Personal Finance Advisor","2026-06-17","44","70","62.9"
"AI For Finance","CDU Batch-1 - S-010","Building Personal Finance Advisor","2026-06-16","41","70","58.6"
"AI For Finance","CDU Batch-1 - S-010","Introduction to AI For Finance","2026-06-13","11","70","15.7"
"AI For Finance","CDU Batch-1 - S-010","MCQ Practice","2026-06-11","2","140","1.4"
"AI For Finance","CDU Batch-1 - S-010","Your Learning Journey","2026-06-11","1","70","1.4"
"AI For Finance","CDU Batch-1 - S-011","MCQ Practice","2026-08-22","30","51","58.8"
"AI For Finance","CDU Batch-1 - S-011","Evaluating the Financial Fraud Detection Model","2026-08-20","34","51","66.7"
"AI For Finance","CDU Batch-1 - S-011","Coding Practice","2026-08-19","32","51","62.7"
"AI For Finance","CDU Batch-1 - S-011","Module Quiz--2","2026-08-01","22","51","43.1"
"AI For Finance","CDU Batch-1 - S-011","Coding Practice","2026-07-31","38","51","74.5"
"AI For Finance","CDU Batch-1 - S-011","Coding Practice","2026-07-28","40","51","78.4"
"AI For Finance","CDU Batch-1 - S-011","MCQ Practice","2026-07-27","40","51","78.4"
"AI For Finance","CDU Batch-1 - S-011","Building a Financial Fraud Detection Model | Part 2","2026-07-23","39","51","76.5"
"AI For Finance","CDU Batch-1 - S-011","Coding Practice","2026-07-21","41","51","80.4"
"AI For Finance","CDU Batch-1 - S-011","Coding Practice","2026-07-20","44","51","86.3"
"AI For Finance","CDU Batch-1 - S-011","MCQ Practice","2026-07-20","45","51","88.2"
"AI For Finance","CDU Batch-1 - S-011","Building a Financial Fraud Detection Model | Part 1","2026-07-18","38","51","74.5"
"AI For Finance","CDU Batch-1 - S-011","MCQ Practice","2026-07-18","35","51","68.6"
"AI For Finance","CDU Batch-1 - S-011","Coding Practice","2026-07-15","48","51","94.1"
"AI For Finance","CDU Batch-1 - S-011","MCQ Practice","2026-07-14","45","51","88.2"
"AI For Finance","CDU Batch-1 - S-011","Module Quiz--1","2026-07-14","42","51","82.4"
"AI For Finance","CDU Batch-1 - S-011","Coding Practice","2026-07-11","33","51","64.7"
"AI For Finance","CDU Batch-1 - S-011","Integrating Langsmith with the trading Agent","2026-07-11","30","51","58.8"
"AI For Finance","CDU Batch-1 - S-011","MCQ Practice","2026-07-09","43","51","84.3"
"AI For Finance","CDU Batch-1 - S-011","Introduction to LLM Observability","2026-07-08","46","51","90.2"
"AI For Finance","CDU Batch-1 - S-011","Building a Trading Agent | Part 2","2026-07-03","41","51","80.4"
"AI For Finance","CDU Batch-1 - S-011","Coding Practice","2026-07-01","13","51","25.5"
"AI For Finance","CDU Batch-1 - S-011","Building a Trading Agent | Part 1","2026-06-29","39","51","76.5"
"AI For Finance","CDU Batch-1 - S-011","Building a Trading Agent | Part 1","2026-06-27","11","51","21.6"
"AI For Finance","CDU Batch-1 - S-011","MCQ Practice","2026-06-25","35","51","68.6"
"AI For Finance","CDU Batch-1 - S-011","Building a Trading Agent | Part 1","2026-06-23","41","51","80.4"
"AI For Finance","CDU Batch-1 - S-011","MCQ Practice","2026-06-23","41","51","80.4"
"AI For Finance","CDU Batch-1 - S-011","Enhancing Productivity with AI","2026-06-22","43","51","84.3"
"AI For Finance","CDU Batch-1 - S-011","Introduction to RAG Evaluation","2026-06-20","36","51","70.6"
"AI For Finance","CDU Batch-1 - S-011","MCQ Practice","2026-06-20","36","51","70.6"
"AI For Finance","CDU Batch-1 - S-011","MCQ Practice","2026-06-19","40","51","78.4"
"AI For Finance","CDU Batch-1 - S-011","Building Personal Finance Advisor","2026-06-18","37","51","72.5"
"AI For Finance","CDU Batch-1 - S-011","MCQ Practice","2026-06-18","37","51","72.5"
"AI For Finance","CDU Batch-1 - S-011","Introduction to AI For Finance","2026-06-13","20","51","39.2"
"AI For Finance","CDU Batch-1 - S-011","MCQ Practice","2026-06-13","20","51","39.2"
"AI For Finance","CDU Batch-1 - S-011","MCQ Practice","2026-06-12","16","51","31.4"
"AI For Finance","CDU Batch-1 - S-011","Your Learning Journey","2026-06-12","16","51","31.4"
"AI For Finance","CDU Batch-1 - S-012","Coding Practice","2026-08-22","35","60","58.3"
"AI For Finance","CDU Batch-1 - S-012","MCQ Practice","2026-08-20","48","60","80"
"AI For Finance","CDU Batch-1 - S-012","Evaluating the Financial Fraud Detection Model","2026-08-19","47","60","78.3"
"AI For Finance","CDU Batch-1 - S-012","Module Quiz--2","2026-08-01","34","60","56.7"
"AI For Finance","CDU Batch-1 - S-012","Coding Practice","2026-07-30","52","60","86.7"
"AI For Finance","CDU Batch-1 - S-012","MCQ Practice","2026-07-28","51","60","85"
"AI For Finance","CDU Batch-1 - S-012","MCQ Practice","2026-07-27","50","60","83.3"
"AI For Finance","CDU Batch-1 - S-012","Building a Financial Fraud Detection Model | Part 2","2026-07-23","45","60","75"
"AI For Finance","CDU Batch-1 - S-012","Coding Practice","2026-07-23","79","120","65.8"
"AI For Finance","CDU Batch-1 - S-012","Coding Practice","2026-07-21","48","60","80"
"AI For Finance","CDU Batch-1 - S-012","Building a Financial Fraud Detection Model | Part 1","2026-07-20","48","60","80"
"AI For Finance","CDU Batch-1 - S-012","Coding Practice","2026-07-20","46","60","76.7"
"AI For Finance","CDU Batch-1 - S-012","MCQ Practice","2026-07-20","43","60","71.7"
"AI For Finance","CDU Batch-1 - S-012","Coding Practice","2026-07-18","37","60","61.7"
"AI For Finance","CDU Batch-1 - S-012","MCQ Practice","2026-07-17","37","60","61.7"
"AI For Finance","CDU Batch-1 - S-012","Coding Practice","2026-07-15","45","60","75"
"AI For Finance","CDU Batch-1 - S-012","Module Quiz--1","2026-07-14","49","60","81.7"
"AI For Finance","CDU Batch-1 - S-012","Integrating Langsmith with the trading Agent","2026-07-13","48","60","80"
"AI For Finance","CDU Batch-1 - S-012","Coding Practice","2026-07-09","46","60","76.7"
"AI For Finance","CDU Batch-1 - S-012","MCQ Practice","2026-07-06","35","60","58.3"
"AI For Finance","CDU Batch-1 - S-012","Introduction to LLM Observability","2026-07-03","45","60","75"
"AI For Finance","CDU Batch-1 - S-012","MCQ Practice","2026-07-03","45","60","75"
"AI For Finance","CDU Batch-1 - S-012","MCQ Practice","2026-07-02","0","60","0"
"AI For Finance","CDU Batch-1 - S-012","Coding Practice","2026-07-01","76","120","63.3"
"AI For Finance","CDU Batch-1 - S-012","Coding Practice","2026-06-29","50","60","83.3"
"AI For Finance","CDU Batch-1 - S-012","MCQ Practice","2026-06-29","47","60","78.3"
"AI For Finance","CDU Batch-1 - S-012","MCQ Practice","2026-06-27","0","60","0"
"AI For Finance","CDU Batch-1 - S-012","Building a Trading Agent | Part 2","2026-06-25","47","60","78.3"
"AI For Finance","CDU Batch-1 - S-012","MCQ Practice","2026-06-25","53","60","88.3"
"AI For Finance","CDU Batch-1 - S-012","Building a Trading Agent | Part 1","2026-06-24","45","60","75"
"AI For Finance","CDU Batch-1 - S-012","Enhancing Productivity with AI","2026-06-23","41","60","68.3"
"AI For Finance","CDU Batch-1 - S-012","Introduction to RAG Evaluation","2026-06-19","37","60","61.7"
"AI For Finance","CDU Batch-1 - S-012","MCQ Practice","2026-06-19","22","60","36.7"
"AI For Finance","CDU Batch-1 - S-012","MCQ Practice","2026-06-18","26","60","43.3"
"AI For Finance","CDU Batch-1 - S-012","Building Personal Finance Advisor","2026-06-17","11","60","18.3"
"AI For Finance","CDU Batch-1 - S-012","Building Personal Finance Advisor","2026-06-16","26","60","43.3"
"AI For Finance","CDU Batch-1 - S-012","Introduction to AI For Finance","2026-06-13","11","60","18.3"
"AI For Finance","CDU Batch-1 - S-012","MCQ Practice","2026-06-13","3","60","5"
"AI For Finance","CDU Batch-1 - S-012","Your Learning Journey","2026-06-12","0","60","0"
"AI For Finance","CDU Batch-1 - S-013","Evaluating the Financial Fraud Detection Model","2026-08-20","36","60","60"
"AI For Finance","CDU Batch-1 - S-013","MCQ Practice","2026-08-20","38","60","63.3"
"AI For Finance","CDU Batch-1 - S-013","Evaluating the Financial Fraud Detection Model","2026-08-19","26","60","43.3"
"AI For Finance","CDU Batch-1 - S-013","Module Quiz--2","2026-08-01","30","60","50"
"AI For Finance","CDU Batch-1 - S-013","Coding Practice","2026-07-31","44","60","73.3"
"AI For Finance","CDU Batch-1 - S-013","Coding Practice","2026-07-30","51","60","85"
"AI For Finance","CDU Batch-1 - S-013","Coding Practice","2026-07-29","49","60","81.7"
"AI For Finance","CDU Batch-1 - S-013","Building a Financial Fraud Detection Model | Part 2","2026-07-28","49","60","81.7"
"AI For Finance","CDU Batch-1 - S-013","MCQ Practice","2026-07-28","44","60","73.3"
"AI For Finance","CDU Batch-1 - S-013","Building a Financial Fraud Detection Model | Part 2","2026-07-27","40","60","66.7"
"AI For Finance","CDU Batch-1 - S-013","Coding Practice","2026-07-23","53","60","88.3"
"AI For Finance","CDU Batch-1 - S-013","MCQ Practice","2026-07-22","45","60","75"
"AI For Finance","CDU Batch-1 - S-013","MCQ Practice","2026-07-21","47","60","78.3"
"AI For Finance","CDU Batch-1 - S-013","Building a Financial Fraud Detection Model | Part 1","2026-07-18","47","60","78.3"
"AI For Finance","CDU Batch-1 - S-013","Coding Practice","2026-07-18","43","60","71.7"
"AI For Finance","CDU Batch-1 - S-013","Building a Financial Fraud Detection Model | Part 1","2026-07-17","36","60","60"
"AI For Finance","CDU Batch-1 - S-013","Coding Practice","2026-07-17","44","60","73.3"
"AI For Finance","CDU Batch-1 - S-013","Integrating Langsmith with the trading Agent","2026-07-16","44","60","73.3"
"AI For Finance","CDU Batch-1 - S-013","MCQ Practice","2026-07-14","43","60","71.7"
"AI For Finance","CDU Batch-1 - S-013","Module Quiz--1","2026-07-14","43","60","71.7"
"AI For Finance","CDU Batch-1 - S-013","Integrating Langsmith with the trading Agent","2026-07-13","41","60","68.3"
"AI For Finance","CDU Batch-1 - S-013","Coding Practice","2026-07-11","40","60","66.7"
"AI For Finance","CDU Batch-1 - S-013","Introduction to LLM Observability","2026-07-09","51","60","85"
"AI For Finance","CDU Batch-1 - S-013","MCQ Practice","2026-07-09","52","60","86.7"
"AI For Finance","CDU Batch-1 - S-013","Building a Trading Agent | Part 1","2026-07-08","51","60","85"
"AI For Finance","CDU Batch-1 - S-013","Building a Trading Agent | Part 2","2026-07-06","50","60","83.3"
"AI For Finance","CDU Batch-1 - S-013","Building a Trading Agent | Part 1","2026-07-03","39","60","65"
"AI For Finance","CDU Batch-1 - S-013","Coding Practice","2026-07-03","39","60","65"
"AI For Finance","CDU Batch-1 - S-013","MCQ Practice","2026-07-03","39","60","65"
"AI For Finance","CDU Batch-1 - S-013","MCQ Practice","2026-07-01","34","60","56.7"
"AI For Finance","CDU Batch-1 - S-013","Building a Trading Agent | Part 1","2026-06-29","46","60","76.7"
"AI For Finance","CDU Batch-1 - S-013","Enhancing Productivity with AI","2026-06-25","49","60","81.7"
"AI For Finance","CDU Batch-1 - S-013","MCQ Practice","2026-06-25","49","60","81.7"
"AI For Finance","CDU Batch-1 - S-013","MCQ Practice","2026-06-24","37","60","61.7"
"AI For Finance","CDU Batch-1 - S-013","Enhancing Productivity with AI","2026-06-23","43","60","71.7"
"AI For Finance","CDU Batch-1 - S-013","Enhancing Productivity with AI","2026-06-22","49","60","81.7"
"AI For Finance","CDU Batch-1 - S-013","MCQ Practice","2026-06-22","42","60","70"
"AI For Finance","CDU Batch-1 - S-013","MCQ Practice","2026-06-20","33","120","27.5"
"AI For Finance","CDU Batch-1 - S-013","Building Personal Finance Advisor","2026-06-18","45","60","75"
"AI For Finance","CDU Batch-1 - S-013","Building Personal Finance Advisor","2026-06-16","38","60","63.3"
"AI For Finance","CDU Batch-1 - S-013","Introduction to AI For Finance","2026-06-13","12","60","20"
"AI For Finance","CDU Batch-1 - S-013","Your Learning Journey","2026-06-12","13","60","21.7"
"AI For Finance","CDU Batch-1 - S-014","Evaluating the Financial Fraud Detection Model","2026-08-20","35","60","58.3"
"AI For Finance","CDU Batch-1 - S-014","MCQ Practice","2026-08-04","47","60","78.3"
"AI For Finance","CDU Batch-1 - S-014","Coding Practice","2026-08-01","41","60","68.3"
"AI For Finance","CDU Batch-1 - S-014","Module Quiz--2","2026-08-01","20","60","33.3"
"AI For Finance","CDU Batch-1 - S-014","MCQ Practice","2026-07-31","43","60","71.7"
"AI For Finance","CDU Batch-1 - S-014","MCQ Practice","2026-07-30","39","60","65"
"AI For Finance","CDU Batch-1 - S-014","Building a Financial Fraud Detection Model | Part 2","2026-07-29","46","60","76.7"
"AI For Finance","CDU Batch-1 - S-014","MCQ Practice","2026-07-28","83","120","69.2"
"AI For Finance","CDU Batch-1 - S-014","Coding Practice","2026-07-27","74","120","61.7"
"AI For Finance","CDU Batch-1 - S-014","MCQ Practice","2026-07-23","50","60","83.3"
"AI For Finance","CDU Batch-1 - S-014","Building a Financial Fraud Detection Model | Part 1","2026-07-22","47","60","78.3"
"AI For Finance","CDU Batch-1 - S-014","Building a Financial Fraud Detection Model | Part 1","2026-07-21","45","60","75"
"AI For Finance","CDU Batch-1 - S-014","Coding Practice","2026-07-20","43","60","71.7"
"AI For Finance","CDU Batch-1 - S-014","Coding Practice","2026-07-17","49","60","81.7"
"AI For Finance","CDU Batch-1 - S-014","MCQ Practice","2026-07-15","102","120","85"
"AI For Finance","CDU Batch-1 - S-014","Integrating Langsmith with the trading Agent","2026-07-14","45","60","75"
"AI For Finance","CDU Batch-1 - S-014","Module Quiz--1","2026-07-14","39","60","65"
"AI For Finance","CDU Batch-1 - S-014","Coding Practice","2026-07-11","39","60","65"
"AI For Finance","CDU Batch-1 - S-014","Introduction to LLM Observability","2026-07-09","0","60","0"
"AI For Finance","CDU Batch-1 - S-014","Introduction to LLM Observability","2026-07-07","45","60","75"
"AI For Finance","CDU Batch-1 - S-014","Building a Trading Agent | Part 2","2026-07-06","15","60","25"
"AI For Finance","CDU Batch-1 - S-014","Building a Trading Agent | Part 2","2026-07-03","39","60","65"
"AI For Finance","CDU Batch-1 - S-014","Building a Trading Agent | Part 1","2026-07-01","37","60","61.7"
"AI For Finance","CDU Batch-1 - S-014","Coding Practice","2026-07-01","35","60","58.3"
"AI For Finance","CDU Batch-1 - S-014","MCQ Practice","2026-07-01","32","60","53.3"
"AI For Finance","CDU Batch-1 - S-014","Building a Trading Agent | Part 1","2026-06-29","42","60","70"
"AI For Finance","CDU Batch-1 - S-014","MCQ Practice","2026-06-29","41","60","68.3"
"AI For Finance","CDU Batch-1 - S-014","Enhancing Productivity with AI","2026-06-25","47","60","78.3"
"AI For Finance","CDU Batch-1 - S-014","MCQ Practice","2026-06-25","50","60","83.3"
"AI For Finance","CDU Batch-1 - S-014","Enhancing Productivity with AI","2026-06-23","40","60","66.7"
"AI For Finance","CDU Batch-1 - S-014","Introduction to RAG Evaluation","2026-06-19","47","60","78.3"
"AI For Finance","CDU Batch-1 - S-014","Building Personal Finance Advisor","2026-06-17","45","60","75"
"AI For Finance","CDU Batch-1 - S-014","Building Personal Finance Advisor","2026-06-15","9","60","15"
"AI For Finance","CDU Batch-1 - S-014","MCQ Practice","2026-06-13","8","60","13.3"
"AI For Finance","CDU Batch-1 - S-014","MCQ Practice","2026-06-12","6","60","10"
"AI For Finance","CDU Batch-1 - S-014","MCQ Practice","2026-06-11","0","60","0"
"AI For Finance","CDU Batch-1 - S-014","Your Learning Journey","2026-06-11","0","60","0"
"AI For Finance","CDU Batch-1 - S-015","Evaluating the Financial Fraud Detection Model","2026-08-22","0","60","0"
"AI For Finance","CDU Batch-1 - S-015","Building a Financial Fraud Detection Model | Part 2","2026-08-19","45","60","75"
"AI For Finance","CDU Batch-1 - S-015","Coding Practice","2026-08-19","45","60","75"
"AI For Finance","CDU Batch-1 - S-015","MCQ Practice","2026-08-04","39","60","65"
"AI For Finance","CDU Batch-1 - S-015","Module Quiz--2","2026-08-01","32","60","53.3"
"AI For Finance","CDU Batch-1 - S-015","MCQ Practice","2026-07-31","41","60","68.3"
"AI For Finance","CDU Batch-1 - S-015","MCQ Practice","2026-07-30","45","60","75"
"AI For Finance","CDU Batch-1 - S-015","Coding Practice","2026-07-27","51","60","85"
"AI For Finance","CDU Batch-1 - S-015","MCQ Practice","2026-07-22","42","60","70"
"AI For Finance","CDU Batch-1 - S-015","Building a Financial Fraud Detection Model | Part 1","2026-07-21","45","60","75"
"AI For Finance","CDU Batch-1 - S-015","Building a Financial Fraud Detection Model | Part 1","2026-07-20","44","60","73.3"
"AI For Finance","CDU Batch-1 - S-015","Coding Practice","2026-07-18","34","60","56.7"
"AI For Finance","CDU Batch-1 - S-015","MCQ Practice","2026-07-17","48","60","80"
"AI For Finance","CDU Batch-1 - S-015","Coding Practice","2026-07-16","48","60","80"
"AI For Finance","CDU Batch-1 - S-015","Coding Practice","2026-07-14","35","60","58.3"
"AI For Finance","CDU Batch-1 - S-015","Integrating Langsmith with the trading Agent","2026-07-14","52","60","86.7"
"AI For Finance","CDU Batch-1 - S-015","MCQ Practice","2026-07-14","51","60","85"
"AI For Finance","CDU Batch-1 - S-015","Module Quiz--1","2026-07-14","51","60","85"
"AI For Finance","CDU Batch-1 - S-015","Coding Practice","2026-07-13","51","60","85"
"AI For Finance","CDU Batch-1 - S-015","Integrating Langsmith with the trading Agent","2026-07-13","51","60","85"
"AI For Finance","CDU Batch-1 - S-015","MCQ Practice","2026-07-11","29","60","48.3"
"AI For Finance","CDU Batch-1 - S-015","Introduction to LLM Observability","2026-07-08","48","60","80"
"AI For Finance","CDU Batch-1 - S-015","Introduction to RAG Evaluation","2026-07-06","48","60","80"
"AI For Finance","CDU Batch-1 - S-015","Building a Trading Agent | Part 2","2026-07-03","44","60","73.3"
"AI For Finance","CDU Batch-1 - S-015","Coding Practice","2026-07-01","45","60","75"
"AI For Finance","CDU Batch-1 - S-015","MCQ Practice","2026-07-01","44","60","73.3"
"AI For Finance","CDU Batch-1 - S-015","Building a Trading Agent | Part 1","2026-06-29","46","60","76.7"
"AI For Finance","CDU Batch-1 - S-015","Building a Trading Agent | Part 1","2026-06-27","33","60","55"
"AI For Finance","CDU Batch-1 - S-015","Enhancing Productivity with AI","2026-06-25","46","60","76.7"
"AI For Finance","CDU Batch-1 - S-015","Enhancing Productivity with AI","2026-06-23","44","60","73.3"
"AI For Finance","CDU Batch-1 - S-015","MCQ Practice","2026-06-23","43","60","71.7"
"AI For Finance","CDU Batch-1 - S-015","Introduction to RAG Evaluation","2026-06-22","42","60","70"
"AI For Finance","CDU Batch-1 - S-015","MCQ Practice","2026-06-22","41","60","68.3"
"AI For Finance","CDU Batch-1 - S-015","Enhancing Productivity with AI","2026-06-20","43","60","71.7"
"AI For Finance","CDU Batch-1 - S-015","MCQ Practice","2026-06-20","44","60","73.3"
"AI For Finance","CDU Batch-1 - S-015","Building Personal Finance Advisor","2026-06-18","49","60","81.7"
"AI For Finance","CDU Batch-1 - S-015","MCQ Practice","2026-06-18","47","60","78.3"
"AI For Finance","CDU Batch-1 - S-015","Introduction to RAG Evaluation","2026-06-17","18","60","30"
"AI For Finance","CDU Batch-1 - S-015","Building Personal Finance Advisor","2026-06-15","10","60","16.7"
"AI For Finance","CDU Batch-1 - S-015","Your Learning Journey","2026-06-11","0","60","0"
"AI For Finance","CDU Batch-1 - S-016","Evaluating the Financial Fraud Detection Model","2026-08-22","0","76","0"
"AI For Finance","CDU Batch-1 - S-016","MCQ Practice","2026-08-22","27","76","35.5"
"AI For Finance","CDU Batch-1 - S-016","Building a Financial Fraud Detection Model | Part 2","2026-08-19","52","76","68.4"
"AI For Finance","CDU Batch-1 - S-016","Coding Practice","2026-08-04","44","76","57.9"
"AI For Finance","CDU Batch-1 - S-016","MCQ Practice","2026-08-04","101","152","66.4"
"AI For Finance","CDU Batch-1 - S-016","Module Quiz--2","2026-08-01","33","76","43.4"
"AI For Finance","CDU Batch-1 - S-016","Coding Practice","2026-07-31","45","76","59.2"
"AI For Finance","CDU Batch-1 - S-016","MCQ Practice","2026-07-30","58","76","76.3"
"AI For Finance","CDU Batch-1 - S-016","Coding Practice","2026-07-23","60","76","78.9"
"AI For Finance","CDU Batch-1 - S-016","MCQ Practice","2026-07-22","53","76","69.7"
"AI For Finance","CDU Batch-1 - S-016","Building a Financial Fraud Detection Model | Part 1","2026-07-21","66","76","86.8"
"AI For Finance","CDU Batch-1 - S-016","Building a Financial Fraud Detection Model | Part 1","2026-07-20","54","76","71.1"
"AI For Finance","CDU Batch-1 - S-016","Coding Practice","2026-07-20","47","76","61.8"
"AI For Finance","CDU Batch-1 - S-016","Coding Practice","2026-07-18","43","76","56.6"
"AI For Finance","CDU Batch-1 - S-016","MCQ Practice","2026-07-16","61","76","80.3"
"AI For Finance","CDU Batch-1 - S-016","Coding Practice","2026-07-15","58","76","76.3"
"AI For Finance","CDU Batch-1 - S-016","MCQ Practice","2026-07-15","44","76","57.9"
"AI For Finance","CDU Batch-1 - S-016","Integrating Langsmith with the trading Agent","2026-07-14","57","76","75"
"AI For Finance","CDU Batch-1 - S-016","Module Quiz--1","2026-07-14","51","76","67.1"
"AI For Finance","CDU Batch-1 - S-016","Coding Practice","2026-07-13","62","76","81.6"
"AI For Finance","CDU Batch-1 - S-016","Integrating Langsmith with the trading Agent","2026-07-13","44","76","57.9"
"AI For Finance","CDU Batch-1 - S-016","MCQ Practice","2026-07-13","63","76","82.9"
"AI For Finance","CDU Batch-1 - S-016","Introduction to LLM Observability","2026-07-09","60","76","78.9"
"AI For Finance","CDU Batch-1 - S-016","Building a Trading Agent | Part 2","2026-07-07","46","76","60.5"
"AI For Finance","CDU Batch-1 - S-016","Coding Practice","2026-07-03","58","76","76.3"
"AI For Finance","CDU Batch-1 - S-016","Building a Trading Agent | Part 1","2026-06-29","47","76","61.8"
"AI For Finance","CDU Batch-1 - S-016","MCQ Practice","2026-06-29","49","76","64.5"
"AI For Finance","CDU Batch-1 - S-016","Building a Trading Agent | Part 1","2026-06-27","38","76","50"
"AI For Finance","CDU Batch-1 - S-016","MCQ Practice","2026-06-27","42","76","55.3"
"AI For Finance","CDU Batch-1 - S-016","MCQ Practice","2026-06-25","47","76","61.8"
"AI For Finance","CDU Batch-1 - S-016","Enhancing Productivity with AI","2026-06-24","58","76","76.3"
"AI For Finance","CDU Batch-1 - S-016","Enhancing Productivity with AI","2026-06-23","40","76","52.6"
"AI For Finance","CDU Batch-1 - S-016","Enhancing Productivity with AI","2026-06-22","46","76","60.5"
"AI For Finance","CDU Batch-1 - S-016","MCQ Practice","2026-06-22","50","76","65.8"
"AI For Finance","CDU Batch-1 - S-016","Enhancing Productivity with AI","2026-06-20","38","76","50"
"AI For Finance","CDU Batch-1 - S-016","Introduction to RAG Evaluation","2026-06-18","19","76","25"
"AI For Finance","CDU Batch-1 - S-016","Introduction to RAG Evaluation","2026-06-16","4","76","5.3"
"AI For Finance","CDU Batch-1 - S-016","Building Personal Finance Advisor","2026-06-15","8","76","10.5"
"AI For Finance","CDU Batch-1 - S-016","Introduction to AI For Finance","2026-06-13","8","76","10.5"
"AI For Finance","CDU Batch-1 - S-016","Your Learning Journey","2026-06-11","0","76","0"
"AI For Finance","CDU Batch-1 - S-017","Evaluating the Financial Fraud Detection Model","2026-08-20","30","60","50"
"AI For Finance","CDU Batch-1 - S-017","MCQ Practice","2026-08-20","18","60","30"
"AI For Finance","CDU Batch-1 - S-017","Coding Practice","2026-08-19","6","60","10"
"AI For Finance","CDU Batch-1 - S-017","Module Quiz--2","2026-08-01","27","60","45"
"AI For Finance","CDU Batch-1 - S-017","Coding Practice","2026-07-31","28","60","46.7"
"AI For Finance","CDU Batch-1 - S-017","Building a Financial Fraud Detection Model | Part 2","2026-07-29","41","60","68.3"
"AI For Finance","CDU Batch-1 - S-017","Building a Financial Fraud Detection Model | Part 2","2026-07-28","37","60","61.7"
"AI For Finance","CDU Batch-1 - S-017","MCQ Practice","2026-07-28","37","60","61.7"
"AI For Finance","CDU Batch-1 - S-017","Coding Practice","2026-07-27","44","60","73.3"
"AI For Finance","CDU Batch-1 - S-017","Building a Financial Fraud Detection Model | Part 1","2026-07-23","45","60","75"
"AI For Finance","CDU Batch-1 - S-017","MCQ Practice","2026-07-23","20","60","33.3"
"AI For Finance","CDU Batch-1 - S-017","Building a Financial Fraud Detection Model | Part 1","2026-07-22","41","60","68.3"
"AI For Finance","CDU Batch-1 - S-017","Coding Practice","2026-07-22","47","60","78.3"
"AI For Finance","CDU Batch-1 - S-017","MCQ Practice","2026-07-22","30","60","50"
"AI For Finance","CDU Batch-1 - S-017","MCQ Practice","2026-07-21","45","60","75"
"AI For Finance","CDU Batch-1 - S-017","MCQ Practice","2026-07-20","29","60","48.3"
"AI For Finance","CDU Batch-1 - S-017","Coding Practice","2026-07-18","40","60","66.7"
"AI For Finance","CDU Batch-1 - S-017","MCQ Practice","2026-07-18","34","60","56.7"
"AI For Finance","CDU Batch-1 - S-017","MCQ Practice","2026-07-15","43","60","71.7"
"AI For Finance","CDU Batch-1 - S-017","Module Quiz--1","2026-07-14","45","60","75"
"AI For Finance","CDU Batch-1 - S-017","Coding Practice","2026-07-13","43","60","71.7"
"AI For Finance","CDU Batch-1 - S-017","Integrating Langsmith with the trading Agent","2026-07-13","49","60","81.7"
"AI For Finance","CDU Batch-1 - S-017","Introduction to LLM Observability","2026-07-09","59","60","98.3"
"AI For Finance","CDU Batch-1 - S-017","MCQ Practice","2026-07-09","45","60","75"
"AI For Finance","CDU Batch-1 - S-017","Introduction to LLM Observability","2026-07-07","27","60","45"
"AI For Finance","CDU Batch-1 - S-017","Building a Trading Agent | Part 2","2026-07-06","20","60","33.3"
"AI For Finance","CDU Batch-1 - S-017","Building a Trading Agent | Part 1","2026-07-02","41","60","68.3"
"AI For Finance","CDU Batch-1 - S-017","Coding Practice","2026-07-02","36","60","60"
"AI For Finance","CDU Batch-1 - S-017","MCQ Practice","2026-07-02","36","60","60"
"AI For Finance","CDU Batch-1 - S-017","Building a Trading Agent | Part 1","2026-06-24","37","60","61.7"
"AI For Finance","CDU Batch-1 - S-017","Enhancing Productivity with AI","2026-06-19","10","60","16.7"
"AI For Finance","CDU Batch-1 - S-017","MCQ Practice","2026-06-19","10","60","16.7"
"AI For Finance","CDU Batch-1 - S-017","Introduction to RAG Evaluation","2026-06-17","5","60","8.3"
"AI For Finance","CDU Batch-1 - S-017","Building Personal Finance Advisor","2026-06-16","2","60","3.3"
"AI For Finance","CDU Batch-1 - S-017","Building Personal Finance Advisor","2026-06-15","0","60","0"
"AI For Finance","CDU Batch-1 - S-018","Evaluating the Financial Fraud Detection Model","2026-08-22","23","60","38.3"
"AI For Finance","CDU Batch-1 - S-018","MCQ Practice","2026-08-19","28","60","46.7"
"AI For Finance","CDU Batch-1 - S-018","Coding Practice","2026-08-08","18","60","30"
"AI For Finance","CDU Batch-1 - S-018","Coding Practice","2026-08-04","42","60","70"
"AI For Finance","CDU Batch-1 - S-018","Coding Practice","2026-08-03","36","60","60"
"AI For Finance","CDU Batch-1 - S-018","Module Quiz--2","2026-08-01","24","60","40"
"AI For Finance","CDU Batch-1 - S-018","MCQ Practice","2026-07-31","37","60","61.7"
"AI For Finance","CDU Batch-1 - S-018","Coding Practice","2026-07-30","42","60","70"
"AI For Finance","CDU Batch-1 - S-018","Building a Financial Fraud Detection Model | Part 2","2026-07-29","33","60","55"
"AI For Finance","CDU Batch-1 - S-018","Building a Financial Fraud Detection Model | Part 2","2026-07-28","31","60","51.7"
"AI For Finance","CDU Batch-1 - S-018","Coding Practice","2026-07-27","39","60","65"
"AI For Finance","CDU Batch-1 - S-018","MCQ Practice","2026-07-27","29","60","48.3"
"AI For Finance","CDU Batch-1 - S-018","Coding Practice","2026-07-23","44","60","73.3"
"AI For Finance","CDU Batch-1 - S-018","Coding Practice","2026-07-22","37","60","61.7"
"AI For Finance","CDU Batch-1 - S-018","MCQ Practice","2026-07-21","43","60","71.7"
"AI For Finance","CDU Batch-1 - S-018","Building a Financial Fraud Detection Model | Part 1","2026-07-20","40","60","66.7"
"AI For Finance","CDU Batch-1 - S-018","Coding Practice","2026-07-17","48","60","80"
"AI For Finance","CDU Batch-1 - S-018","Coding Practice","2026-07-16","48","60","80"
"AI For Finance","CDU Batch-1 - S-018","Integrating Langsmith with the trading Agent","2026-07-16","38","60","63.3"
"AI For Finance","CDU Batch-1 - S-018","MCQ Practice","2026-07-14","32","60","53.3"
"AI For Finance","CDU Batch-1 - S-018","Module Quiz--1","2026-07-14","32","60","53.3"
"AI For Finance","CDU Batch-1 - S-018","Coding Practice","2026-07-11","31","60","51.7"
"AI For Finance","CDU Batch-1 - S-018","Introduction to LLM Observability","2026-07-08","49","60","81.7"
"AI For Finance","CDU Batch-1 - S-018","MCQ Practice","2026-07-08","39","60","65"
"AI For Finance","CDU Batch-1 - S-018","Building a Trading Agent | Part 2","2026-07-07","22","60","36.7"
"AI For Finance","CDU Batch-1 - S-018","Coding Practice","2026-07-06","38","60","63.3"
"AI For Finance","CDU Batch-1 - S-018","MCQ Practice","2026-07-06","37","60","61.7"
"AI For Finance","CDU Batch-1 - S-018","Building a Trading Agent | Part 1","2026-07-03","40","60","66.7"
"AI For Finance","CDU Batch-1 - S-018","Building a Trading Agent | Part 2","2026-06-29","25","60","41.7"
"AI For Finance","CDU Batch-1 - S-018","MCQ Practice","2026-06-29","1","60","1.7"
"AI For Finance","CDU Batch-1 - S-018","Building a Trading Agent | Part 1","2026-06-27","15","60","25"
"AI For Finance","CDU Batch-1 - S-018","Building a Trading Agent | Part 1","2026-06-24","12","60","20"
"AI For Finance","CDU Batch-1 - S-018","MCQ Practice","2026-06-23","6","60","10"
"AI For Finance","CDU Batch-1 - S-018","MCQ Practice","2026-06-22","4","60","6.7"
"AI For Finance","CDU Batch-1 - S-018","Enhancing Productivity with AI","2026-06-19","3","60","5"
"AI For Finance","CDU Batch-1 - S-018","Introduction to RAG Evaluation","2026-06-18","4","60","6.7"
"AI For Finance","CDU Batch-1 - S-018","Introduction to AI For Finance","2026-06-13","1","60","1.7"
"AI For Finance","CDU Batch-1 - S-018","MCQ Practice","2026-06-13","1","60","1.7"
"AI For Finance","CDU Batch-1 - S-018","Your Learning Journey","2026-06-12","0","60","0"
"AI For Finance","CDU Batch-1 - S-019","Building a Financial Fraud Detection Model | Part 1","2026-08-20","17","39","43.6"
"AI For Finance","CDU Batch-1 - S-019","Coding Practice","2026-08-08","10","39","25.6"
"AI For Finance","CDU Batch-1 - S-019","Coding Practice","2026-08-04","26","39","66.7"
"AI For Finance","CDU Batch-1 - S-019","MCQ Practice","2026-08-04","19","39","48.7"
"AI For Finance","CDU Batch-1 - S-019","MCQ Practice","2026-08-03","24","39","61.5"
"AI For Finance","CDU Batch-1 - S-019","Module Quiz--2","2026-08-01","11","39","28.2"
"AI For Finance","CDU Batch-1 - S-019","Coding Practice","2026-07-31","17","39","43.6"
"AI For Finance","CDU Batch-1 - S-019","Building a Financial Fraud Detection Model | Part 1","2026-07-30","23","39","59"
"AI For Finance","CDU Batch-1 - S-019","Coding Practice","2026-07-29","23","39","59"
"AI For Finance","CDU Batch-1 - S-019","Coding Practice","2026-07-28","20","39","51.3"
"AI For Finance","CDU Batch-1 - S-019","Integrating Langsmith with the trading Agent","2026-07-28","24","39","61.5"
"AI For Finance","CDU Batch-1 - S-019","Coding Practice","2026-07-27","15","39","38.5"
"AI For Finance","CDU Batch-1 - S-019","Coding Practice","2026-07-23","23","39","59"
"AI For Finance","CDU Batch-1 - S-019","Introduction to LLM Observability","2026-07-23","16","39","41"
"AI For Finance","CDU Batch-1 - S-019","MCQ Practice","2026-07-23","23","39","59"
"AI For Finance","CDU Batch-1 - S-019","MCQ Practice","2026-07-22","56","117","47.9"
"AI For Finance","CDU Batch-1 - S-019","Coding Practice","2026-07-21","14","39","35.9"
"AI For Finance","CDU Batch-1 - S-019","Coding Practice","2026-07-20","21","39","53.8"
"AI For Finance","CDU Batch-1 - S-019","Building a Trading Agent | Part 2","2026-07-16","18","39","46.2"
"AI For Finance","CDU Batch-1 - S-019","Building a Trading Agent | Part 2","2026-07-15","20","39","51.3"
"AI For Finance","CDU Batch-1 - S-019","Module Quiz--1","2026-07-14","14","39","35.9"
"AI For Finance","CDU Batch-1 - S-019","Coding Practice","2026-07-13","15","39","38.5"
"AI For Finance","CDU Batch-1 - S-019","MCQ Practice","2026-07-08","8","39","20.5"
"AI For Finance","CDU Batch-1 - S-019","Coding Practice","2026-07-07","7","39","17.9"
"AI For Finance","CDU Batch-1 - S-019","Building a Trading Agent | Part 1","2026-07-02","1","39","2.6"
"AI For Finance","CDU Batch-1 - S-019","MCQ Practice","2026-06-29","0","39","0"
"AI For Finance","CDU Batch-1 - S-019","MCQ Practice","2026-06-24","0","39","0"
"AI For Finance","CDU Batch-1 - S-019","Introduction to RAG Evaluation","2026-06-23","0","39","0"
"AI For Finance","CDU Batch-1 - S-019","MCQ Practice","2026-06-23","0","39","0"
"AI For Finance","CDU Batch-1 - S-019","Introduction to RAG Evaluation","2026-06-18","1","39","2.6"
"AI For Finance","CDU Batch-1 - S-019","MCQ Practice","2026-06-18","1","39","2.6"
"AI For Finance","CDU Batch-1 - S-019","Building Personal Finance Advisor","2026-06-16","0","39","0"
"AI For Finance","CDU Batch-1 - S-019","MCQ Practice","2026-06-13","1","39","2.6"
"AI For Finance","CDU Batch-1 - S-019","Introduction to AI For Finance","2026-06-12","2","39","5.1"
"AI For Finance","CDU Batch-1 - S-019","Your Learning Journey","2026-06-11","0","39","0"
"AI For Finance","CDU Batch-1 - S-020","Evaluating the Financial Fraud Detection Model","2026-08-20","25","47","53.2"
"AI For Finance","CDU Batch-1 - S-020","Coding Practice","2026-08-08","13","47","27.7"
"AI For Finance","CDU Batch-1 - S-020","Module Quiz--2","2026-08-01","23","47","48.9"
"AI For Finance","CDU Batch-1 - S-020","Coding Practice","2026-07-31","32","47","68.1"
"AI For Finance","CDU Batch-1 - S-020","Building a Financial Fraud Detection Model | Part 2","2026-07-29","21","47","44.7"
"AI For Finance","CDU Batch-1 - S-020","Building a Financial Fraud Detection Model | Part 2","2026-07-28","32","47","68.1"
"AI For Finance","CDU Batch-1 - S-020","MCQ Practice","2026-07-28","28","47","59.6"
"AI For Finance","CDU Batch-1 - S-020","Building a Financial Fraud Detection Model | Part 2","2026-07-27","34","47","72.3"
"AI For Finance","CDU Batch-1 - S-020","Coding Practice","2026-07-27","29","47","61.7"
"AI For Finance","CDU Batch-1 - S-020","MCQ Practice","2026-07-27","28","47","59.6"
"AI For Finance","CDU Batch-1 - S-020","Coding Practice","2026-07-23","36","47","76.6"
"AI For Finance","CDU Batch-1 - S-020","Coding Practice","2026-07-22","70","94","74.5"
"AI For Finance","CDU Batch-1 - S-020","MCQ Practice","2026-07-21","47","94","50"
"AI For Finance","CDU Batch-1 - S-020","Building a Financial Fraud Detection Model | Part 1","2026-07-20","26","47","55.3"
"AI For Finance","CDU Batch-1 - S-020","Coding Practice","2026-07-18","26","47","55.3"
"AI For Finance","CDU Batch-1 - S-020","Coding Practice","2026-07-17","34","47","72.3"
"AI For Finance","CDU Batch-1 - S-020","MCQ Practice","2026-07-17","34","47","72.3"
"AI For Finance","CDU Batch-1 - S-020","Integrating Langsmith with the trading Agent","2026-07-16","28","47","59.6"
"AI For Finance","CDU Batch-1 - S-020","MCQ Practice","2026-07-15","25","47","53.2"
"AI For Finance","CDU Batch-1 - S-020","Module Quiz--1","2026-07-14","20","47","42.6"
"AI For Finance","CDU Batch-1 - S-020","MCQ Practice","2026-07-13","31","47","66"
"AI For Finance","CDU Batch-1 - S-020","Introduction to LLM Observability","2026-07-11","21","47","44.7"
"AI For Finance","CDU Batch-1 - S-020","Building a Trading Agent | Part 2","2026-07-08","36","47","76.6"
"AI For Finance","CDU Batch-1 - S-020","Coding Practice","2026-07-06","26","47","55.3"
"AI For Finance","CDU Batch-1 - S-020","Coding Practice","2026-07-03","25","47","53.2"
"AI For Finance","CDU Batch-1 - S-020","MCQ Practice","2026-07-03","25","47","53.2"
"AI For Finance","CDU Batch-1 - S-020","Coding Practice","2026-07-02","31","47","66"
"AI For Finance","CDU Batch-1 - S-020","Building a Trading Agent | Part 1","2026-06-24","10","47","21.3"
"AI For Finance","CDU Batch-1 - S-020","MCQ Practice","2026-06-24","6","47","12.8"
"AI For Finance","CDU Batch-1 - S-020","Enhancing Productivity with AI","2026-06-19","6","47","12.8"
"AI For Finance","CDU Batch-1 - S-020","MCQ Practice","2026-06-19","6","47","12.8"
"AI For Finance","CDU Batch-1 - S-020","Introduction to RAG Evaluation","2026-06-17","4","47","8.5"
"AI For Finance","CDU Batch-1 - S-020","Building Personal Finance Advisor","2026-06-16","2","47","4.3"
"AI For Finance","CDU Batch-1 - S-020","Introduction to AI For Finance","2026-06-13","2","47","4.3"
"AI For Finance","CDU Batch-1 - S-020","MCQ Practice","2026-06-13","2","47","4.3"
"AI For Finance","CDU Batch-1 - S-020","MCQ Practice","2026-06-11","2","47","4.3"
"AI For Finance","CDU Batch-1 - S-020","Your Learning Journey","2026-06-11","2","47","4.3"
"Design and Analysis of Algorithms","CDU Batch-1 - S-001","MCQ Practice","2026-08-22","0","64","0"
"Design and Analysis of Algorithms","CDU Batch-1 - S-001","Asteroid Collision","2026-08-20","59","64","92.2"
"Design and Analysis of Algorithms","CDU Batch-1 - S-001","MCQ Practice","2026-08-20","43","64","67.2"
"Design and Analysis of Algorithms","CDU Batch-1 - S-001","Balanced Parenthesis","2026-08-19","51","64","79.7"
"Design and Analysis of Algorithms","CDU Batch-1 - S-001","MCQ Practice","2026-08-19","36","64","56.3"
"Design and Analysis of Algorithms","CDU Batch-1 - S-001","Implement Min Stack","2026-08-08","50","64","78.1"
"Design and Analysis of Algorithms","CDU Batch-1 - S-001","MCQ Practice","2026-08-08","34","64","53.1"
"Design and Analysis of Algorithms","CDU Batch-1 - S-001","Infix, Prefix, and Postfix Notations","2026-08-04","54","64","84.4"
"Design and Analysis of Algorithms","CDU Batch-1 - S-001","Infix, Prefix, and Postfix Notations","2026-08-03","52","64","81.3"
"Design and Analysis of Algorithms","CDU Batch-1 - S-001","Introduction to Monotonic Stacks","2026-08-01","49","64","76.6"
"Design and Analysis of Algorithms","CDU Batch-1 - S-001","MCQ Practice","2026-08-01","35","64","54.7"
"Design and Analysis of Algorithms","CDU Batch-1 - S-001","Introduction to Monotonic Stacks","2026-07-31","56","64","87.5"
"Design and Analysis of Algorithms","CDU Batch-1 - S-001","MCQ Practice","2026-07-31","51","64","79.7"
"Design and Analysis of Algorithms","CDU Batch-1 - S-001","Introduction to Monotonic Stacks","2026-07-30","57","64","89.1"
"Design and Analysis of Algorithms","CDU Batch-1 - S-001","Module Quiz-2","2026-07-30","43","64","67.2"
"Design and Analysis of Algorithms","CDU Batch-1 - S-001","MCQ Practice","2026-07-29","53","64","82.8"
"Design and Analysis of Algorithms","CDU Batch-1 - S-001","Stack Implementation Using Linked List","2026-07-29","57","64","89.1"
"Design and Analysis of Algorithms","CDU Batch-1 - S-001","MCQ Practice","2026-07-28","82","128","64.1"
"Design and Analysis of Algorithms","CDU Batch-1 - S-001","Stack Implementation Using Array","2026-07-28","50","64","78.1"
"Design and Analysis of Algorithms","CDU Batch-1 - S-001","Introduction of Stack","2026-07-27","52","64","81.3"
"Design and Analysis of Algorithms","CDU Batch-1 - S-001","MCQ Practice","2026-07-27","50","64","78.1"
"Design and Analysis of Algorithms","CDU Batch-1 - S-001","Flatten a Linked List","2026-07-23","61","64","95.3"
"Design and Analysis of Algorithms","CDU Batch-1 - S-001","MCQ Practice","2026-07-23","107","128","83.6"
"Design and Analysis of Algorithms","CDU Batch-1 - S-001","Intersection Of Two Linked Lists","2026-07-22","59","64","92.2"
"Design and Analysis of Algorithms","CDU Batch-1 - S-001","MCQ Practice","2026-07-21","18","64","28.1"
"Design and Analysis of Algorithms","CDU Batch-1 - S-001","Merge Two Sorted Linked List","2026-07-21","55","64","85.9"
"Design and Analysis of Algorithms","CDU Batch-1 - S-001","Adding Two Numbers","2026-07-20","62","64","96.9"
"Design and Analysis of Algorithms","CDU Batch-1 - S-001","MCQ Practice","2026-07-20","118","128","92.2"
"Design and Analysis of Algorithms","CDU Batch-1 - S-001","MCQ Practice","2026-07-18","48","64","75"
"Design and Analysis of Algorithms","CDU Batch-1 - S-001","Length of Cycle In Linked List","2026-07-17","56","64","87.5"
"Design and Analysis of Algorithms","CDU Batch-1 - S-001","MCQ Practice","2026-07-17","64","64","100"
"Design and Analysis of Algorithms","CDU Batch-1 - S-001","Cycle Detection In Linked List","2026-07-16","52","64","81.3"
"Design and Analysis of Algorithms","CDU Batch-1 - S-001","Deletion in Doubly Linked List","2026-07-16","48","64","75"
"Design and Analysis of Algorithms","CDU Batch-1 - S-001","MCQ Practice","2026-07-16","50","64","78.1"
"Design and Analysis of Algorithms","CDU Batch-1 - S-001","MCQ Practice","2026-07-15","57","64","89.1"
"Design and Analysis of Algorithms","CDU Batch-1 - S-001","MCQ Practice","2026-07-14","112","128","87.5"
"Design and Analysis of Algorithms","CDU Batch-1 - S-001","Reversing a Linked List","2026-07-14","57","64","89.1"
"Design and Analysis of Algorithms","CDU Batch-1 - S-001","Circular Linked List","2026-07-13","51","64","79.7"
"Design and Analysis of Algorithms","CDU Batch-1 - S-001","MCQ Practice","2026-07-13","52","64","81.3"
"Design and Analysis of Algorithms","CDU Batch-1 - S-001","Circular Linked List","2026-07-09","4","64","6.3"
"Design and Analysis of Algorithms","CDU Batch-1 - S-001","Circular Linked List","2026-07-08","57","64","89.1"
"Design and Analysis of Algorithms","CDU Batch-1 - S-001","MCQ Practice","2026-07-08","59","64","92.2"
"Design and Analysis of Algorithms","CDU Batch-1 - S-001","Deletion in Doubly Linked List","2026-07-07","56","64","87.5"
"Design and Analysis of Algorithms","CDU Batch-1 - S-001","MCQ Practice","2026-07-07","56","64","87.5"
"Design and Analysis of Algorithms","CDU Batch-1 - S-001","Module Quiz-1","2026-07-07","42","64","65.6"
"Design and Analysis of Algorithms","CDU Batch-1 - S-001","Deletion in Linked List","2026-07-06","53","64","82.8"
"Design and Analysis of Algorithms","CDU Batch-1 - S-001","MCQ Practice","2026-07-06","104","128","81.3"
"Design and Analysis of Algorithms","CDU Batch-1 - S-001","Deletion in Linked List","2026-07-03","59","64","92.2"
"Design and Analysis of Algorithms","CDU Batch-1 - S-001","MCQ Practice","2026-07-03","111","128","86.7"
"Design and Analysis of Algorithms","CDU Batch-1 - S-001","Insertion in Doubly Linked List","2026-07-01","51","64","79.7"
"Design and Analysis of Algorithms","CDU Batch-1 - S-001","MCQ Practice","2026-07-01","9","64","14.1"
"Design and Analysis of Algorithms","CDU Batch-1 - S-001","Insertion in Doubly Linked List","2026-06-29","50","64","78.1"
"Design and Analysis of Algorithms","CDU Batch-1 - S-001","Introduction to Doubly Linked List","2026-06-27","33","64","51.6"
"Design and Analysis of Algorithms","CDU Batch-1 - S-001","MCQ Practice","2026-06-27","34","64","53.1"
"Design and Analysis of Algorithms","CDU Batch-1 - S-001","Deletion in Linked List","2026-06-25","54","64","84.4"
"Design and Analysis of Algorithms","CDU Batch-1 - S-001","MCQ Practice","2026-06-25","54","64","84.4"
"Design and Analysis of Algorithms","CDU Batch-1 - S-001","Deletion in Linked List","2026-06-24","55","64","85.9"
"Design and Analysis of Algorithms","CDU Batch-1 - S-001","MCQ Practice","2026-06-24","55","64","85.9"
"Design and Analysis of Algorithms","CDU Batch-1 - S-001","Insertion in Linked List","2026-06-23","55","64","85.9"
"Design and Analysis of Algorithms","CDU Batch-1 - S-001","MCQ Practice","2026-06-23","56","64","87.5"
"Design and Analysis of Algorithms","CDU Batch-1 - S-001","Insertion in Linked List","2026-06-22","49","64","76.6"
"Design and Analysis of Algorithms","CDU Batch-1 - S-001","MCQ Practice","2026-06-22","55","64","85.9"
"Design and Analysis of Algorithms","CDU Batch-1 - S-001","Introduction to Linked List","2026-06-20","43","64","67.2"
"Design and Analysis of Algorithms","CDU Batch-1 - S-001","MCQ Practice","2026-06-20","51","64","79.7"
"Design and Analysis of Algorithms","CDU Batch-1 - S-001","Introduction to Linked List","2026-06-19","49","64","76.6"
"Design and Analysis of Algorithms","CDU Batch-1 - S-001","MCQ Practice","2026-06-19","50","64","78.1"
"Design and Analysis of Algorithms","CDU Batch-1 - S-001","MCQ Practice | Two Sum","2026-06-18","50","64","78.1"
"Design and Analysis of Algorithms","CDU Batch-1 - S-001","Two Sum","2026-06-18","50","64","78.1"
"Design and Analysis of Algorithms","CDU Batch-1 - S-001","Largest Subarray Sum","2026-06-17","45","64","70.3"
"Design and Analysis of Algorithms","CDU Batch-1 - S-001","MCQ Practice | Two Sum","2026-06-17","43","64","67.2"
"Design and Analysis of Algorithms","CDU Batch-1 - S-001","Largest Subarray Sum","2026-06-16","36","64","56.3"
"Design and Analysis of Algorithms","CDU Batch-1 - S-001","MCQ Practice | Longest Subarray with Sum K","2026-06-16","34","64","53.1"
"Design and Analysis of Algorithms","CDU Batch-1 - S-001","Longest Subarray with Sum K","2026-06-15","37","64","57.8"
"Design and Analysis of Algorithms","CDU Batch-1 - S-001","MCQ Practice | Largest Subarray Sum","2026-06-13","31","64","48.4"
"Design and Analysis of Algorithms","CDU Batch-1 - S-001","Sliding Window, Two-Pointer Technique","2026-06-13","29","64","45.3"
"Design and Analysis of Algorithms","CDU Batch-1 - S-001","MCQ Practice","2026-06-12","19","64","29.7"
"Design and Analysis of Algorithms","CDU Batch-1 - S-001","Prefix Sum","2026-06-12","19","64","29.7"
"Design and Analysis of Algorithms","CDU Batch-1 - S-001","Hashing","2026-06-11","9","64","14.1"
"Design and Analysis of Algorithms","CDU Batch-1 - S-002","MCQ Practice","2026-08-22","28","64","43.8"
"Design and Analysis of Algorithms","CDU Batch-1 - S-002","Asteroid Collision","2026-08-20","56","64","87.5"
"Design and Analysis of Algorithms","CDU Batch-1 - S-002","MCQ Practice","2026-08-20","34","64","53.1"
"Design and Analysis of Algorithms","CDU Batch-1 - S-002","MCQ Practice","2026-08-19","56","64","87.5"
"Design and Analysis of Algorithms","CDU Batch-1 - S-002","Balanced Parenthesis","2026-08-14","52","64","81.3"
"Design and Analysis of Algorithms","CDU Batch-1 - S-002","MCQ Practice","2026-08-08","32","64","50"
"Design and Analysis of Algorithms","CDU Batch-1 - S-002","MCQ Practice | Longest Subarray with Sum K","2026-08-08","51","64","79.7"
"Design and Analysis of Algorithms","CDU Batch-1 - S-002","Implement Min Stack","2026-08-04","56","64","87.5"
"Design and Analysis of Algorithms","CDU Batch-1 - S-002","MCQ Practice","2026-08-04","53","64","82.8"
"Design and Analysis of Algorithms","CDU Batch-1 - S-002","Infix, Prefix, and Postfix Notations","2026-08-03","52","64","81.3"
"Design and Analysis of Algorithms","CDU Batch-1 - S-002","Introduction to Monotonic Stacks","2026-08-01","46","64","71.9"
"Design and Analysis of Algorithms","CDU Batch-1 - S-002","MCQ Practice","2026-08-01","32","64","50"
"Design and Analysis of Algorithms","CDU Batch-1 - S-002","Introduction to Monotonic Stacks","2026-07-31","55","64","85.9"
"Design and Analysis of Algorithms","CDU Batch-1 - S-002","Introduction to Monotonic Stacks","2026-07-30","54","64","84.4"
"Design and Analysis of Algorithms","CDU Batch-1 - S-002","MCQ Practice","2026-07-30","99","128","77.3"
"Design and Analysis of Algorithms","CDU Batch-1 - S-002","Module Quiz-2","2026-07-30","46","64","71.9"
"Design and Analysis of Algorithms","CDU Batch-1 - S-002","Stack Implementation Using Linked List","2026-07-29","47","64","73.4"
"Design and Analysis of Algorithms","CDU Batch-1 - S-002","MCQ Practice","2026-07-28","49","64","76.6"
"Design and Analysis of Algorithms","CDU Batch-1 - S-002","Stack Implementation Using Array","2026-07-28","47","64","73.4"
"Design and Analysis of Algorithms","CDU Batch-1 - S-002","Introduction of Stack","2026-07-27","52","64","81.3"
"Design and Analysis of Algorithms","CDU Batch-1 - S-002","MCQ Practice","2026-07-23","57","64","89.1"
"Design and Analysis of Algorithms","CDU Batch-1 - S-002","Flatten a Linked List","2026-07-22","59","64","92.2"
"Design and Analysis of Algorithms","CDU Batch-1 - S-002","MCQ Practice","2026-07-22","61","64","95.3"
"Design and Analysis of Algorithms","CDU Batch-1 - S-002","Intersection Of Two Linked Lists","2026-07-21","51","64","79.7"
"Design and Analysis of Algorithms","CDU Batch-1 - S-002","MCQ Practice","2026-07-21","54","64","84.4"
"Design and Analysis of Algorithms","CDU Batch-1 - S-002","MCQ Practice","2026-07-20","52","64","81.3"
"Design and Analysis of Algorithms","CDU Batch-1 - S-002","Merge Two Sorted Linked List","2026-07-20","54","64","84.4"
"Design and Analysis of Algorithms","CDU Batch-1 - S-002","Adding Two Numbers","2026-07-18","36","64","56.3"
"Design and Analysis of Algorithms","CDU Batch-1 - S-002","MCQ Practice","2026-07-18","47","64","73.4"
"Design and Analysis of Algorithms","CDU Batch-1 - S-002","Length of Cycle In Linked List","2026-07-17","54","64","84.4"
"Design and Analysis of Algorithms","CDU Batch-1 - S-002","MCQ Practice","2026-07-17","55","64","85.9"
"Design and Analysis of Algorithms","CDU Batch-1 - S-002","Cycle Detection In Linked List","2026-07-16","43","64","67.2"
"Design and Analysis of Algorithms","CDU Batch-1 - S-002","MCQ Practice","2026-07-16","57","64","89.1"
"Design and Analysis of Algorithms","CDU Batch-1 - S-002","MCQ Practice","2026-07-15","58","64","90.6"
"Design and Analysis of Algorithms","CDU Batch-1 - S-002","Reversing a Linked List","2026-07-15","50","64","78.1"
"Design and Analysis of Algorithms","CDU Batch-1 - S-002","MCQ Practice","2026-07-14","57","64","89.1"
"Design and Analysis of Algorithms","CDU Batch-1 - S-002","MCQ Practice | Two Sum","2026-07-14","49","64","76.6"
"Design and Analysis of Algorithms","CDU Batch-1 - S-002","Two Sum","2026-07-14","54","64","84.4"
"Design and Analysis of Algorithms","CDU Batch-1 - S-002","Circular Linked List","2026-07-13","52","64","81.3"
"Design and Analysis of Algorithms","CDU Batch-1 - S-002","Circular Linked List","2026-07-09","57","64","89.1"
"Design and Analysis of Algorithms","CDU Batch-1 - S-002","MCQ Practice","2026-07-09","46","64","71.9"
"Design and Analysis of Algorithms","CDU Batch-1 - S-002","Circular Linked List","2026-07-08","56","64","87.5"
"Design and Analysis of Algorithms","CDU Batch-1 - S-002","MCQ Practice","2026-07-08","57","64","89.1"
"Design and Analysis of Algorithms","CDU Batch-1 - S-002","Deletion in Doubly Linked List","2026-07-07","51","64","79.7"
"Design and Analysis of Algorithms","CDU Batch-1 - S-002","Module Quiz-1","2026-07-07","52","64","81.3"
"Design and Analysis of Algorithms","CDU Batch-1 - S-002","Deletion in Doubly Linked List","2026-07-06","49","64","76.6"
"Design and Analysis of Algorithms","CDU Batch-1 - S-002","MCQ Practice | Largest Subarray Sum","2026-07-06","52","64","81.3"
"Design and Analysis of Algorithms","CDU Batch-1 - S-002","Insertion in Doubly Linked List","2026-07-03","54","64","84.4"
"Design and Analysis of Algorithms","CDU Batch-1 - S-002","MCQ Practice","2026-07-03","87","128","68"
"Design and Analysis of Algorithms","CDU Batch-1 - S-002","MCQ Practice","2026-07-02","53","64","82.8"
"Design and Analysis of Algorithms","CDU Batch-1 - S-002","Introduction to Doubly Linked List","2026-06-29","52","64","81.3"
"Design and Analysis of Algorithms","CDU Batch-1 - S-002","Deletion in Linked List","2026-06-25","55","64","85.9"
"Design and Analysis of Algorithms","CDU Batch-1 - S-002","MCQ Practice","2026-06-25","58","64","90.6"
"Design and Analysis of Algorithms","CDU Batch-1 - S-002","Deletion in Linked List","2026-06-24","48","64","75"
"Design and Analysis of Algorithms","CDU Batch-1 - S-002","Insertion in Linked List","2026-06-23","48","64","75"
"Design and Analysis of Algorithms","CDU Batch-1 - S-002","Insertion in Linked List","2026-06-22","58","64","90.6"
"Design and Analysis of Algorithms","CDU Batch-1 - S-002","MCQ Practice","2026-06-22","58","64","90.6"
"Design and Analysis of Algorithms","CDU Batch-1 - S-002","Introduction to Linked List","2026-06-20","41","64","64.1"
"Design and Analysis of Algorithms","CDU Batch-1 - S-002","Introduction to Linked List","2026-06-19","46","64","71.9"
"Design and Analysis of Algorithms","CDU Batch-1 - S-002","MCQ Practice","2026-06-19","46","64","71.9"
"Design and Analysis of Algorithms","CDU Batch-1 - S-002","Largest Subarray Sum","2026-06-18","40","64","62.5"
"Design and Analysis of Algorithms","CDU Batch-1 - S-002","MCQ Practice | Two Sum","2026-06-18","42","64","65.6"
"Design and Analysis of Algorithms","CDU Batch-1 - S-002","Longest Subarray with Sum K","2026-06-17","41","64","64.1"
"Design and Analysis of Algorithms","CDU Batch-1 - S-002","MCQ Practice | Longest Subarray with Sum K","2026-06-17","46","64","71.9"
"Design and Analysis of Algorithms","CDU Batch-1 - S-002","Longest Subarray with Sum K","2026-06-16","38","64","59.4"
"Design and Analysis of Algorithms","CDU Batch-1 - S-002","MCQ Practice","2026-06-16","32","64","50"
"Design and Analysis of Algorithms","CDU Batch-1 - S-002","Sliding Window, Two-Pointer Technique","2026-06-15","23","64","35.9"
"Design and Analysis of Algorithms","CDU Batch-1 - S-002","Sliding Window, Two-Pointer Technique","2026-06-13","19","64","29.7"
"Design and Analysis of Algorithms","CDU Batch-1 - S-002","MCQ Practice","2026-06-12","34","64","53.1"
"Design and Analysis of Algorithms","CDU Batch-1 - S-002","Prefix Sum","2026-06-12","34","64","53.1"
"Design and Analysis of Algorithms","CDU Batch-1 - S-002","Hashing","2026-06-11","1","64","1.6"
"Design and Analysis of Algorithms","CDU Batch-1 - S-002","MCQ Practice","2026-06-11","0","64","0"
"Design and Analysis of Algorithms","CDU Batch-1 - S-003","MCQ Practice","2026-08-22","0","80","0"
"Design and Analysis of Algorithms","CDU Batch-1 - S-003","Asteroid Collision","2026-08-20","63","80","78.8"
"Design and Analysis of Algorithms","CDU Batch-1 - S-003","MCQ Practice","2026-08-20","47","80","58.8"
"Design and Analysis of Algorithms","CDU Batch-1 - S-003","Balanced Parenthesis","2026-08-19","61","80","76.3"
"Design and Analysis of Algorithms","CDU Batch-1 - S-003","MCQ Practice","2026-08-19","62","80","77.5"
"Design and Analysis of Algorithms","CDU Batch-1 - S-003","Implement Min Stack","2026-08-18","68","80","85"
"Design and Analysis of Algorithms","CDU Batch-1 - S-003","MCQ Practice","2026-08-08","22","80","27.5"
"Design and Analysis of Algorithms","CDU Batch-1 - S-003","MCQ Practice | Longest Subarray with Sum K","2026-08-08","43","80","53.8"
"Design and Analysis of Algorithms","CDU Batch-1 - S-003","Infix, Prefix, and Postfix Notations","2026-08-04","71","80","88.8"
"Design and Analysis of Algorithms","CDU Batch-1 - S-003","MCQ Practice","2026-08-04","69","80","86.3"
"Design and Analysis of Algorithms","CDU Batch-1 - S-003","Infix, Prefix, and Postfix Notations","2026-08-03","67","80","83.8"
"Design and Analysis of Algorithms","CDU Batch-1 - S-003","MCQ Practice","2026-08-03","65","80","81.3"
"Design and Analysis of Algorithms","CDU Batch-1 - S-003","Introduction to Monotonic Stacks","2026-08-01","54","80","67.5"
"Design and Analysis of Algorithms","CDU Batch-1 - S-003","Introduction to Monotonic Stacks","2026-07-31","57","80","71.3"
"Design and Analysis of Algorithms","CDU Batch-1 - S-003","Introduction to Monotonic Stacks","2026-07-30","69","80","86.3"
"Design and Analysis of Algorithms","CDU Batch-1 - S-003","MCQ Practice","2026-07-30","62","80","77.5"
"Design and Analysis of Algorithms","CDU Batch-1 - S-003","Module Quiz-2","2026-07-30","57","80","71.3"
"Design and Analysis of Algorithms","CDU Batch-1 - S-003","Stack Implementation Using Linked List","2026-07-29","61","80","76.3"
"Design and Analysis of Algorithms","CDU Batch-1 - S-003","Stack Implementation Using Array","2026-07-28","60","80","75"
"Design and Analysis of Algorithms","CDU Batch-1 - S-003","Introduction of Stack","2026-07-27","65","80","81.3"
"Design and Analysis of Algorithms","CDU Batch-1 - S-003","MCQ Practice","2026-07-23","79","80","98.8"
"Design and Analysis of Algorithms","CDU Batch-1 - S-003","Flatten a Linked List","2026-07-22","63","80","78.8"
"Design and Analysis of Algorithms","CDU Batch-1 - S-003","MCQ Practice","2026-07-22","71","80","88.8"
"Design and Analysis of Algorithms","CDU Batch-1 - S-003","Intersection Of Two Linked Lists","2026-07-21","80","80","100"
"Design and Analysis of Algorithms","CDU Batch-1 - S-003","MCQ Practice","2026-07-21","63","80","78.8"
"Design and Analysis of Algorithms","CDU Batch-1 - S-003","MCQ Practice","2026-07-20","60","80","75"
"Design and Analysis of Algorithms","CDU Batch-1 - S-003","Merge Two Sorted Linked List","2026-07-20","53","80","66.3"
"Design and Analysis of Algorithms","CDU Batch-1 - S-003","Adding Two Numbers","2026-07-18","46","80","57.5"
"Design and Analysis of Algorithms","CDU Batch-1 - S-003","MCQ Practice","2026-07-18","64","80","80"
"Design and Analysis of Algorithms","CDU Batch-1 - S-003","Length of Cycle In Linked List","2026-07-17","71","80","88.8"
"Design and Analysis of Algorithms","CDU Batch-1 - S-003","MCQ Practice","2026-07-17","71","80","88.8"
"Design and Analysis of Algorithms","CDU Batch-1 - S-003","Cycle Detection In Linked List","2026-07-16","69","80","86.3"
"Design and Analysis of Algorithms","CDU Batch-1 - S-003","MCQ Practice","2026-07-16","62","80","77.5"
"Design and Analysis of Algorithms","CDU Batch-1 - S-003","MCQ Practice","2026-07-15","73","80","91.3"
"Design and Analysis of Algorithms","CDU Batch-1 - S-003","Reversing a Linked List","2026-07-15","71","80","88.8"
"Design and Analysis of Algorithms","CDU Batch-1 - S-003","MCQ Practice","2026-07-14","50","80","62.5"
"Design and Analysis of Algorithms","CDU Batch-1 - S-003","MCQ Practice | Two Sum","2026-07-14","68","80","85"
"Design and Analysis of Algorithms","CDU Batch-1 - S-003","Circular Linked List","2026-07-13","69","80","86.3"
"Design and Analysis of Algorithms","CDU Batch-1 - S-003","MCQ Practice","2026-07-11","48","80","60"
"Design and Analysis of Algorithms","CDU Batch-1 - S-003","Circular Linked List","2026-07-09","65","80","81.3"
"Design and Analysis of Algorithms","CDU Batch-1 - S-003","MCQ Practice","2026-07-09","67","160","41.9"
"Design and Analysis of Algorithms","CDU Batch-1 - S-003","Circular Linked List","2026-07-08","61","80","76.3"
"Design and Analysis of Algorithms","CDU Batch-1 - S-003","MCQ Practice","2026-07-08","43","80","53.8"
"Design and Analysis of Algorithms","CDU Batch-1 - S-003","Deletion in Doubly Linked List","2026-07-07","64","80","80"
"Design and Analysis of Algorithms","CDU Batch-1 - S-003","MCQ Practice","2026-07-07","66","80","82.5"
"Design and Analysis of Algorithms","CDU Batch-1 - S-003","Module Quiz-1","2026-07-07","59","80","73.8"
"Design and Analysis of Algorithms","CDU Batch-1 - S-003","Deletion in Doubly Linked List","2026-07-06","62","80","77.5"
"Design and Analysis of Algorithms","CDU Batch-1 - S-003","MCQ Practice","2026-07-06","63","80","78.8"
"Design and Analysis of Algorithms","CDU Batch-1 - S-003","Insertion in Doubly Linked List","2026-07-03","60","80","75"
"Design and Analysis of Algorithms","CDU Batch-1 - S-003","MCQ Practice","2026-07-03","59","80","73.8"
"Design and Analysis of Algorithms","CDU Batch-1 - S-003","MCQ Practice","2026-07-01","44","80","55"
"Design and Analysis of Algorithms","CDU Batch-1 - S-003","Insertion in Doubly Linked List","2026-06-29","53","80","66.3"
"Design and Analysis of Algorithms","CDU Batch-1 - S-003","MCQ Practice","2026-06-29","54","80","67.5"
"Design and Analysis of Algorithms","CDU Batch-1 - S-003","Introduction to Doubly Linked List","2026-06-27","41","80","51.3"
"Design and Analysis of Algorithms","CDU Batch-1 - S-003","Deletion in Linked List","2026-06-25","56","80","70"
"Design and Analysis of Algorithms","CDU Batch-1 - S-003","MCQ Practice","2026-06-25","62","80","77.5"
"Design and Analysis of Algorithms","CDU Batch-1 - S-003","Deletion in Linked List","2026-06-24","63","80","78.8"
"Design and Analysis of Algorithms","CDU Batch-1 - S-003","MCQ Practice","2026-06-24","64","80","80"
"Design and Analysis of Algorithms","CDU Batch-1 - S-003","Insertion in Linked List","2026-06-23","54","80","67.5"
"Design and Analysis of Algorithms","CDU Batch-1 - S-003","Insertion in Linked List","2026-06-22","47","80","58.8"
"Design and Analysis of Algorithms","CDU Batch-1 - S-003","Introduction to Linked List","2026-06-20","54","80","67.5"
"Design and Analysis of Algorithms","CDU Batch-1 - S-003","Introduction to Linked List","2026-06-19","59","80","73.8"
"Design and Analysis of Algorithms","CDU Batch-1 - S-003","Two Sum","2026-06-18","51","80","63.8"
"Design and Analysis of Algorithms","CDU Batch-1 - S-003","Largest Subarray Sum","2026-06-17","43","80","53.8"
"Design and Analysis of Algorithms","CDU Batch-1 - S-003","Longest Subarray with Sum K","2026-06-16","30","80","37.5"
"Design and Analysis of Algorithms","CDU Batch-1 - S-003","Longest Subarray with Sum K","2026-06-15","28","80","35"
"Design and Analysis of Algorithms","CDU Batch-1 - S-003","MCQ Practice | Largest Subarray Sum","2026-06-15","24","80","30"
"Design and Analysis of Algorithms","CDU Batch-1 - S-003","MCQ Practice | Longest Subarray with Sum K","2026-06-13","22","80","27.5"
"Design and Analysis of Algorithms","CDU Batch-1 - S-003","Sliding Window, Two-Pointer Technique","2026-06-13","22","80","27.5"
"Design and Analysis of Algorithms","CDU Batch-1 - S-003","Prefix Sum","2026-06-12","18","80","22.5"
"Design and Analysis of Algorithms","CDU Batch-1 - S-003","Hashing","2026-06-11","3","80","3.8"
"Design and Analysis of Algorithms","CDU Batch-1 - S-003","MCQ Practice","2026-06-11","3","80","3.8"
"Design and Analysis of Algorithms","CDU Batch-1 - S-004","MCQ Practice","2026-08-22","0","94","0"
"Design and Analysis of Algorithms","CDU Batch-1 - S-004","Asteroid Collision","2026-08-20","79","94","84"
"Design and Analysis of Algorithms","CDU Batch-1 - S-004","MCQ Practice","2026-08-20","79","94","84"
"Design and Analysis of Algorithms","CDU Batch-1 - S-004","Balanced Parenthesis","2026-08-19","76","94","80.9"
"Design and Analysis of Algorithms","CDU Batch-1 - S-004","MCQ Practice","2026-08-19","58","94","61.7"
"Design and Analysis of Algorithms","CDU Batch-1 - S-004","Implement Min Stack","2026-08-18","85","94","90.4"
"Design and Analysis of Algorithms","CDU Batch-1 - S-004","Balanced Parenthesis","2026-08-13","90","94","95.7"
"Design and Analysis of Algorithms","CDU Batch-1 - S-004","Implement Min Stack","2026-08-08","53","94","56.4"
"Design and Analysis of Algorithms","CDU Batch-1 - S-004","MCQ Practice","2026-08-08","38","94","40.4"
"Design and Analysis of Algorithms","CDU Batch-1 - S-004","Infix, Prefix, and Postfix Notations","2026-08-04","81","94","86.2"
"Design and Analysis of Algorithms","CDU Batch-1 - S-004","Infix, Prefix, and Postfix Notations","2026-08-03","84","94","89.4"
"Design and Analysis of Algorithms","CDU Batch-1 - S-004","Introduction to Monotonic Stacks","2026-08-01","86","94","91.5"
"Design and Analysis of Algorithms","CDU Batch-1 - S-004","MCQ Practice","2026-08-01","90","94","95.7"
"Design and Analysis of Algorithms","CDU Batch-1 - S-004","Introduction to Monotonic Stacks","2026-07-31","89","94","94.7"
"Design and Analysis of Algorithms","CDU Batch-1 - S-004","MCQ Practice","2026-07-31","78","94","83"
"Design and Analysis of Algorithms","CDU Batch-1 - S-004","MCQ Practice","2026-07-30","69","94","73.4"
"Design and Analysis of Algorithms","CDU Batch-1 - S-004","Module Quiz-2","2026-07-30","83","94","88.3"
"Design and Analysis of Algorithms","CDU Batch-1 - S-004","Stack Implementation Using Linked List","2026-07-30","83","94","88.3"
"Design and Analysis of Algorithms","CDU Batch-1 - S-004","Stack Implementation Using Array","2026-07-29","78","94","83"
"Design and Analysis of Algorithms","CDU Batch-1 - S-004","Introduction of Stack","2026-07-28","83","94","88.3"
"Design and Analysis of Algorithms","CDU Batch-1 - S-004","MCQ Practice","2026-07-28","79","94","84"
"Design and Analysis of Algorithms","CDU Batch-1 - S-004","Flatten a Linked List","2026-07-27","84","94","89.4"
"Design and Analysis of Algorithms","CDU Batch-1 - S-004","MCQ Practice","2026-07-27","89","94","94.7"
"Design and Analysis of Algorithms","CDU Batch-1 - S-004","Intersection Of Two Linked Lists","2026-07-23","85","94","90.4"
"Design and Analysis of Algorithms","CDU Batch-1 - S-004","MCQ Practice","2026-07-23","88","94","93.6"
"Design and Analysis of Algorithms","CDU Batch-1 - S-004","MCQ Practice","2026-07-22","80","94","85.1"
"Design and Analysis of Algorithms","CDU Batch-1 - S-004","Merge Two Sorted Linked List","2026-07-22","87","94","92.6"
"Design and Analysis of Algorithms","CDU Batch-1 - S-004","MCQ Practice","2026-07-21","165","188","87.8"
"Design and Analysis of Algorithms","CDU Batch-1 - S-004","Adding Two Numbers","2026-07-20","87","94","92.6"
"Design and Analysis of Algorithms","CDU Batch-1 - S-004","MCQ Practice","2026-07-18","86","94","91.5"
"Design and Analysis of Algorithms","CDU Batch-1 - S-004","Length of Cycle In Linked List","2026-07-17","86","94","91.5"
"Design and Analysis of Algorithms","CDU Batch-1 - S-004","MCQ Practice","2026-07-17","81","94","86.2"
"Design and Analysis of Algorithms","CDU Batch-1 - S-004","MCQ Practice","2026-07-16","84","94","89.4"
"Design and Analysis of Algorithms","CDU Batch-1 - S-004","Cycle Detection In Linked List","2026-07-15","85","94","90.4"
"Design and Analysis of Algorithms","CDU Batch-1 - S-004","MCQ Practice","2026-07-15","83","94","88.3"
"Design and Analysis of Algorithms","CDU Batch-1 - S-004","MCQ Practice","2026-07-14","78","94","83"
"Design and Analysis of Algorithms","CDU Batch-1 - S-004","Reversing a Linked List","2026-07-14","86","94","91.5"
"Design and Analysis of Algorithms","CDU Batch-1 - S-004","Circular Linked List","2026-07-13","82","94","87.2"
"Design and Analysis of Algorithms","CDU Batch-1 - S-004","MCQ Practice","2026-07-13","79","94","84"
"Design and Analysis of Algorithms","CDU Batch-1 - S-004","Circular Linked List","2026-07-09","87","94","92.6"
"Design and Analysis of Algorithms","CDU Batch-1 - S-004","MCQ Practice","2026-07-09","94","94","100"
"Design and Analysis of Algorithms","CDU Batch-1 - S-004","Circular Linked List","2026-07-08","86","94","91.5"
"Design and Analysis of Algorithms","CDU Batch-1 - S-004","MCQ Practice","2026-07-08","82","94","87.2"
"Design and Analysis of Algorithms","CDU Batch-1 - S-004","Deletion in Doubly Linked List","2026-07-07","87","94","92.6"
"Design and Analysis of Algorithms","CDU Batch-1 - S-004","MCQ Practice","2026-07-07","172","188","91.5"
"Design and Analysis of Algorithms","CDU Batch-1 - S-004","Module Quiz-1","2026-07-07","82","94","87.2"
"Design and Analysis of Algorithms","CDU Batch-1 - S-004","MCQ Practice","2026-07-06","85","94","90.4"
"Design and Analysis of Algorithms","CDU Batch-1 - S-004","Insertion in Linked List","2026-07-03","80","94","85.1"
"Design and Analysis of Algorithms","CDU Batch-1 - S-004","MCQ Practice","2026-07-03","80","94","85.1"
"Design and Analysis of Algorithms","CDU Batch-1 - S-004","MCQ Practice","2026-07-02","166","188","88.3"
"Design and Analysis of Algorithms","CDU Batch-1 - S-004","Insertion in Doubly Linked List","2026-07-01","82","94","87.2"
"Design and Analysis of Algorithms","CDU Batch-1 - S-004","MCQ Practice","2026-07-01","68","94","72.3"
"Design and Analysis of Algorithms","CDU Batch-1 - S-004","Introduction to Doubly Linked List","2026-06-29","80","94","85.1"
"Design and Analysis of Algorithms","CDU Batch-1 - S-004","MCQ Practice","2026-06-29","77","94","81.9"
"Design and Analysis of Algorithms","CDU Batch-1 - S-004","Deletion in Linked List","2026-06-27","58","94","61.7"
"Design and Analysis of Algorithms","CDU Batch-1 - S-004","Deletion in Linked List","2026-06-25","76","94","80.9"
"Design and Analysis of Algorithms","CDU Batch-1 - S-004","MCQ Practice","2026-06-25","80","94","85.1"
"Design and Analysis of Algorithms","CDU Batch-1 - S-004","Insertion in Linked List","2026-06-24","82","94","87.2"
"Design and Analysis of Algorithms","CDU Batch-1 - S-004","MCQ Practice","2026-06-23","94","188","50"
"Design and Analysis of Algorithms","CDU Batch-1 - S-004","Insertion in Linked List","2026-06-22","83","94","88.3"
"Design and Analysis of Algorithms","CDU Batch-1 - S-004","Introduction to Linked List","2026-06-20","66","94","70.2"
"Design and Analysis of Algorithms","CDU Batch-1 - S-004","MCQ Practice","2026-06-20","67","94","71.3"
"Design and Analysis of Algorithms","CDU Batch-1 - S-004","Introduction to Linked List","2026-06-19","62","94","66"
"Design and Analysis of Algorithms","CDU Batch-1 - S-004","MCQ Practice","2026-06-19","66","94","70.2"
"Design and Analysis of Algorithms","CDU Batch-1 - S-004","MCQ Practice | Two Sum","2026-06-18","80","94","85.1"
"Design and Analysis of Algorithms","CDU Batch-1 - S-004","Two Sum","2026-06-18","80","94","85.1"
"Design and Analysis of Algorithms","CDU Batch-1 - S-004","Largest Subarray Sum","2026-06-17","72","94","76.6"
"Design and Analysis of Algorithms","CDU Batch-1 - S-004","MCQ Practice | Largest Subarray Sum","2026-06-17","72","94","76.6"
"Design and Analysis of Algorithms","CDU Batch-1 - S-004","Longest Subarray with Sum K","2026-06-16","72","94","76.6"
"Design and Analysis of Algorithms","CDU Batch-1 - S-004","MCQ Practice | Largest Subarray Sum","2026-06-16","72","94","76.6"
"Design and Analysis of Algorithms","CDU Batch-1 - S-004","Longest Subarray with Sum K","2026-06-15","60","94","63.8"
"Design and Analysis of Algorithms","CDU Batch-1 - S-004","MCQ Practice | Longest Subarray with Sum K","2026-06-13","37","94","39.4"
"Design and Analysis of Algorithms","CDU Batch-1 - S-004","Sliding Window, Two-Pointer Technique","2026-06-13","37","94","39.4"
"Design and Analysis of Algorithms","CDU Batch-1 - S-004","MCQ Practice","2026-06-12","30","94","31.9"
"Design and Analysis of Algorithms","CDU Batch-1 - S-004","Prefix Sum","2026-06-12","30","94","31.9"
"Design and Analysis of Algorithms","CDU Batch-1 - S-004","Hashing","2026-06-11","24","94","25.5"
"Design and Analysis of Algorithms","CDU Batch-1 - S-005","Largest Rectangle In Histogram","2026-08-22","0","94","0"
"Design and Analysis of Algorithms","CDU Batch-1 - S-005","MCQ Practice","2026-08-22","52","188","27.7"
"Design and Analysis of Algorithms","CDU Batch-1 - S-005","Largest Rectangle In Histogram","2026-08-20","75","94","79.8"
"Design and Analysis of Algorithms","CDU Batch-1 - S-005","MCQ Practice","2026-08-20","60","94","63.8"
"Design and Analysis of Algorithms","CDU Batch-1 - S-005","Largest Rectangle In Histogram","2026-08-19","58","94","61.7"
"Design and Analysis of Algorithms","CDU Batch-1 - S-005","MCQ Practice","2026-08-19","48","94","51.1"
"Design and Analysis of Algorithms","CDU Batch-1 - S-005","Stack Implementation Using Array","2026-08-18","64","94","68.1"
"Design and Analysis of Algorithms","CDU Batch-1 - S-005","Asteroid Collision","2026-08-13","75","94","79.8"
"Design and Analysis of Algorithms","CDU Batch-1 - S-005","Balanced Parenthesis","2026-08-08","33","94","35.1"
"Design and Analysis of Algorithms","CDU Batch-1 - S-005","MCQ Practice","2026-08-08","49","94","52.1"
"Design and Analysis of Algorithms","CDU Batch-1 - S-005","Implement Min Stack","2026-08-04","81","94","86.2"
"Design and Analysis of Algorithms","CDU Batch-1 - S-005","MCQ Practice","2026-08-04","158","188","84"
"Design and Analysis of Algorithms","CDU Batch-1 - S-005","Infix, Prefix, and Postfix Notations","2026-08-03","73","94","77.7"
"Design and Analysis of Algorithms","CDU Batch-1 - S-005","MCQ Practice","2026-08-03","78","94","83"
"Design and Analysis of Algorithms","CDU Batch-1 - S-005","Introduction to Monotonic Stacks","2026-08-01","63","94","67"
"Design and Analysis of Algorithms","CDU Batch-1 - S-005","Introduction to Monotonic Stacks","2026-07-31","77","94","81.9"
"Design and Analysis of Algorithms","CDU Batch-1 - S-005","Introduction to Monotonic Stacks","2026-07-30","75","94","79.8"
"Design and Analysis of Algorithms","CDU Batch-1 - S-005","MCQ Practice","2026-07-30","74","94","78.7"
"Design and Analysis of Algorithms","CDU Batch-1 - S-005","Module Quiz-2","2026-07-30","72","94","76.6"
"Design and Analysis of Algorithms","CDU Batch-1 - S-005","MCQ Practice","2026-07-29","52","94","55.3"
"Design and Analysis of Algorithms","CDU Batch-1 - S-005","Stack Implementation Using Linked List","2026-07-29","76","94","80.9"
"Design and Analysis of Algorithms","CDU Batch-1 - S-005","MCQ Practice","2026-07-28","85","94","90.4"
"Design and Analysis of Algorithms","CDU Batch-1 - S-005","Stack Implementation Using Array","2026-07-28","79","94","84"
"Design and Analysis of Algorithms","CDU Batch-1 - S-005","Introduction of Stack","2026-07-27","73","94","77.7"
"Design and Analysis of Algorithms","CDU Batch-1 - S-005","MCQ Practice","2026-07-27","69","94","73.4"
"Design and Analysis of Algorithms","CDU Batch-1 - S-005","Flatten a Linked List","2026-07-23","77","94","81.9"
"Design and Analysis of Algorithms","CDU Batch-1 - S-005","MCQ Practice","2026-07-23","166","188","88.3"
"Design and Analysis of Algorithms","CDU Batch-1 - S-005","Intersection Of Two Linked Lists","2026-07-22","76","94","80.9"
"Design and Analysis of Algorithms","CDU Batch-1 - S-005","MCQ Practice","2026-07-22","85","94","90.4"
"Design and Analysis of Algorithms","CDU Batch-1 - S-005","MCQ Practice","2026-07-21","150","188","79.8"
"Design and Analysis of Algorithms","CDU Batch-1 - S-005","Merge Two Sorted Linked List","2026-07-21","71","94","75.5"
"Design and Analysis of Algorithms","CDU Batch-1 - S-005","Adding Two Numbers","2026-07-20","74","94","78.7"
"Design and Analysis of Algorithms","CDU Batch-1 - S-005","MCQ Practice","2026-07-20","151","188","80.3"
"Design and Analysis of Algorithms","CDU Batch-1 - S-005","Length of Cycle In Linked List","2026-07-18","44","94","46.8"
"Design and Analysis of Algorithms","CDU Batch-1 - S-005","MCQ Practice","2026-07-18","36","94","38.3"
"Design and Analysis of Algorithms","CDU Batch-1 - S-005","MCQ Practice","2026-07-17","116","188","61.7"
"Design and Analysis of Algorithms","CDU Batch-1 - S-005","Reversing a Linked List","2026-07-17","60","94","63.8"
"Design and Analysis of Algorithms","CDU Batch-1 - S-005","Cycle Detection In Linked List","2026-07-16","84","94","89.4"
"Design and Analysis of Algorithms","CDU Batch-1 - S-005","MCQ Practice","2026-07-15","81","94","86.2"
"Design and Analysis of Algorithms","CDU Batch-1 - S-005","Reversing a Linked List","2026-07-14","76","94","80.9"
"Design and Analysis of Algorithms","CDU Batch-1 - S-005","Circular Linked List","2026-07-13","76","94","80.9"
"Design and Analysis of Algorithms","CDU Batch-1 - S-005","MCQ Practice","2026-07-13","76","94","80.9"
"Design and Analysis of Algorithms","CDU Batch-1 - S-005","MCQ Practice","2026-07-11","59","94","62.8"
"Design and Analysis of Algorithms","CDU Batch-1 - S-005","Circular Linked List","2026-07-09","75","94","79.8"
"Design and Analysis of Algorithms","CDU Batch-1 - S-005","MCQ Practice","2026-07-09","71","94","75.5"
"Design and Analysis of Algorithms","CDU Batch-1 - S-005","Deletion in Doubly Linked List","2026-07-08","73","94","77.7"
"Design and Analysis of Algorithms","CDU Batch-1 - S-005","Deletion in Doubly Linked List","2026-07-07","72","94","76.6"
"Design and Analysis of Algorithms","CDU Batch-1 - S-005","MCQ Practice","2026-07-07","77","94","81.9"
"Design and Analysis of Algorithms","CDU Batch-1 - S-005","Module Quiz-1","2026-07-07","71","94","75.5"
"Design and Analysis of Algorithms","CDU Batch-1 - S-005","Insertion in Doubly Linked List","2026-07-06","77","94","81.9"
"Design and Analysis of Algorithms","CDU Batch-1 - S-005","MCQ Practice","2026-07-06","120","188","63.8"
"Design and Analysis of Algorithms","CDU Batch-1 - S-005","Insertion in Doubly Linked List","2026-07-03","81","94","86.2"
"Design and Analysis of Algorithms","CDU Batch-1 - S-005","MCQ Practice","2026-07-03","79","94","84"
"Design and Analysis of Algorithms","CDU Batch-1 - S-005","Introduction to Doubly Linked List","2026-07-02","62","94","66"
"Design and Analysis of Algorithms","CDU Batch-1 - S-005","MCQ Practice","2026-07-02","138","188","73.4"
"Design and Analysis of Algorithms","CDU Batch-1 - S-005","Deletion in Linked List","2026-06-29","73","94","77.7"
"Design and Analysis of Algorithms","CDU Batch-1 - S-005","MCQ Practice","2026-06-29","67","94","71.3"
"Design and Analysis of Algorithms","CDU Batch-1 - S-005","Deletion in Linked List","2026-06-27","60","94","63.8"
"Design and Analysis of Algorithms","CDU Batch-1 - S-005","Insertion in Linked List","2026-06-25","74","94","78.7"
"Design and Analysis of Algorithms","CDU Batch-1 - S-005","Introduction to Linked List","2026-06-24","65","94","69.1"
"Design and Analysis of Algorithms","CDU Batch-1 - S-005","MCQ Practice","2026-06-24","72","94","76.6"
"Design and Analysis of Algorithms","CDU Batch-1 - S-005","Insertion in Linked List","2026-06-23","79","94","84"
"Design and Analysis of Algorithms","CDU Batch-1 - S-005","Insertion in Linked List","2026-06-22","77","94","81.9"
"Design and Analysis of Algorithms","CDU Batch-1 - S-005","Introduction to Linked List","2026-06-20","66","94","70.2"
"Design and Analysis of Algorithms","CDU Batch-1 - S-005","MCQ Practice","2026-06-20","70","94","74.5"
"Design and Analysis of Algorithms","CDU Batch-1 - S-005","MCQ Practice | Two Sum","2026-06-19","65","94","69.1"
"Design and Analysis of Algorithms","CDU Batch-1 - S-005","Two Sum","2026-06-19","60","94","63.8"
"Design and Analysis of Algorithms","CDU Batch-1 - S-005","Largest Subarray Sum","2026-06-18","56","94","59.6"
"Design and Analysis of Algorithms","CDU Batch-1 - S-005","Largest Subarray Sum","2026-06-17","66","94","70.2"
"Design and Analysis of Algorithms","CDU Batch-1 - S-005","MCQ Practice | Two Sum","2026-06-17","35","94","37.2"
"Design and Analysis of Algorithms","CDU Batch-1 - S-005","Longest Subarray with Sum K","2026-06-16","65","94","69.1"
"Design and Analysis of Algorithms","CDU Batch-1 - S-005","MCQ Practice | Longest Subarray with Sum K","2026-06-16","57","94","60.6"
"Design and Analysis of Algorithms","CDU Batch-1 - S-005","Longest Subarray with Sum K","2026-06-15","40","94","42.6"
"Design and Analysis of Algorithms","CDU Batch-1 - S-005","MCQ Practice | Longest Subarray with Sum K","2026-06-15","45","94","47.9"
"Design and Analysis of Algorithms","CDU Batch-1 - S-005","Sliding Window, Two-Pointer Technique","2026-06-13","0","94","0"
"Design and Analysis of Algorithms","CDU Batch-1 - S-005","Prefix Sum","2026-06-12","37","94","39.4"
"Design and Analysis of Algorithms","CDU Batch-1 - S-005","Hashing","2026-06-11","17","94","18.1"
"Design and Analysis of Algorithms","CDU Batch-1 - S-005","MCQ Practice","2026-06-11","20","94","21.3"
"Design and Analysis of Algorithms","CDU Batch-1 - S-006","MCQ Practice","2026-08-22","32","62","51.6"
"Design and Analysis of Algorithms","CDU Batch-1 - S-006","Largest Rectangle In Histogram","2026-08-20","33","62","53.2"
"Design and Analysis of Algorithms","CDU Batch-1 - S-006","MCQ Practice","2026-08-20","30","62","48.4"
"Design and Analysis of Algorithms","CDU Batch-1 - S-006","Largest Rectangle In Histogram","2026-08-19","43","62","69.4"
"Design and Analysis of Algorithms","CDU Batch-1 - S-006","MCQ Practice","2026-08-19","44","62","71"
"Design and Analysis of Algorithms","CDU Batch-1 - S-006","Asteroid Collision","2026-08-13","58","62","93.5"
"Design and Analysis of Algorithms","CDU Batch-1 - S-006","Balanced Parenthesis","2026-08-08","29","62","46.8"
"Design and Analysis of Algorithms","CDU Batch-1 - S-006","MCQ Practice","2026-08-08","35","62","56.5"
"Design and Analysis of Algorithms","CDU Batch-1 - S-006","Implement Min Stack","2026-08-04","49","62","79"
"Design and Analysis of Algorithms","CDU Batch-1 - S-006","MCQ Practice","2026-08-04","51","62","82.3"
"Design and Analysis of Algorithms","CDU Batch-1 - S-006","Infix, Prefix, and Postfix Notations","2026-08-03","44","62","71"
"Design and Analysis of Algorithms","CDU Batch-1 - S-006","MCQ Practice","2026-08-03","34","62","54.8"
"Design and Analysis of Algorithms","CDU Batch-1 - S-006","Introduction to Monotonic Stacks","2026-08-01","50","62","80.6"
"Design and Analysis of Algorithms","CDU Batch-1 - S-006","MCQ Practice","2026-08-01","102","124","82.3"
"Design and Analysis of Algorithms","CDU Batch-1 - S-006","MCQ Practice","2026-07-31","56","62","90.3"
"Design and Analysis of Algorithms","CDU Batch-1 - S-006","Stack Implementation Using Linked List","2026-07-31","56","62","90.3"
"Design and Analysis of Algorithms","CDU Batch-1 - S-006","Module Quiz-2","2026-07-30","49","62","79"
"Design and Analysis of Algorithms","CDU Batch-1 - S-006","Stack Implementation Using Array","2026-07-30","44","62","71"
"Design and Analysis of Algorithms","CDU Batch-1 - S-006","MCQ Practice","2026-07-29","102","124","82.3"
"Design and Analysis of Algorithms","CDU Batch-1 - S-006","Flatten a Linked List","2026-07-28","47","62","75.8"
"Design and Analysis of Algorithms","CDU Batch-1 - S-006","Introduction of Stack","2026-07-27","50","62","80.6"
"Design and Analysis of Algorithms","CDU Batch-1 - S-006","Intersection Of Two Linked Lists","2026-07-23","17","62","27.4"
"Design and Analysis of Algorithms","CDU Batch-1 - S-006","MCQ Practice","2026-07-23","54","62","87.1"
"Design and Analysis of Algorithms","CDU Batch-1 - S-006","MCQ Practice","2026-07-22","162","186","87.1"
"Design and Analysis of Algorithms","CDU Batch-1 - S-006","Merge Two Sorted Linked List","2026-07-21","55","62","88.7"
"Design and Analysis of Algorithms","CDU Batch-1 - S-006","Adding Two Numbers","2026-07-20","31","62","50"
"Design and Analysis of Algorithms","CDU Batch-1 - S-006","MCQ Practice","2026-07-20","88","124","71"
"Design and Analysis of Algorithms","CDU Batch-1 - S-006","Length of Cycle In Linked List","2026-07-18","47","62","75.8"
"Design and Analysis of Algorithms","CDU Batch-1 - S-006","MCQ Practice","2026-07-18","48","62","77.4"
"Design and Analysis of Algorithms","CDU Batch-1 - S-006","MCQ Practice | Largest Subarray Sum","2026-07-18","46","62","74.2"
"Design and Analysis of Algorithms","CDU Batch-1 - S-006","MCQ Practice","2026-07-17","50","62","80.6"
"Design and Analysis of Algorithms","CDU Batch-1 - S-006","Reversing a Linked List","2026-07-17","48","62","77.4"
"Design and Analysis of Algorithms","CDU Batch-1 - S-006","MCQ Practice","2026-07-16","54","62","87.1"
"Design and Analysis of Algorithms","CDU Batch-1 - S-006","Reversing a Linked List","2026-07-15","49","62","79"
"Design and Analysis of Algorithms","CDU Batch-1 - S-006","Circular Linked List","2026-07-14","58","62","93.5"
"Design and Analysis of Algorithms","CDU Batch-1 - S-006","MCQ Practice","2026-07-14","55","62","88.7"
"Design and Analysis of Algorithms","CDU Batch-1 - S-006","Deletion in Doubly Linked List","2026-07-13","51","62","82.3"
"Design and Analysis of Algorithms","CDU Batch-1 - S-006","MCQ Practice","2026-07-13","92","124","74.2"
"Design and Analysis of Algorithms","CDU Batch-1 - S-006","MCQ Practice","2026-07-11","47","62","75.8"
"Design and Analysis of Algorithms","CDU Batch-1 - S-006","Insertion in Doubly Linked List","2026-07-09","0","62","0"
"Design and Analysis of Algorithms","CDU Batch-1 - S-006","Insertion in Doubly Linked List","2026-07-08","54","62","87.1"
"Design and Analysis of Algorithms","CDU Batch-1 - S-006","MCQ Practice","2026-07-08","92","124","74.2"
"Design and Analysis of Algorithms","CDU Batch-1 - S-006","Deletion in Linked List","2026-07-07","52","62","83.9"
"Design and Analysis of Algorithms","CDU Batch-1 - S-006","MCQ Practice","2026-07-07","49","62","79"
"Design and Analysis of Algorithms","CDU Batch-1 - S-006","Module Quiz-1","2026-07-07","49","62","79"
"Design and Analysis of Algorithms","CDU Batch-1 - S-006","Introduction to Doubly Linked List","2026-07-06","52","62","83.9"
"Design and Analysis of Algorithms","CDU Batch-1 - S-006","Deletion in Linked List","2026-07-03","43","62","69.4"
"Design and Analysis of Algorithms","CDU Batch-1 - S-006","MCQ Practice","2026-07-03","43","62","69.4"
"Design and Analysis of Algorithms","CDU Batch-1 - S-006","MCQ Practice","2026-07-02","105","124","84.7"
"Design and Analysis of Algorithms","CDU Batch-1 - S-006","MCQ Practice","2026-07-01","51","62","82.3"
"Design and Analysis of Algorithms","CDU Batch-1 - S-006","Introduction to Doubly Linked List","2026-06-29","43","62","69.4"
"Design and Analysis of Algorithms","CDU Batch-1 - S-006","MCQ Practice","2026-06-29","53","62","85.5"
"Design and Analysis of Algorithms","CDU Batch-1 - S-006","Deletion in Linked List","2026-06-27","39","62","62.9"
"Design and Analysis of Algorithms","CDU Batch-1 - S-006","Insertion in Linked List","2026-06-25","54","62","87.1"
"Design and Analysis of Algorithms","CDU Batch-1 - S-006","MCQ Practice","2026-06-25","52","62","83.9"
"Design and Analysis of Algorithms","CDU Batch-1 - S-006","Introduction to Linked List","2026-06-24","53","62","85.5"
"Design and Analysis of Algorithms","CDU Batch-1 - S-006","MCQ Practice","2026-06-24","50","62","80.6"
"Design and Analysis of Algorithms","CDU Batch-1 - S-006","Introduction to Linked List","2026-06-23","49","62","79"
"Design and Analysis of Algorithms","CDU Batch-1 - S-006","Introduction to Linked List","2026-06-22","0","62","0"
"Design and Analysis of Algorithms","CDU Batch-1 - S-006","MCQ Practice","2026-06-22","46","124","37.1"
"Design and Analysis of Algorithms","CDU Batch-1 - S-006","MCQ Practice | Two Sum","2026-06-19","56","62","90.3"
"Design and Analysis of Algorithms","CDU Batch-1 - S-006","Two Sum","2026-06-19","56","62","90.3"
"Design and Analysis of Algorithms","CDU Batch-1 - S-006","Largest Subarray Sum","2026-06-18","41","62","66.1"
"Design and Analysis of Algorithms","CDU Batch-1 - S-006","Longest Subarray with Sum K","2026-06-17","43","62","69.4"
"Design and Analysis of Algorithms","CDU Batch-1 - S-006","Longest Subarray with Sum K","2026-06-16","30","62","48.4"
"Design and Analysis of Algorithms","CDU Batch-1 - S-006","MCQ Practice | Longest Subarray with Sum K","2026-06-16","33","62","53.2"
"Design and Analysis of Algorithms","CDU Batch-1 - S-006","Longest Subarray with Sum K","2026-06-15","31","62","50"
"Design and Analysis of Algorithms","CDU Batch-1 - S-006","MCQ Practice","2026-06-13","15","62","24.2"
"Design and Analysis of Algorithms","CDU Batch-1 - S-006","Sliding Window, Two-Pointer Technique","2026-06-13","0","62","0"
"Design and Analysis of Algorithms","CDU Batch-1 - S-006","Prefix Sum","2026-06-12","0","62","0"
"Design and Analysis of Algorithms","CDU Batch-1 - S-006","Hashing","2026-06-11","7","62","11.3"
"Design and Analysis of Algorithms","CDU Batch-1 - S-006","MCQ Practice","2026-06-11","3","62","4.8"
"Design and Analysis of Algorithms","CDU Batch-1 - S-007","Largest Rectangle In Histogram","2026-08-22","30","60","50"
"Design and Analysis of Algorithms","CDU Batch-1 - S-007","MCQ Practice","2026-08-22","16","60","26.7"
"Design and Analysis of Algorithms","CDU Batch-1 - S-007","Asteroid Collision","2026-08-20","27","60","45"
"Design and Analysis of Algorithms","CDU Batch-1 - S-007","MCQ Practice","2026-08-20","42","60","70"
"Design and Analysis of Algorithms","CDU Batch-1 - S-007","Balanced Parenthesis","2026-08-19","28","60","46.7"
"Design and Analysis of Algorithms","CDU Batch-1 - S-007","MCQ Practice","2026-08-19","35","60","58.3"
"Design and Analysis of Algorithms","CDU Batch-1 - S-007","MCQ Practice","2026-08-08","18","60","30"
"Design and Analysis of Algorithms","CDU Batch-1 - S-007","MCQ Practice | Longest Subarray with Sum K","2026-08-08","15","60","25"
"Design and Analysis of Algorithms","CDU Batch-1 - S-007","Implement Min Stack","2026-08-04","45","60","75"
"Design and Analysis of Algorithms","CDU Batch-1 - S-007","MCQ Practice","2026-08-04","42","60","70"
"Design and Analysis of Algorithms","CDU Batch-1 - S-007","Infix, Prefix, and Postfix Notations","2026-08-03","48","60","80"
"Design and Analysis of Algorithms","CDU Batch-1 - S-007","Introduction to Monotonic Stacks","2026-08-01","37","60","61.7"
"Design and Analysis of Algorithms","CDU Batch-1 - S-007","MCQ Practice","2026-08-01","72","120","60"
"Design and Analysis of Algorithms","CDU Batch-1 - S-007","MCQ Practice","2026-07-31","37","60","61.7"
"Design and Analysis of Algorithms","CDU Batch-1 - S-007","Stack Implementation Using Linked List","2026-07-31","39","60","65"
"Design and Analysis of Algorithms","CDU Batch-1 - S-007","Introduction to Monotonic Stacks","2026-07-30","45","60","75"
"Design and Analysis of Algorithms","CDU Batch-1 - S-007","MCQ Practice","2026-07-30","37","60","61.7"
"Design and Analysis of Algorithms","CDU Batch-1 - S-007","Module Quiz-2","2026-07-30","44","60","73.3"
"Design and Analysis of Algorithms","CDU Batch-1 - S-007","MCQ Practice","2026-07-29","47","60","78.3"
"Design and Analysis of Algorithms","CDU Batch-1 - S-007","MCQ Practice","2026-07-28","89","120","74.2"
"Design and Analysis of Algorithms","CDU Batch-1 - S-007","Stack Implementation Using Array","2026-07-28","49","60","81.7"
"Design and Analysis of Algorithms","CDU Batch-1 - S-007","Introduction of Stack","2026-07-27","39","60","65"
"Design and Analysis of Algorithms","CDU Batch-1 - S-007","MCQ Practice","2026-07-27","42","60","70"
"Design and Analysis of Algorithms","CDU Batch-1 - S-007","Flatten a Linked List","2026-07-23","25","60","41.7"
"Design and Analysis of Algorithms","CDU Batch-1 - S-007","MCQ Practice","2026-07-23","43","60","71.7"
"Design and Analysis of Algorithms","CDU Batch-1 - S-007","Intersection Of Two Linked Lists","2026-07-22","46","60","76.7"
"Design and Analysis of Algorithms","CDU Batch-1 - S-007","MCQ Practice","2026-07-22","94","120","78.3"
"Design and Analysis of Algorithms","CDU Batch-1 - S-007","MCQ Practice","2026-07-21","45","60","75"
"Design and Analysis of Algorithms","CDU Batch-1 - S-007","Merge Two Sorted Linked List","2026-07-21","46","60","76.7"
"Design and Analysis of Algorithms","CDU Batch-1 - S-007","Adding Two Numbers","2026-07-20","52","60","86.7"
"Design and Analysis of Algorithms","CDU Batch-1 - S-007","MCQ Practice","2026-07-20","52","60","86.7"
"Design and Analysis of Algorithms","CDU Batch-1 - S-007","Length of Cycle In Linked List","2026-07-18","33","60","55"
"Design and Analysis of Algorithms","CDU Batch-1 - S-007","MCQ Practice | Largest Subarray Sum","2026-07-18","33","60","55"
"Design and Analysis of Algorithms","CDU Batch-1 - S-007","Reversing a Linked List","2026-07-17","37","60","61.7"
"Design and Analysis of Algorithms","CDU Batch-1 - S-007","Cycle Detection In Linked List","2026-07-16","43","60","71.7"
"Design and Analysis of Algorithms","CDU Batch-1 - S-007","MCQ Practice","2026-07-16","49","60","81.7"
"Design and Analysis of Algorithms","CDU Batch-1 - S-007","MCQ Practice | Two Sum","2026-07-16","49","60","81.7"
"Design and Analysis of Algorithms","CDU Batch-1 - S-007","MCQ Practice","2026-07-15","50","60","83.3"
"Design and Analysis of Algorithms","CDU Batch-1 - S-007","Reversing a Linked List","2026-07-15","33","60","55"
"Design and Analysis of Algorithms","CDU Batch-1 - S-007","Circular Linked List","2026-07-14","47","60","78.3"
"Design and Analysis of Algorithms","CDU Batch-1 - S-007","MCQ Practice","2026-07-13","47","60","78.3"
"Design and Analysis of Algorithms","CDU Batch-1 - S-007","Circular Linked List","2026-07-09","41","60","68.3"
"Design and Analysis of Algorithms","CDU Batch-1 - S-007","Deletion in Doubly Linked List","2026-07-08","40","60","66.7"
"Design and Analysis of Algorithms","CDU Batch-1 - S-007","MCQ Practice","2026-07-08","53","60","88.3"
"Design and Analysis of Algorithms","CDU Batch-1 - S-007","Deletion in Doubly Linked List","2026-07-07","43","60","71.7"
"Design and Analysis of Algorithms","CDU Batch-1 - S-007","MCQ Practice","2026-07-07","42","60","70"
"Design and Analysis of Algorithms","CDU Batch-1 - S-007","Module Quiz-1","2026-07-07","44","60","73.3"
"Design and Analysis of Algorithms","CDU Batch-1 - S-007","Insertion in Doubly Linked List","2026-07-06","33","60","55"
"Design and Analysis of Algorithms","CDU Batch-1 - S-007","MCQ Practice","2026-07-06","69","120","57.5"
"Design and Analysis of Algorithms","CDU Batch-1 - S-007","Insertion in Doubly Linked List","2026-07-03","40","60","66.7"
"Design and Analysis of Algorithms","CDU Batch-1 - S-007","MCQ Practice","2026-07-03","36","60","60"
"Design and Analysis of Algorithms","CDU Batch-1 - S-007","MCQ Practice","2026-07-02","41","60","68.3"
"Design and Analysis of Algorithms","CDU Batch-1 - S-007","MCQ Practice","2026-07-01","31","60","51.7"
"Design and Analysis of Algorithms","CDU Batch-1 - S-007","Introduction to Doubly Linked List","2026-06-29","45","60","75"
"Design and Analysis of Algorithms","CDU Batch-1 - S-007","MCQ Practice","2026-06-29","34","60","56.7"
"Design and Analysis of Algorithms","CDU Batch-1 - S-007","Deletion in Linked List","2026-06-27","21","60","35"
"Design and Analysis of Algorithms","CDU Batch-1 - S-007","Insertion in Linked List","2026-06-25","37","60","61.7"
"Design and Analysis of Algorithms","CDU Batch-1 - S-007","MCQ Practice","2026-06-25","22","60","36.7"
"Design and Analysis of Algorithms","CDU Batch-1 - S-007","Introduction to Linked List","2026-06-23","43","60","71.7"
"Design and Analysis of Algorithms","CDU Batch-1 - S-007","Insertion in Linked List","2026-06-22","42","60","70"
"Design and Analysis of Algorithms","CDU Batch-1 - S-007","MCQ Practice","2026-06-22","25","60","41.7"
"Design and Analysis of Algorithms","CDU Batch-1 - S-007","Introduction to Linked List","2026-06-20","46","60","76.7"
"Design and Analysis of Algorithms","CDU Batch-1 - S-007","MCQ Practice","2026-06-20","46","60","76.7"
"Design and Analysis of Algorithms","CDU Batch-1 - S-007","Two Sum","2026-06-19","43","60","71.7"
"Design and Analysis of Algorithms","CDU Batch-1 - S-007","Largest Subarray Sum","2026-06-18","35","60","58.3"
"Design and Analysis of Algorithms","CDU Batch-1 - S-007","Largest Subarray Sum","2026-06-17","39","60","65"
"Design and Analysis of Algorithms","CDU Batch-1 - S-007","MCQ Practice | Longest Subarray with Sum K","2026-06-17","40","60","66.7"
"Design and Analysis of Algorithms","CDU Batch-1 - S-007","Longest Subarray with Sum K","2026-06-16","34","60","56.7"
"Design and Analysis of Algorithms","CDU Batch-1 - S-007","Longest Subarray with Sum K","2026-06-15","18","60","30"
"Design and Analysis of Algorithms","CDU Batch-1 - S-007","Sliding Window, Two-Pointer Technique","2026-06-13","15","60","25"
"Design and Analysis of Algorithms","CDU Batch-1 - S-007","MCQ Practice | Longest Subarray with Sum K","2026-06-12","27","60","45"
"Design and Analysis of Algorithms","CDU Batch-1 - S-007","Prefix Sum","2026-06-12","0","60","0"
"Design and Analysis of Algorithms","CDU Batch-1 - S-007","Hashing","2026-06-11","11","60","18.3"
"Design and Analysis of Algorithms","CDU Batch-1 - S-007","MCQ Practice","2026-06-11","6","60","10"
"Design and Analysis of Algorithms","CDU Batch-1 - S-008","Largest Rectangle In Histogram","2026-08-22","23","58","39.7"
"Design and Analysis of Algorithms","CDU Batch-1 - S-008","Largest Rectangle In Histogram","2026-08-20","42","58","72.4"
"Design and Analysis of Algorithms","CDU Batch-1 - S-008","MCQ Practice","2026-08-20","39","58","67.2"
"Design and Analysis of Algorithms","CDU Batch-1 - S-008","Balanced Parenthesis","2026-08-19","35","58","60.3"
"Design and Analysis of Algorithms","CDU Batch-1 - S-008","MCQ Practice","2026-08-19","32","58","55.2"
"Design and Analysis of Algorithms","CDU Batch-1 - S-008","Asteroid Collision","2026-08-14","46","58","79.3"
"Design and Analysis of Algorithms","CDU Batch-1 - S-008","MCQ Practice | Longest Subarray with Sum K","2026-08-08","20","58","34.5"
"Design and Analysis of Algorithms","CDU Batch-1 - S-008","Implement Min Stack","2026-08-04","34","58","58.6"
"Design and Analysis of Algorithms","CDU Batch-1 - S-008","MCQ Practice","2026-08-04","37","58","63.8"
"Design and Analysis of Algorithms","CDU Batch-1 - S-008","Infix, Prefix, and Postfix Notations","2026-08-03","22","58","37.9"
"Design and Analysis of Algorithms","CDU Batch-1 - S-008","MCQ Practice","2026-08-01","32","58","55.2"
"Design and Analysis of Algorithms","CDU Batch-1 - S-008","Introduction to Monotonic Stacks","2026-07-31","35","58","60.3"
"Design and Analysis of Algorithms","CDU Batch-1 - S-008","MCQ Practice","2026-07-31","38","58","65.5"
"Design and Analysis of Algorithms","CDU Batch-1 - S-008","MCQ Practice","2026-07-30","37","58","63.8"
"Design and Analysis of Algorithms","CDU Batch-1 - S-008","Module Quiz-2","2026-07-30","39","58","67.2"
"Design and Analysis of Algorithms","CDU Batch-1 - S-008","Stack Implementation Using Linked List","2026-07-30","34","58","58.6"
"Design and Analysis of Algorithms","CDU Batch-1 - S-008","Stack Implementation Using Linked List","2026-07-29","35","58","60.3"
"Design and Analysis of Algorithms","CDU Batch-1 - S-008","Introduction of Stack","2026-07-28","43","58","74.1"
"Design and Analysis of Algorithms","CDU Batch-1 - S-008","MCQ Practice","2026-07-28","87","116","75"
"Design and Analysis of Algorithms","CDU Batch-1 - S-008","Flatten a Linked List","2026-07-27","42","58","72.4"
"Design and Analysis of Algorithms","CDU Batch-1 - S-008","MCQ Practice","2026-07-27","44","58","75.9"
"Design and Analysis of Algorithms","CDU Batch-1 - S-008","Intersection Of Two Linked Lists","2026-07-23","38","58","65.5"
"Design and Analysis of Algorithms","CDU Batch-1 - S-008","MCQ Practice","2026-07-22","50","58","86.2"
"Design and Analysis of Algorithms","CDU Batch-1 - S-008","MCQ Practice","2026-07-21","42","58","72.4"
"Design and Analysis of Algorithms","CDU Batch-1 - S-008","Merge Two Sorted Linked List","2026-07-21","45","58","77.6"
"Design and Analysis of Algorithms","CDU Batch-1 - S-008","Adding Two Numbers","2026-07-20","45","58","77.6"
"Design and Analysis of Algorithms","CDU Batch-1 - S-008","MCQ Practice","2026-07-20","45","58","77.6"
"Design and Analysis of Algorithms","CDU Batch-1 - S-008","MCQ Practice | Two Sum","2026-07-20","42","58","72.4"
"Design and Analysis of Algorithms","CDU Batch-1 - S-008","Length of Cycle In Linked List","2026-07-18","40","58","69"
"Design and Analysis of Algorithms","CDU Batch-1 - S-008","MCQ Practice","2026-07-18","39","58","67.2"
"Design and Analysis of Algorithms","CDU Batch-1 - S-008","MCQ Practice","2026-07-17","42","58","72.4"
"Design and Analysis of Algorithms","CDU Batch-1 - S-008","Reversing a Linked List","2026-07-17","34","58","58.6"
"Design and Analysis of Algorithms","CDU Batch-1 - S-008","Cycle Detection In Linked List","2026-07-16","40","58","69"
"Design and Analysis of Algorithms","CDU Batch-1 - S-008","MCQ Practice","2026-07-16","45","58","77.6"
"Design and Analysis of Algorithms","CDU Batch-1 - S-008","MCQ Practice","2026-07-15","51","58","87.9"
"Design and Analysis of Algorithms","CDU Batch-1 - S-008","Reversing a Linked List","2026-07-15","45","58","77.6"
"Design and Analysis of Algorithms","CDU Batch-1 - S-008","Circular Linked List","2026-07-14","40","58","69"
"Design and Analysis of Algorithms","CDU Batch-1 - S-008","Circular Linked List","2026-07-13","35","58","60.3"
"Design and Analysis of Algorithms","CDU Batch-1 - S-008","MCQ Practice","2026-07-13","49","58","84.5"
"Design and Analysis of Algorithms","CDU Batch-1 - S-008","Circular Linked List","2026-07-11","31","58","53.4"
"Design and Analysis of Algorithms","CDU Batch-1 - S-008","MCQ Practice","2026-07-11","32","58","55.2"
"Design and Analysis of Algorithms","CDU Batch-1 - S-008","Deletion in Doubly Linked List","2026-07-09","50","58","86.2"
"Design and Analysis of Algorithms","CDU Batch-1 - S-008","MCQ Practice","2026-07-09","50","58","86.2"
"Design and Analysis of Algorithms","CDU Batch-1 - S-008","Insertion in Doubly Linked List","2026-07-08","47","58","81"
"Design and Analysis of Algorithms","CDU Batch-1 - S-008","Insertion in Doubly Linked List","2026-07-07","36","58","62.1"
"Design and Analysis of Algorithms","CDU Batch-1 - S-008","MCQ Practice","2026-07-07","49","58","84.5"
"Design and Analysis of Algorithms","CDU Batch-1 - S-008","Module Quiz-1","2026-07-07","30","58","51.7"
"Design and Analysis of Algorithms","CDU Batch-1 - S-008","Insertion in Doubly Linked List","2026-07-06","22","58","37.9"
"Design and Analysis of Algorithms","CDU Batch-1 - S-008","MCQ Practice | Largest Subarray Sum","2026-07-06","38","58","65.5"
"Design and Analysis of Algorithms","CDU Batch-1 - S-008","MCQ Practice | Longest Subarray with Sum K","2026-07-06","44","58","75.9"
"Design and Analysis of Algorithms","CDU Batch-1 - S-008","Insertion in Doubly Linked List","2026-07-03","45","58","77.6"
"Design and Analysis of Algorithms","CDU Batch-1 - S-008","MCQ Practice","2026-07-03","92","116","79.3"
"Design and Analysis of Algorithms","CDU Batch-1 - S-008","Introduction to Doubly Linked List","2026-07-02","37","58","63.8"
"Design and Analysis of Algorithms","CDU Batch-1 - S-008","MCQ Practice","2026-07-02","44","58","75.9"
"Design and Analysis of Algorithms","CDU Batch-1 - S-008","Deletion in Linked List","2026-06-29","38","58","65.5"
"Design and Analysis of Algorithms","CDU Batch-1 - S-008","Deletion in Linked List","2026-06-27","29","58","50"
"Design and Analysis of Algorithms","CDU Batch-1 - S-008","Insertion in Linked List","2026-06-25","27","58","46.6"
"Design and Analysis of Algorithms","CDU Batch-1 - S-008","MCQ Practice","2026-06-25","46","58","79.3"
"Design and Analysis of Algorithms","CDU Batch-1 - S-008","Insertion in Linked List","2026-06-24","38","58","65.5"
"Design and Analysis of Algorithms","CDU Batch-1 - S-008","MCQ Practice","2026-06-24","24","58","41.4"
"Design and Analysis of Algorithms","CDU Batch-1 - S-008","Introduction to Linked List","2026-06-23","28","58","48.3"
"Design and Analysis of Algorithms","CDU Batch-1 - S-008","Insertion in Linked List","2026-06-22","41","58","70.7"
"Design and Analysis of Algorithms","CDU Batch-1 - S-008","Introduction to Linked List","2026-06-20","31","58","53.4"
"Design and Analysis of Algorithms","CDU Batch-1 - S-008","Introduction to Linked List","2026-06-19","34","58","58.6"
"Design and Analysis of Algorithms","CDU Batch-1 - S-008","MCQ Practice","2026-06-19","33","58","56.9"
"Design and Analysis of Algorithms","CDU Batch-1 - S-008","Two Sum","2026-06-18","32","58","55.2"
"Design and Analysis of Algorithms","CDU Batch-1 - S-008","Largest Subarray Sum","2026-06-17","24","58","41.4"
"Design and Analysis of Algorithms","CDU Batch-1 - S-008","Longest Subarray with Sum K","2026-06-16","17","58","29.3"
"Design and Analysis of Algorithms","CDU Batch-1 - S-008","Longest Subarray with Sum K","2026-06-15","15","58","25.9"
"Design and Analysis of Algorithms","CDU Batch-1 - S-008","MCQ Practice","2026-06-13","5","58","8.6"
"Design and Analysis of Algorithms","CDU Batch-1 - S-008","Sliding Window, Two-Pointer Technique","2026-06-13","0","58","0"
"Design and Analysis of Algorithms","CDU Batch-1 - S-008","MCQ Practice","2026-06-12","2","58","3.4"
"Design and Analysis of Algorithms","CDU Batch-1 - S-008","Prefix Sum","2026-06-12","2","58","3.4"
"Design and Analysis of Algorithms","CDU Batch-1 - S-008","Hashing","2026-06-11","0","58","0"
"Design and Analysis of Algorithms","CDU Batch-1 - S-009","Asteroid Collision","2026-08-22","35","60","58.3"
"Design and Analysis of Algorithms","CDU Batch-1 - S-009","Balanced Parenthesis","2026-08-20","32","60","53.3"
"Design and Analysis of Algorithms","CDU Batch-1 - S-009","MCQ Practice","2026-08-20","38","60","63.3"
"Design and Analysis of Algorithms","CDU Batch-1 - S-009","Implement Min Stack","2026-08-19","33","60","55"
"Design and Analysis of Algorithms","CDU Batch-1 - S-009","MCQ Practice","2026-08-19","33","60","55"
"Design and Analysis of Algorithms","CDU Batch-1 - S-009","Implement Min Stack","2026-08-14","42","60","70"
"Design and Analysis of Algorithms","CDU Batch-1 - S-009","Infix, Prefix, and Postfix Notations","2026-08-08","34","60","56.7"
"Design and Analysis of Algorithms","CDU Batch-1 - S-009","Introduction to Monotonic Stacks","2026-08-04","43","60","71.7"
"Design and Analysis of Algorithms","CDU Batch-1 - S-009","MCQ Practice","2026-08-04","39","60","65"
"Design and Analysis of Algorithms","CDU Batch-1 - S-009","Infix, Prefix, and Postfix Notations","2026-08-03","45","60","75"
"Design and Analysis of Algorithms","CDU Batch-1 - S-009","Introduction to Monotonic Stacks","2026-08-01","43","60","71.7"
"Design and Analysis of Algorithms","CDU Batch-1 - S-009","MCQ Practice","2026-08-01","43","60","71.7"
"Design and Analysis of Algorithms","CDU Batch-1 - S-009","Introduction to Monotonic Stacks","2026-07-31","40","60","66.7"
"Design and Analysis of Algorithms","CDU Batch-1 - S-009","MCQ Practice","2026-07-31","45","60","75"
"Design and Analysis of Algorithms","CDU Batch-1 - S-009","MCQ Practice","2026-07-30","51","60","85"
"Design and Analysis of Algorithms","CDU Batch-1 - S-009","Module Quiz-2","2026-07-30","43","60","71.7"
"Design and Analysis of Algorithms","CDU Batch-1 - S-009","Stack Implementation Using Linked List","2026-07-30","52","60","86.7"
"Design and Analysis of Algorithms","CDU Batch-1 - S-009","Stack Implementation Using Array","2026-07-29","51","60","85"
"Design and Analysis of Algorithms","CDU Batch-1 - S-009","Introduction of Stack","2026-07-28","52","60","86.7"
"Design and Analysis of Algorithms","CDU Batch-1 - S-009","MCQ Practice","2026-07-28","50","60","83.3"
"Design and Analysis of Algorithms","CDU Batch-1 - S-009","Flatten a Linked List","2026-07-27","50","60","83.3"
"Design and Analysis of Algorithms","CDU Batch-1 - S-009","MCQ Practice","2026-07-27","89","120","74.2"
"Design and Analysis of Algorithms","CDU Batch-1 - S-009","MCQ Practice","2026-07-23","51","60","85"
"Design and Analysis of Algorithms","CDU Batch-1 - S-009","Intersection Of Two Linked Lists","2026-07-22","55","60","91.7"
"Design and Analysis of Algorithms","CDU Batch-1 - S-009","MCQ Practice","2026-07-21","45","60","75"
"Design and Analysis of Algorithms","CDU Batch-1 - S-009","Merge Two Sorted Linked List","2026-07-21","53","60","88.3"
"Design and Analysis of Algorithms","CDU Batch-1 - S-009","MCQ Practice","2026-07-20","47","60","78.3"
"Design and Analysis of Algorithms","CDU Batch-1 - S-009","Adding Two Numbers","2026-07-18","46","60","76.7"
"Design and Analysis of Algorithms","CDU Batch-1 - S-009","Length of Cycle In Linked List","2026-07-18","49","60","81.7"
"Design and Analysis of Algorithms","CDU Batch-1 - S-009","MCQ Practice | Largest Subarray Sum","2026-07-18","48","60","80"
"Design and Analysis of Algorithms","CDU Batch-1 - S-009","Length of Cycle In Linked List","2026-07-17","46","60","76.7"
"Design and Analysis of Algorithms","CDU Batch-1 - S-009","MCQ Practice","2026-07-17","50","60","83.3"
"Design and Analysis of Algorithms","CDU Batch-1 - S-009","Cycle Detection In Linked List","2026-07-16","53","60","88.3"
"Design and Analysis of Algorithms","CDU Batch-1 - S-009","MCQ Practice","2026-07-16","51","60","85"
"Design and Analysis of Algorithms","CDU Batch-1 - S-009","Reversing a Linked List","2026-07-15","48","60","80"
"Design and Analysis of Algorithms","CDU Batch-1 - S-009","MCQ Practice","2026-07-14","100","120","83.3"
"Design and Analysis of Algorithms","CDU Batch-1 - S-009","MCQ Practice","2026-07-13","44","60","73.3"
"Design and Analysis of Algorithms","CDU Batch-1 - S-009","Circular Linked List","2026-07-11","31","60","51.7"
"Design and Analysis of Algorithms","CDU Batch-1 - S-009","MCQ Practice","2026-07-09","0","120","0"
"Design and Analysis of Algorithms","CDU Batch-1 - S-009","Reversing a Linked List","2026-07-09","45","60","75"
"Design and Analysis of Algorithms","CDU Batch-1 - S-009","Circular Linked List","2026-07-08","57","60","95"
"Design and Analysis of Algorithms","CDU Batch-1 - S-009","MCQ Practice","2026-07-08","48","60","80"
"Design and Analysis of Algorithms","CDU Batch-1 - S-009","Circular Linked List","2026-07-07","50","60","83.3"
"Design and Analysis of Algorithms","CDU Batch-1 - S-009","MCQ Practice","2026-07-07","35","60","58.3"
"Design and Analysis of Algorithms","CDU Batch-1 - S-009","Module Quiz-1","2026-07-07","45","60","75"
"Design and Analysis of Algorithms","CDU Batch-1 - S-009","MCQ Practice","2026-07-06","99","120","82.5"
"Design and Analysis of Algorithms","CDU Batch-1 - S-009","MCQ Practice | Longest Subarray with Sum K","2026-07-06","54","60","90"
"Design and Analysis of Algorithms","CDU Batch-1 - S-009","MCQ Practice | Two Sum","2026-07-06","42","60","70"
"Design and Analysis of Algorithms","CDU Batch-1 - S-009","Deletion in Doubly Linked List","2026-07-03","49","60","81.7"
"Design and Analysis of Algorithms","CDU Batch-1 - S-009","MCQ Practice","2026-07-03","44","60","73.3"
"Design and Analysis of Algorithms","CDU Batch-1 - S-009","MCQ Practice","2026-07-02","92","120","76.7"
"Design and Analysis of Algorithms","CDU Batch-1 - S-009","Deletion in Doubly Linked List","2026-07-01","40","60","66.7"
"Design and Analysis of Algorithms","CDU Batch-1 - S-009","Insertion in Linked List","2026-06-29","48","60","80"
"Design and Analysis of Algorithms","CDU Batch-1 - S-009","MCQ Practice","2026-06-29","45","60","75"
"Design and Analysis of Algorithms","CDU Batch-1 - S-009","Introduction to Doubly Linked List","2026-06-27","37","60","61.7"
"Design and Analysis of Algorithms","CDU Batch-1 - S-009","Deletion in Linked List","2026-06-25","44","60","73.3"
"Design and Analysis of Algorithms","CDU Batch-1 - S-009","MCQ Practice","2026-06-25","48","60","80"
"Design and Analysis of Algorithms","CDU Batch-1 - S-009","Deletion in Linked List","2026-06-24","45","60","75"
"Design and Analysis of Algorithms","CDU Batch-1 - S-009","Deletion in Linked List","2026-06-23","47","60","78.3"
"Design and Analysis of Algorithms","CDU Batch-1 - S-009","MCQ Practice","2026-06-23","50","60","83.3"
"Design and Analysis of Algorithms","CDU Batch-1 - S-009","Insertion in Linked List","2026-06-22","5","60","8.3"
"Design and Analysis of Algorithms","CDU Batch-1 - S-009","MCQ Practice","2026-06-22","39","60","65"
"Design and Analysis of Algorithms","CDU Batch-1 - S-009","Introduction to Linked List","2026-06-19","30","60","50"
"Design and Analysis of Algorithms","CDU Batch-1 - S-009","MCQ Practice","2026-06-19","40","60","66.7"
"Design and Analysis of Algorithms","CDU Batch-1 - S-009","Introduction to Linked List","2026-06-18","33","60","55"
"Design and Analysis of Algorithms","CDU Batch-1 - S-009","Two Sum","2026-06-17","27","60","45"
"Design and Analysis of Algorithms","CDU Batch-1 - S-009","Largest Subarray Sum","2026-06-16","26","60","43.3"
"Design and Analysis of Algorithms","CDU Batch-1 - S-009","Longest Subarray with Sum K","2026-06-15","31","60","51.7"
"Design and Analysis of Algorithms","CDU Batch-1 - S-009","Sliding Window, Two-Pointer Technique","2026-06-13","20","60","33.3"
"Design and Analysis of Algorithms","CDU Batch-1 - S-009","MCQ Practice","2026-06-12","26","60","43.3"
"Design and Analysis of Algorithms","CDU Batch-1 - S-009","Prefix Sum","2026-06-12","16","60","26.7"
"Design and Analysis of Algorithms","CDU Batch-1 - S-009","Hashing","2026-06-11","0","60","0"
"Design and Analysis of Algorithms","CDU Batch-1 - S-009","MCQ Practice","2026-06-11","0","60","0"
"Design and Analysis of Algorithms","CDU Batch-1 - S-010","Largest Rectangle In Histogram","2026-08-22","43","70","61.4"
"Design and Analysis of Algorithms","CDU Batch-1 - S-010","Asteroid Collision","2026-08-20","50","70","71.4"
"Design and Analysis of Algorithms","CDU Batch-1 - S-010","MCQ Practice","2026-08-20","42","70","60"
"Design and Analysis of Algorithms","CDU Batch-1 - S-010","Balanced Parenthesis","2026-08-19","48","70","68.6"
"Design and Analysis of Algorithms","CDU Batch-1 - S-010","MCQ Practice","2026-08-19","96","140","68.6"
"Design and Analysis of Algorithms","CDU Batch-1 - S-010","Implement Min Stack","2026-08-18","52","70","74.3"
"Design and Analysis of Algorithms","CDU Batch-1 - S-010","Implement Min Stack","2026-08-13","62","70","88.6"
"Design and Analysis of Algorithms","CDU Batch-1 - S-010","Implement Min Stack","2026-08-08","21","70","30"
"Design and Analysis of Algorithms","CDU Batch-1 - S-010","Infix, Prefix, and Postfix Notations","2026-08-04","55","70","78.6"
"Design and Analysis of Algorithms","CDU Batch-1 - S-010","MCQ Practice","2026-08-04","47","70","67.1"
"Design and Analysis of Algorithms","CDU Batch-1 - S-010","Introduction to Monotonic Stacks","2026-08-03","38","70","54.3"
"Design and Analysis of Algorithms","CDU Batch-1 - S-010","Introduction to Monotonic Stacks","2026-08-01","43","70","61.4"
"Design and Analysis of Algorithms","CDU Batch-1 - S-010","MCQ Practice","2026-08-01","54","70","77.1"
"Design and Analysis of Algorithms","CDU Batch-1 - S-010","Introduction to Monotonic Stacks","2026-07-31","54","70","77.1"
"Design and Analysis of Algorithms","CDU Batch-1 - S-010","MCQ Practice","2026-07-31","46","70","65.7"
"Design and Analysis of Algorithms","CDU Batch-1 - S-010","MCQ Practice","2026-07-30","50","70","71.4"
"Design and Analysis of Algorithms","CDU Batch-1 - S-010","Module Quiz-2","2026-07-30","52","70","74.3"
"Design and Analysis of Algorithms","CDU Batch-1 - S-010","Stack Implementation Using Linked List","2026-07-30","55","70","78.6"
"Design and Analysis of Algorithms","CDU Batch-1 - S-010","Stack Implementation Using Array","2026-07-29","60","70","85.7"
"Design and Analysis of Algorithms","CDU Batch-1 - S-010","Introduction of Stack","2026-07-28","55","70","78.6"
"Design and Analysis of Algorithms","CDU Batch-1 - S-010","MCQ Practice","2026-07-28","54","70","77.1"
"Design and Analysis of Algorithms","CDU Batch-1 - S-010","Flatten a Linked List","2026-07-27","53","70","75.7"
"Design and Analysis of Algorithms","CDU Batch-1 - S-010","MCQ Practice","2026-07-27","57","70","81.4"
"Design and Analysis of Algorithms","CDU Batch-1 - S-010","Intersection Of Two Linked Lists","2026-07-23","61","70","87.1"
"Design and Analysis of Algorithms","CDU Batch-1 - S-010","MCQ Practice","2026-07-23","114","140","81.4"
"Design and Analysis of Algorithms","CDU Batch-1 - S-010","MCQ Practice","2026-07-22","60","70","85.7"
"Design and Analysis of Algorithms","CDU Batch-1 - S-010","Merge Two Sorted Linked List","2026-07-22","58","70","82.9"
"Design and Analysis of Algorithms","CDU Batch-1 - S-010","Adding Two Numbers","2026-07-21","59","70","84.3"
"Design and Analysis of Algorithms","CDU Batch-1 - S-010","MCQ Practice","2026-07-21","52","70","74.3"
"Design and Analysis of Algorithms","CDU Batch-1 - S-010","Length of Cycle In Linked List","2026-07-20","51","70","72.9"
"Design and Analysis of Algorithms","CDU Batch-1 - S-010","MCQ Practice","2026-07-20","50","70","71.4"
"Design and Analysis of Algorithms","CDU Batch-1 - S-010","Cycle Detection In Linked List","2026-07-18","42","70","60"
"Design and Analysis of Algorithms","CDU Batch-1 - S-010","MCQ Practice","2026-07-18","87","140","62.1"
"Design and Analysis of Algorithms","CDU Batch-1 - S-010","Circular Linked List","2026-07-17","51","70","72.9"
"Design and Analysis of Algorithms","CDU Batch-1 - S-010","MCQ Practice","2026-07-17","49","70","70"
"Design and Analysis of Algorithms","CDU Batch-1 - S-010","MCQ Practice","2026-07-16","64","70","91.4"
"Design and Analysis of Algorithms","CDU Batch-1 - S-010","Reversing a Linked List","2026-07-16","51","70","72.9"
"Design and Analysis of Algorithms","CDU Batch-1 - S-010","Circular Linked List","2026-07-15","58","70","82.9"
"Design and Analysis of Algorithms","CDU Batch-1 - S-010","Circular Linked List","2026-07-14","61","70","87.1"
"Design and Analysis of Algorithms","CDU Batch-1 - S-010","MCQ Practice","2026-07-14","62","70","88.6"
"Design and Analysis of Algorithms","CDU Batch-1 - S-010","MCQ Practice","2026-07-13","56","70","80"
"Design and Analysis of Algorithms","CDU Batch-1 - S-010","Deletion in Doubly Linked List","2026-07-11","48","70","68.6"
"Design and Analysis of Algorithms","CDU Batch-1 - S-010","Insertion in Doubly Linked List","2026-07-09","60","70","85.7"
"Design and Analysis of Algorithms","CDU Batch-1 - S-010","MCQ Practice","2026-07-09","57","70","81.4"
"Design and Analysis of Algorithms","CDU Batch-1 - S-010","Deletion in Doubly Linked List","2026-07-08","56","70","80"
"Design and Analysis of Algorithms","CDU Batch-1 - S-010","MCQ Practice","2026-07-08","63","70","90"
"Design and Analysis of Algorithms","CDU Batch-1 - S-010","Insertion in Doubly Linked List","2026-07-07","48","70","68.6"
"Design and Analysis of Algorithms","CDU Batch-1 - S-010","MCQ Practice","2026-07-07","55","70","78.6"
"Design and Analysis of Algorithms","CDU Batch-1 - S-010","Module Quiz-1","2026-07-07","57","70","81.4"
"Design and Analysis of Algorithms","CDU Batch-1 - S-010","Deletion in Linked List","2026-07-06","57","70","81.4"
"Design and Analysis of Algorithms","CDU Batch-1 - S-010","Introduction to Doubly Linked List","2026-07-06","29","70","41.4"
"Design and Analysis of Algorithms","CDU Batch-1 - S-010","MCQ Practice | Largest Subarray Sum","2026-07-06","54","70","77.1"
"Design and Analysis of Algorithms","CDU Batch-1 - S-010","MCQ Practice | Longest Subarray with Sum K","2026-07-06","56","70","80"
"Design and Analysis of Algorithms","CDU Batch-1 - S-010","Deletion in Linked List","2026-07-03","1","70","1.4"
"Design and Analysis of Algorithms","CDU Batch-1 - S-010","MCQ Practice","2026-07-03","96","210","45.7"
"Design and Analysis of Algorithms","CDU Batch-1 - S-010","MCQ Practice","2026-07-02","44","70","62.9"
"Design and Analysis of Algorithms","CDU Batch-1 - S-010","MCQ Practice","2026-07-01","47","70","67.1"
"Design and Analysis of Algorithms","CDU Batch-1 - S-010","Insertion in Linked List","2026-06-29","61","70","87.1"
"Design and Analysis of Algorithms","CDU Batch-1 - S-010","MCQ Practice","2026-06-29","63","70","90"
"Design and Analysis of Algorithms","CDU Batch-1 - S-010","Insertion in Linked List","2026-06-27","49","70","70"
"Design and Analysis of Algorithms","CDU Batch-1 - S-010","Insertion in Linked List","2026-06-25","67","70","95.7"
"Design and Analysis of Algorithms","CDU Batch-1 - S-010","Insertion in Linked List","2026-06-24","57","70","81.4"
"Design and Analysis of Algorithms","CDU Batch-1 - S-010","MCQ Practice","2026-06-24","52","70","74.3"
"Design and Analysis of Algorithms","CDU Batch-1 - S-010","MCQ Practice","2026-06-23","48","70","68.6"
"Design and Analysis of Algorithms","CDU Batch-1 - S-010","Introduction to Linked List","2026-06-22","61","70","87.1"
"Design and Analysis of Algorithms","CDU Batch-1 - S-010","MCQ Practice","2026-06-22","56","70","80"
"Design and Analysis of Algorithms","CDU Batch-1 - S-010","Introduction to Linked List","2026-06-20","53","70","75.7"
"Design and Analysis of Algorithms","CDU Batch-1 - S-010","MCQ Practice | Two Sum","2026-06-20","52","70","74.3"
"Design and Analysis of Algorithms","CDU Batch-1 - S-010","Two Sum","2026-06-19","52","70","74.3"
"Design and Analysis of Algorithms","CDU Batch-1 - S-010","Longest Subarray with Sum K","2026-06-18","46","70","65.7"
"Design and Analysis of Algorithms","CDU Batch-1 - S-010","Longest Subarray with Sum K","2026-06-17","41","70","58.6"
"Design and Analysis of Algorithms","CDU Batch-1 - S-010","Largest Subarray Sum","2026-06-16","41","70","58.6"
"Design and Analysis of Algorithms","CDU Batch-1 - S-010","Sliding Window, Two-Pointer Technique","2026-06-15","36","70","51.4"
"Design and Analysis of Algorithms","CDU Batch-1 - S-010","MCQ Practice","2026-06-13","18","70","25.7"
"Design and Analysis of Algorithms","CDU Batch-1 - S-010","Sliding Window, Two-Pointer Technique","2026-06-13","12","70","17.1"
"Design and Analysis of Algorithms","CDU Batch-1 - S-010","MCQ Practice","2026-06-12","20","70","28.6"
"Design and Analysis of Algorithms","CDU Batch-1 - S-010","Prefix Sum","2026-06-12","19","70","27.1"
"Design and Analysis of Algorithms","CDU Batch-1 - S-010","Hashing","2026-06-11","1","70","1.4"
"Design and Analysis of Algorithms","CDU Batch-1 - S-010","MCQ Practice","2026-06-11","4","70","5.7"
"Design and Analysis of Algorithms","CDU Batch-1 - S-011","Largest Rectangle In Histogram","2026-08-22","0","51","0"
"Design and Analysis of Algorithms","CDU Batch-1 - S-011","MCQ Practice","2026-08-22","28","51","54.9"
"Design and Analysis of Algorithms","CDU Batch-1 - S-011","Asteroid Collision","2026-08-20","41","51","80.4"
"Design and Analysis of Algorithms","CDU Batch-1 - S-011","MCQ Practice","2026-08-20","39","51","76.5"
"Design and Analysis of Algorithms","CDU Batch-1 - S-011","Implement Min Stack","2026-08-19","27","51","52.9"
"Design and Analysis of Algorithms","CDU Batch-1 - S-011","MCQ Practice","2026-08-19","32","51","62.7"
"Design and Analysis of Algorithms","CDU Batch-1 - S-011","Balanced Parenthesis","2026-08-18","35","51","68.6"
"Design and Analysis of Algorithms","CDU Batch-1 - S-011","Balanced Parenthesis","2026-08-13","36","51","70.6"
"Design and Analysis of Algorithms","CDU Batch-1 - S-011","MCQ Practice","2026-08-08","25","51","49"
"Design and Analysis of Algorithms","CDU Batch-1 - S-011","MCQ Practice | Longest Subarray with Sum K","2026-08-08","23","51","45.1"
"Design and Analysis of Algorithms","CDU Batch-1 - S-011","Infix, Prefix, and Postfix Notations","2026-08-04","45","51","88.2"
"Design and Analysis of Algorithms","CDU Batch-1 - S-011","Introduction to Monotonic Stacks","2026-08-03","39","51","76.5"
"Design and Analysis of Algorithms","CDU Batch-1 - S-011","MCQ Practice","2026-08-03","35","51","68.6"
"Design and Analysis of Algorithms","CDU Batch-1 - S-011","Introduction to Monotonic Stacks","2026-08-01","37","51","72.5"
"Design and Analysis of Algorithms","CDU Batch-1 - S-011","MCQ Practice","2026-08-01","37","51","72.5"
"Design and Analysis of Algorithms","CDU Batch-1 - S-011","Introduction to Monotonic Stacks","2026-07-31","39","51","76.5"
"Design and Analysis of Algorithms","CDU Batch-1 - S-011","MCQ Practice","2026-07-30","43","51","84.3"
"Design and Analysis of Algorithms","CDU Batch-1 - S-011","Module Quiz-2","2026-07-30","39","51","76.5"
"Design and Analysis of Algorithms","CDU Batch-1 - S-011","Stack Implementation Using Linked List","2026-07-30","43","51","84.3"
"Design and Analysis of Algorithms","CDU Batch-1 - S-011","Stack Implementation Using Array","2026-07-29","38","51","74.5"
"Design and Analysis of Algorithms","CDU Batch-1 - S-011","Introduction of Stack","2026-07-28","39","51","76.5"
"Design and Analysis of Algorithms","CDU Batch-1 - S-011","MCQ Practice","2026-07-28","41","51","80.4"
"Design and Analysis of Algorithms","CDU Batch-1 - S-011","Flatten a Linked List","2026-07-27","40","51","78.4"
"Design and Analysis of Algorithms","CDU Batch-1 - S-011","MCQ Practice","2026-07-27","33","51","64.7"
"Design and Analysis of Algorithms","CDU Batch-1 - S-011","Intersection Of Two Linked Lists","2026-07-23","46","51","90.2"
"Design and Analysis of Algorithms","CDU Batch-1 - S-011","MCQ Practice","2026-07-23","89","102","87.3"
"Design and Analysis of Algorithms","CDU Batch-1 - S-011","MCQ Practice","2026-07-22","44","51","86.3"
"Design and Analysis of Algorithms","CDU Batch-1 - S-011","MCQ Practice","2026-07-21","39","51","76.5"
"Design and Analysis of Algorithms","CDU Batch-1 - S-011","Merge Two Sorted Linked List","2026-07-21","47","51","92.2"
"Design and Analysis of Algorithms","CDU Batch-1 - S-011","Adding Two Numbers","2026-07-20","43","51","84.3"
"Design and Analysis of Algorithms","CDU Batch-1 - S-011","MCQ Practice","2026-07-20","44","51","86.3"
"Design and Analysis of Algorithms","CDU Batch-1 - S-011","MCQ Practice","2026-07-18","39","51","76.5"
"Design and Analysis of Algorithms","CDU Batch-1 - S-011","Length of Cycle In Linked List","2026-07-17","47","51","92.2"
"Design and Analysis of Algorithms","CDU Batch-1 - S-011","MCQ Practice","2026-07-16","45","51","88.2"
"Design and Analysis of Algorithms","CDU Batch-1 - S-011","Cycle Detection In Linked List","2026-07-15","45","51","88.2"
"Design and Analysis of Algorithms","CDU Batch-1 - S-011","MCQ Practice","2026-07-15","47","51","92.2"
"Design and Analysis of Algorithms","CDU Batch-1 - S-011","MCQ Practice","2026-07-14","43","51","84.3"
"Design and Analysis of Algorithms","CDU Batch-1 - S-011","Reversing a Linked List","2026-07-14","44","51","86.3"
"Design and Analysis of Algorithms","CDU Batch-1 - S-011","Circular Linked List","2026-07-13","38","51","74.5"
"Design and Analysis of Algorithms","CDU Batch-1 - S-011","MCQ Practice","2026-07-13","41","51","80.4"
"Design and Analysis of Algorithms","CDU Batch-1 - S-011","Circular Linked List","2026-07-09","1","51","2"
"Design and Analysis of Algorithms","CDU Batch-1 - S-011","MCQ Practice","2026-07-09","41","51","80.4"
"Design and Analysis of Algorithms","CDU Batch-1 - S-011","MCQ Practice","2026-07-08","46","51","90.2"
"Design and Analysis of Algorithms","CDU Batch-1 - S-011","Module Quiz-1","2026-07-07","0","51","0"
"Design and Analysis of Algorithms","CDU Batch-1 - S-011","Circular Linked List","2026-07-06","39","51","76.5"
"Design and Analysis of Algorithms","CDU Batch-1 - S-011","MCQ Practice","2026-07-06","66","102","64.7"
"Design and Analysis of Algorithms","CDU Batch-1 - S-011","MCQ Practice | Longest Subarray with Sum K","2026-07-06","39","51","76.5"
"Design and Analysis of Algorithms","CDU Batch-1 - S-011","Deletion in Doubly Linked List","2026-07-03","40","51","78.4"
"Design and Analysis of Algorithms","CDU Batch-1 - S-011","MCQ Practice","2026-07-03","83","102","81.4"
"Design and Analysis of Algorithms","CDU Batch-1 - S-011","Insertion in Doubly Linked List","2026-07-02","35","51","68.6"
"Design and Analysis of Algorithms","CDU Batch-1 - S-011","MCQ Practice","2026-07-02","36","51","70.6"
"Design and Analysis of Algorithms","CDU Batch-1 - S-011","MCQ Practice | Largest Subarray Sum","2026-07-02","40","51","78.4"
"Design and Analysis of Algorithms","CDU Batch-1 - S-011","Introduction to Doubly Linked List","2026-07-01","38","51","74.5"
"Design and Analysis of Algorithms","CDU Batch-1 - S-011","MCQ Practice","2026-07-01","69","102","67.6"
"Design and Analysis of Algorithms","CDU Batch-1 - S-011","Deletion in Linked List","2026-06-29","42","51","82.4"
"Design and Analysis of Algorithms","CDU Batch-1 - S-011","Introduction to Doubly Linked List","2026-06-27","32","51","62.7"
"Design and Analysis of Algorithms","CDU Batch-1 - S-011","Introduction to Doubly Linked List","2026-06-25","29","51","56.9"
"Design and Analysis of Algorithms","CDU Batch-1 - S-011","MCQ Practice","2026-06-25","37","51","72.5"
"Design and Analysis of Algorithms","CDU Batch-1 - S-011","Deletion in Linked List","2026-06-24","41","51","80.4"
"Design and Analysis of Algorithms","CDU Batch-1 - S-011","Deletion in Linked List","2026-06-23","39","51","76.5"
"Design and Analysis of Algorithms","CDU Batch-1 - S-011","Insertion in Linked List","2026-06-22","42","51","82.4"
"Design and Analysis of Algorithms","CDU Batch-1 - S-011","Insertion in Linked List","2026-06-20","37","51","72.5"
"Design and Analysis of Algorithms","CDU Batch-1 - S-011","Introduction to Linked List","2026-06-19","39","51","76.5"
"Design and Analysis of Algorithms","CDU Batch-1 - S-011","Introduction to Linked List","2026-06-18","34","51","66.7"
"Design and Analysis of Algorithms","CDU Batch-1 - S-011","Two Sum","2026-06-17","31","51","60.8"
"Design and Analysis of Algorithms","CDU Batch-1 - S-011","Largest Subarray Sum","2026-06-16","35","51","68.6"
"Design and Analysis of Algorithms","CDU Batch-1 - S-011","Longest Subarray with Sum K","2026-06-15","28","51","54.9"
"Design and Analysis of Algorithms","CDU Batch-1 - S-011","Sliding Window, Two-Pointer Technique","2026-06-13","20","51","39.2"
"Design and Analysis of Algorithms","CDU Batch-1 - S-011","Prefix Sum","2026-06-12","19","51","37.3"
"Design and Analysis of Algorithms","CDU Batch-1 - S-011","Hashing","2026-06-11","0","51","0"
"Design and Analysis of Algorithms","CDU Batch-1 - S-012","Largest Rectangle In Histogram","2026-08-22","0","60","0"
"Design and Analysis of Algorithms","CDU Batch-1 - S-012","Asteroid Collision","2026-08-20","40","60","66.7"
"Design and Analysis of Algorithms","CDU Batch-1 - S-012","MCQ Practice","2026-08-20","43","60","71.7"
"Design and Analysis of Algorithms","CDU Batch-1 - S-012","MCQ Practice","2026-08-19","26","60","43.3"
"Design and Analysis of Algorithms","CDU Batch-1 - S-012","Balanced Parenthesis","2026-08-14","46","60","76.7"
"Design and Analysis of Algorithms","CDU Batch-1 - S-012","Implement Min Stack","2026-08-08","26","60","43.3"
"Design and Analysis of Algorithms","CDU Batch-1 - S-012","MCQ Practice","2026-08-08","20","60","33.3"
"Design and Analysis of Algorithms","CDU Batch-1 - S-012","MCQ Practice","2026-08-04","44","60","73.3"
"Design and Analysis of Algorithms","CDU Batch-1 - S-012","Implement Min Stack","2026-08-03","38","60","63.3"
"Design and Analysis of Algorithms","CDU Batch-1 - S-012","Infix, Prefix, and Postfix Notations","2026-08-01","41","60","68.3"
"Design and Analysis of Algorithms","CDU Batch-1 - S-012","MCQ Practice","2026-08-01","42","60","70"
"Design and Analysis of Algorithms","CDU Batch-1 - S-012","Introduction to Monotonic Stacks","2026-07-31","37","60","61.7"
"Design and Analysis of Algorithms","CDU Batch-1 - S-012","MCQ Practice","2026-07-31","41","60","68.3"
"Design and Analysis of Algorithms","CDU Batch-1 - S-012","Introduction to Monotonic Stacks","2026-07-30","47","60","78.3"
"Design and Analysis of Algorithms","CDU Batch-1 - S-012","MCQ Practice","2026-07-30","38","60","63.3"
"Design and Analysis of Algorithms","CDU Batch-1 - S-012","Module Quiz-2","2026-07-30","47","60","78.3"
"Design and Analysis of Algorithms","CDU Batch-1 - S-012","MCQ Practice","2026-07-29","48","60","80"
"Design and Analysis of Algorithms","CDU Batch-1 - S-012","Stack Implementation Using Linked List","2026-07-29","49","60","81.7"
"Design and Analysis of Algorithms","CDU Batch-1 - S-012","MCQ Practice","2026-07-28","99","120","82.5"
"Design and Analysis of Algorithms","CDU Batch-1 - S-012","Stack Implementation Using Array","2026-07-28","48","60","80"
"Design and Analysis of Algorithms","CDU Batch-1 - S-012","Introduction of Stack","2026-07-27","49","60","81.7"
"Design and Analysis of Algorithms","CDU Batch-1 - S-012","MCQ Practice","2026-07-27","43","60","71.7"
"Design and Analysis of Algorithms","CDU Batch-1 - S-012","Flatten a Linked List","2026-07-23","45","60","75"
"Design and Analysis of Algorithms","CDU Batch-1 - S-012","MCQ Practice","2026-07-23","43","60","71.7"
"Design and Analysis of Algorithms","CDU Batch-1 - S-012","Intersection Of Two Linked Lists","2026-07-22","46","60","76.7"
"Design and Analysis of Algorithms","CDU Batch-1 - S-012","MCQ Practice","2026-07-22","50","60","83.3"
"Design and Analysis of Algorithms","CDU Batch-1 - S-012","MCQ Practice","2026-07-21","50","60","83.3"
"Design and Analysis of Algorithms","CDU Batch-1 - S-012","Merge Two Sorted Linked List","2026-07-21","41","60","68.3"
"Design and Analysis of Algorithms","CDU Batch-1 - S-012","Adding Two Numbers","2026-07-20","46","60","76.7"
"Design and Analysis of Algorithms","CDU Batch-1 - S-012","MCQ Practice","2026-07-18","67","120","55.8"
"Design and Analysis of Algorithms","CDU Batch-1 - S-012","MCQ Practice | Two Sum","2026-07-18","33","60","55"
"Design and Analysis of Algorithms","CDU Batch-1 - S-012","Length of Cycle In Linked List","2026-07-17","39","60","65"
"Design and Analysis of Algorithms","CDU Batch-1 - S-012","MCQ Practice","2026-07-16","55","60","91.7"
"Design and Analysis of Algorithms","CDU Batch-1 - S-012","Cycle Detection In Linked List","2026-07-15","52","60","86.7"
"Design and Analysis of Algorithms","CDU Batch-1 - S-012","MCQ Practice","2026-07-14","43","60","71.7"
"Design and Analysis of Algorithms","CDU Batch-1 - S-012","MCQ Practice","2026-07-13","49","60","81.7"
"Design and Analysis of Algorithms","CDU Batch-1 - S-012","Reversing a Linked List","2026-07-13","49","60","81.7"
"Design and Analysis of Algorithms","CDU Batch-1 - S-012","Circular Linked List","2026-07-11","47","60","78.3"
"Design and Analysis of Algorithms","CDU Batch-1 - S-012","MCQ Practice","2026-07-11","44","60","73.3"
"Design and Analysis of Algorithms","CDU Batch-1 - S-012","Circular Linked List","2026-07-09","51","60","85"
"Design and Analysis of Algorithms","CDU Batch-1 - S-012","Circular Linked List","2026-07-08","51","60","85"
"Design and Analysis of Algorithms","CDU Batch-1 - S-012","MCQ Practice","2026-07-08","100","120","83.3"
"Design and Analysis of Algorithms","CDU Batch-1 - S-012","Circular Linked List","2026-07-07","48","60","80"
"Design and Analysis of Algorithms","CDU Batch-1 - S-012","MCQ Practice","2026-07-07","48","60","80"
"Design and Analysis of Algorithms","CDU Batch-1 - S-012","Module Quiz-1","2026-07-07","47","60","78.3"
"Design and Analysis of Algorithms","CDU Batch-1 - S-012","MCQ Practice","2026-07-06","101","120","84.2"
"Design and Analysis of Algorithms","CDU Batch-1 - S-012","Deletion in Doubly Linked List","2026-07-03","48","60","80"
"Design and Analysis of Algorithms","CDU Batch-1 - S-012","MCQ Practice","2026-07-02","47","60","78.3"
"Design and Analysis of Algorithms","CDU Batch-1 - S-012","Deletion in Doubly Linked List","2026-07-01","37","60","61.7"
"Design and Analysis of Algorithms","CDU Batch-1 - S-012","MCQ Practice","2026-07-01","41","60","68.3"
"Design and Analysis of Algorithms","CDU Batch-1 - S-012","Insertion in Linked List","2026-06-29","45","60","75"
"Design and Analysis of Algorithms","CDU Batch-1 - S-012","MCQ Practice","2026-06-29","44","60","73.3"
"Design and Analysis of Algorithms","CDU Batch-1 - S-012","Insertion in Doubly Linked List","2026-06-27","37","60","61.7"
"Design and Analysis of Algorithms","CDU Batch-1 - S-012","Introduction to Doubly Linked List","2026-06-25","37","60","61.7"
"Design and Analysis of Algorithms","CDU Batch-1 - S-012","Deletion in Linked List","2026-06-24","39","60","65"
"Design and Analysis of Algorithms","CDU Batch-1 - S-012","Deletion in Linked List","2026-06-23","36","60","60"
"Design and Analysis of Algorithms","CDU Batch-1 - S-012","MCQ Practice","2026-06-23","81","120","67.5"
"Design and Analysis of Algorithms","CDU Batch-1 - S-012","Insertion in Linked List","2026-06-22","39","60","65"
"Design and Analysis of Algorithms","CDU Batch-1 - S-012","MCQ Practice","2026-06-22","43","60","71.7"
"Design and Analysis of Algorithms","CDU Batch-1 - S-012","Insertion in Linked List","2026-06-20","35","60","58.3"
"Design and Analysis of Algorithms","CDU Batch-1 - S-012","MCQ Practice","2026-06-20","34","60","56.7"
"Design and Analysis of Algorithms","CDU Batch-1 - S-012","MCQ Practice | Largest Subarray Sum","2026-06-20","29","60","48.3"
"Design and Analysis of Algorithms","CDU Batch-1 - S-012","Introduction to Linked List","2026-06-19","32","60","53.3"
"Design and Analysis of Algorithms","CDU Batch-1 - S-012","Introduction to Linked List","2026-06-18","37","60","61.7"
"Design and Analysis of Algorithms","CDU Batch-1 - S-012","MCQ Practice | Longest Subarray with Sum K","2026-06-18","32","60","53.3"
"Design and Analysis of Algorithms","CDU Batch-1 - S-012","Two Sum","2026-06-17","25","60","41.7"
"Design and Analysis of Algorithms","CDU Batch-1 - S-012","Largest Subarray Sum","2026-06-16","14","60","23.3"
"Design and Analysis of Algorithms","CDU Batch-1 - S-012","Longest Subarray with Sum K","2026-06-15","10","60","16.7"
"Design and Analysis of Algorithms","CDU Batch-1 - S-012","MCQ Practice","2026-06-13","2","60","3.3"
"Design and Analysis of Algorithms","CDU Batch-1 - S-012","Sliding Window, Two-Pointer Technique","2026-06-13","5","60","8.3"
"Design and Analysis of Algorithms","CDU Batch-1 - S-012","MCQ Practice","2026-06-12","7","60","11.7"
"Design and Analysis of Algorithms","CDU Batch-1 - S-012","Prefix Sum","2026-06-12","7","60","11.7"
"Design and Analysis of Algorithms","CDU Batch-1 - S-012","Hashing","2026-06-11","0","60","0"
"Design and Analysis of Algorithms","CDU Batch-1 - S-012","MCQ Practice","2026-06-11","0","60","0"
"Design and Analysis of Algorithms","CDU Batch-1 - S-013","Asteroid Collision","2026-08-22","33","60","55"
"Design and Analysis of Algorithms","CDU Batch-1 - S-013","MCQ Practice","2026-08-22","0","60","0"
"Design and Analysis of Algorithms","CDU Batch-1 - S-013","MCQ Practice","2026-08-20","24","60","40"
"Design and Analysis of Algorithms","CDU Batch-1 - S-013","MCQ Practice","2026-08-19","40","60","66.7"
"Design and Analysis of Algorithms","CDU Batch-1 - S-013","Balanced Parenthesis","2026-08-18","41","60","68.3"
"Design and Analysis of Algorithms","CDU Batch-1 - S-013","Balanced Parenthesis","2026-08-13","48","60","80"
"Design and Analysis of Algorithms","CDU Batch-1 - S-013","Implement Min Stack","2026-08-08","30","60","50"
"Design and Analysis of Algorithms","CDU Batch-1 - S-013","MCQ Practice","2026-08-08","20","60","33.3"
"Design and Analysis of Algorithms","CDU Batch-1 - S-013","Infix, Prefix, and Postfix Notations","2026-08-04","48","60","80"
"Design and Analysis of Algorithms","CDU Batch-1 - S-013","Introduction to Monotonic Stacks","2026-08-03","48","60","80"
"Design and Analysis of Algorithms","CDU Batch-1 - S-013","Introduction to Monotonic Stacks","2026-08-01","45","60","75"
"Design and Analysis of Algorithms","CDU Batch-1 - S-013","MCQ Practice","2026-08-01","39","60","65"
"Design and Analysis of Algorithms","CDU Batch-1 - S-013","Introduction to Monotonic Stacks","2026-07-31","49","60","81.7"
"Design and Analysis of Algorithms","CDU Batch-1 - S-013","MCQ Practice","2026-07-31","48","60","80"
"Design and Analysis of Algorithms","CDU Batch-1 - S-013","MCQ Practice","2026-07-30","42","60","70"
"Design and Analysis of Algorithms","CDU Batch-1 - S-013","Module Quiz-2","2026-07-30","40","60","66.7"
"Design and Analysis of Algorithms","CDU Batch-1 - S-013","Stack Implementation Using Linked List","2026-07-30","47","60","78.3"
"Design and Analysis of Algorithms","CDU Batch-1 - S-013","MCQ Practice","2026-07-29","35","60","58.3"
"Design and Analysis of Algorithms","CDU Batch-1 - S-013","Stack Implementation Using Array","2026-07-29","48","60","80"
"Design and Analysis of Algorithms","CDU Batch-1 - S-013","Introduction of Stack","2026-07-28","53","60","88.3"
"Design and Analysis of Algorithms","CDU Batch-1 - S-013","MCQ Practice","2026-07-28","94","120","78.3"
"Design and Analysis of Algorithms","CDU Batch-1 - S-013","Flatten a Linked List","2026-07-27","45","60","75"
"Design and Analysis of Algorithms","CDU Batch-1 - S-013","Intersection Of Two Linked Lists","2026-07-23","49","60","81.7"
"Design and Analysis of Algorithms","CDU Batch-1 - S-013","MCQ Practice","2026-07-23","50","60","83.3"
"Design and Analysis of Algorithms","CDU Batch-1 - S-013","Intersection Of Two Linked Lists","2026-07-22","54","60","90"
"Design and Analysis of Algorithms","CDU Batch-1 - S-013","MCQ Practice","2026-07-22","54","60","90"
"Design and Analysis of Algorithms","CDU Batch-1 - S-013","MCQ Practice","2026-07-21","57","60","95"
"Design and Analysis of Algorithms","CDU Batch-1 - S-013","Merge Two Sorted Linked List","2026-07-21","56","60","93.3"
"Design and Analysis of Algorithms","CDU Batch-1 - S-013","Adding Two Numbers","2026-07-20","47","60","78.3"
"Design and Analysis of Algorithms","CDU Batch-1 - S-013","MCQ Practice","2026-07-20","44","60","73.3"
"Design and Analysis of Algorithms","CDU Batch-1 - S-013","Length of Cycle In Linked List","2026-07-18","42","60","70"
"Design and Analysis of Algorithms","CDU Batch-1 - S-013","MCQ Practice","2026-07-18","36","60","60"
"Design and Analysis of Algorithms","CDU Batch-1 - S-013","MCQ Practice | Longest Subarray with Sum K","2026-07-18","48","60","80"
"Design and Analysis of Algorithms","CDU Batch-1 - S-013","Cycle Detection In Linked List","2026-07-17","52","60","86.7"
"Design and Analysis of Algorithms","CDU Batch-1 - S-013","MCQ Practice","2026-07-17","43","60","71.7"
"Design and Analysis of Algorithms","CDU Batch-1 - S-013","MCQ Practice","2026-07-16","53","60","88.3"
"Design and Analysis of Algorithms","CDU Batch-1 - S-013","Reversing a Linked List","2026-07-16","50","60","83.3"
"Design and Analysis of Algorithms","CDU Batch-1 - S-013","Circular Linked List","2026-07-15","52","60","86.7"
"Design and Analysis of Algorithms","CDU Batch-1 - S-013","MCQ Practice","2026-07-15","52","60","86.7"
"Design and Analysis of Algorithms","CDU Batch-1 - S-013","MCQ Practice | Two Sum","2026-07-14","53","60","88.3"
"Design and Analysis of Algorithms","CDU Batch-1 - S-013","MCQ Practice","2026-07-13","49","60","81.7"
"Design and Analysis of Algorithms","CDU Batch-1 - S-013","MCQ Practice","2026-07-11","44","60","73.3"
"Design and Analysis of Algorithms","CDU Batch-1 - S-013","Reversing a Linked List","2026-07-09","52","60","86.7"
"Design and Analysis of Algorithms","CDU Batch-1 - S-013","Circular Linked List","2026-07-08","53","60","88.3"
"Design and Analysis of Algorithms","CDU Batch-1 - S-013","MCQ Practice","2026-07-08","54","60","90"
"Design and Analysis of Algorithms","CDU Batch-1 - S-013","Deletion in Doubly Linked List","2026-07-07","48","60","80"
"Design and Analysis of Algorithms","CDU Batch-1 - S-013","Module Quiz-1","2026-07-07","41","60","68.3"
"Design and Analysis of Algorithms","CDU Batch-1 - S-013","MCQ Practice","2026-07-06","49","60","81.7"
"Design and Analysis of Algorithms","CDU Batch-1 - S-013","MCQ Practice | Largest Subarray Sum","2026-07-06","20","60","33.3"
"Design and Analysis of Algorithms","CDU Batch-1 - S-013","Deletion in Doubly Linked List","2026-07-03","44","60","73.3"
"Design and Analysis of Algorithms","CDU Batch-1 - S-013","MCQ Practice","2026-07-03","40","60","66.7"
"Design and Analysis of Algorithms","CDU Batch-1 - S-013","Insertion in Doubly Linked List","2026-07-02","52","60","86.7"
"Design and Analysis of Algorithms","CDU Batch-1 - S-013","MCQ Practice","2026-07-02","98","120","81.7"
"Design and Analysis of Algorithms","CDU Batch-1 - S-013","Insertion in Doubly Linked List","2026-07-01","61","120","50.8"
"Design and Analysis of Algorithms","CDU Batch-1 - S-013","MCQ Practice","2026-07-01","80","120","66.7"
"Design and Analysis of Algorithms","CDU Batch-1 - S-013","Introduction to Doubly Linked List","2026-06-29","48","60","80"
"Design and Analysis of Algorithms","CDU Batch-1 - S-013","MCQ Practice","2026-06-29","47","60","78.3"
"Design and Analysis of Algorithms","CDU Batch-1 - S-013","Deletion in Linked List","2026-06-27","48","60","80"
"Design and Analysis of Algorithms","CDU Batch-1 - S-013","MCQ Practice","2026-06-27","38","60","63.3"
"Design and Analysis of Algorithms","CDU Batch-1 - S-013","Deletion in Linked List","2026-06-25","52","60","86.7"
"Design and Analysis of Algorithms","CDU Batch-1 - S-013","MCQ Practice","2026-06-25","48","60","80"
"Design and Analysis of Algorithms","CDU Batch-1 - S-013","Insertion in Linked List","2026-06-24","48","60","80"
"Design and Analysis of Algorithms","CDU Batch-1 - S-013","MCQ Practice","2026-06-24","2","60","3.3"
"Design and Analysis of Algorithms","CDU Batch-1 - S-013","Insertion in Linked List","2026-06-23","45","60","75"
"Design and Analysis of Algorithms","CDU Batch-1 - S-013","MCQ Practice","2026-06-23","33","60","55"
"Design and Analysis of Algorithms","CDU Batch-1 - S-013","Insertion in Linked List","2026-06-22","2","60","3.3"
"Design and Analysis of Algorithms","CDU Batch-1 - S-013","Introduction to Linked List","2026-06-20","48","60","80"
"Design and Analysis of Algorithms","CDU Batch-1 - S-013","Introduction to Linked List","2026-06-19","49","60","81.7"
"Design and Analysis of Algorithms","CDU Batch-1 - S-013","MCQ Practice","2026-06-19","48","60","80"
"Design and Analysis of Algorithms","CDU Batch-1 - S-013","Introduction to Linked List","2026-06-18","42","60","70"
"Design and Analysis of Algorithms","CDU Batch-1 - S-013","MCQ Practice","2026-06-18","51","60","85"
"Design and Analysis of Algorithms","CDU Batch-1 - S-013","Two Sum","2026-06-17","47","60","78.3"
"Design and Analysis of Algorithms","CDU Batch-1 - S-013","Largest Subarray Sum","2026-06-16","37","60","61.7"
"Design and Analysis of Algorithms","CDU Batch-1 - S-013","Longest Subarray with Sum K","2026-06-15","27","60","45"
"Design and Analysis of Algorithms","CDU Batch-1 - S-013","Sliding Window, Two-Pointer Technique","2026-06-13","12","120","10"
"Design and Analysis of Algorithms","CDU Batch-1 - S-013","MCQ Practice","2026-06-12","14","60","23.3"
"Design and Analysis of Algorithms","CDU Batch-1 - S-013","Prefix Sum","2026-06-12","12","60","20"
"Design and Analysis of Algorithms","CDU Batch-1 - S-013","Hashing","2026-06-11","0","60","0"
"Design and Analysis of Algorithms","CDU Batch-1 - S-013","MCQ Practice","2026-06-11","0","60","0"
"Design and Analysis of Algorithms","CDU Batch-1 - S-014","Balanced Parenthesis","2026-08-22","27","60","45"
"Design and Analysis of Algorithms","CDU Batch-1 - S-014","MCQ Practice","2026-08-22","33","60","55"
"Design and Analysis of Algorithms","CDU Batch-1 - S-014","MCQ Practice","2026-08-20","40","60","66.7"
"Design and Analysis of Algorithms","CDU Batch-1 - S-014","Implement Min Stack","2026-08-19","48","60","80"
"Design and Analysis of Algorithms","CDU Batch-1 - S-014","MCQ Practice","2026-08-19","92","120","76.7"
"Design and Analysis of Algorithms","CDU Batch-1 - S-014","Infix, Prefix, and Postfix Notations","2026-08-18","42","60","70"
"Design and Analysis of Algorithms","CDU Batch-1 - S-014","Infix, Prefix, and Postfix Notations","2026-08-13","41","60","68.3"
"Design and Analysis of Algorithms","CDU Batch-1 - S-014","Introduction to Monotonic Stacks","2026-08-08","31","60","51.7"
"Design and Analysis of Algorithms","CDU Batch-1 - S-014","MCQ Practice","2026-08-08","35","60","58.3"
"Design and Analysis of Algorithms","CDU Batch-1 - S-014","MCQ Practice","2026-08-04","51","60","85"
"Design and Analysis of Algorithms","CDU Batch-1 - S-014","Stack Implementation Using Linked List","2026-08-04","51","60","85"
"Design and Analysis of Algorithms","CDU Batch-1 - S-014","Stack Implementation Using Array","2026-08-03","36","60","60"
"Design and Analysis of Algorithms","CDU Batch-1 - S-014","Introduction of Stack","2026-08-01","42","60","70"
"Design and Analysis of Algorithms","CDU Batch-1 - S-014","MCQ Practice","2026-08-01","44","60","73.3"
"Design and Analysis of Algorithms","CDU Batch-1 - S-014","Introduction of Stack","2026-07-31","44","60","73.3"
"Design and Analysis of Algorithms","CDU Batch-1 - S-014","Flatten a Linked List","2026-07-30","47","60","78.3"
"Design and Analysis of Algorithms","CDU Batch-1 - S-014","MCQ Practice","2026-07-30","51","60","85"
"Design and Analysis of Algorithms","CDU Batch-1 - S-014","Module Quiz-2","2026-07-30","43","60","71.7"
"Design and Analysis of Algorithms","CDU Batch-1 - S-014","MCQ Practice","2026-07-29","42","60","70"
"Design and Analysis of Algorithms","CDU Batch-1 - S-014","MCQ Practice","2026-07-28","44","60","73.3"
"Design and Analysis of Algorithms","CDU Batch-1 - S-014","MCQ Practice","2026-07-27","41","60","68.3"
"Design and Analysis of Algorithms","CDU Batch-1 - S-014","Intersection Of Two Linked Lists","2026-07-23","50","60","83.3"
"Design and Analysis of Algorithms","CDU Batch-1 - S-014","MCQ Practice","2026-07-23","43","60","71.7"
"Design and Analysis of Algorithms","CDU Batch-1 - S-014","Intersection Of Two Linked Lists","2026-07-22","47","60","78.3"
"Design and Analysis of Algorithms","CDU Batch-1 - S-014","MCQ Practice","2026-07-22","47","60","78.3"
"Design and Analysis of Algorithms","CDU Batch-1 - S-014","MCQ Practice","2026-07-21","43","60","71.7"
"Design and Analysis of Algorithms","CDU Batch-1 - S-014","Merge Two Sorted Linked List","2026-07-21","51","60","85"
"Design and Analysis of Algorithms","CDU Batch-1 - S-014","Adding Two Numbers","2026-07-20","46","60","76.7"
"Design and Analysis of Algorithms","CDU Batch-1 - S-014","MCQ Practice","2026-07-20","31","60","51.7"
"Design and Analysis of Algorithms","CDU Batch-1 - S-014","MCQ Practice","2026-07-18","54","60","90"
"Design and Analysis of Algorithms","CDU Batch-1 - S-014","MCQ Practice | Two Sum","2026-07-18","45","60","75"
"Design and Analysis of Algorithms","CDU Batch-1 - S-014","Length of Cycle In Linked List","2026-07-17","47","60","78.3"
"Design and Analysis of Algorithms","CDU Batch-1 - S-014","MCQ Practice","2026-07-17","44","60","73.3"
"Design and Analysis of Algorithms","CDU Batch-1 - S-014","MCQ Practice","2026-07-16","52","60","86.7"
"Design and Analysis of Algorithms","CDU Batch-1 - S-014","Length of Cycle In Linked List","2026-07-15","48","60","80"
"Design and Analysis of Algorithms","CDU Batch-1 - S-014","MCQ Practice","2026-07-15","48","60","80"
"Design and Analysis of Algorithms","CDU Batch-1 - S-014","Cycle Detection In Linked List","2026-07-14","45","60","75"
"Design and Analysis of Algorithms","CDU Batch-1 - S-014","MCQ Practice","2026-07-14","46","60","76.7"
"Design and Analysis of Algorithms","CDU Batch-1 - S-014","MCQ Practice","2026-07-13","46","60","76.7"
"Design and Analysis of Algorithms","CDU Batch-1 - S-014","Reversing a Linked List","2026-07-13","43","60","71.7"
"Design and Analysis of Algorithms","CDU Batch-1 - S-014","Circular Linked List","2026-07-11","31","60","51.7"
"Design and Analysis of Algorithms","CDU Batch-1 - S-014","MCQ Practice","2026-07-11","42","60","70"
"Design and Analysis of Algorithms","CDU Batch-1 - S-014","Circular Linked List","2026-07-09","52","60","86.7"
"Design and Analysis of Algorithms","CDU Batch-1 - S-014","MCQ Practice","2026-07-09","53","60","88.3"
"Design and Analysis of Algorithms","CDU Batch-1 - S-014","Circular Linked List","2026-07-08","47","60","78.3"
"Design and Analysis of Algorithms","CDU Batch-1 - S-014","MCQ Practice","2026-07-08","48","60","80"
"Design and Analysis of Algorithms","CDU Batch-1 - S-014","Deletion in Doubly Linked List","2026-07-07","49","60","81.7"
"Design and Analysis of Algorithms","CDU Batch-1 - S-014","Module Quiz-1","2026-07-07","44","60","73.3"
"Design and Analysis of Algorithms","CDU Batch-1 - S-014","Deletion in Doubly Linked List","2026-07-06","47","60","78.3"
"Design and Analysis of Algorithms","CDU Batch-1 - S-014","MCQ Practice","2026-07-06","36","60","60"
"Design and Analysis of Algorithms","CDU Batch-1 - S-014","MCQ Practice | Largest Subarray Sum","2026-07-06","41","60","68.3"
"Design and Analysis of Algorithms","CDU Batch-1 - S-014","Insertion in Doubly Linked List","2026-07-03","46","60","76.7"
"Design and Analysis of Algorithms","CDU Batch-1 - S-014","MCQ Practice","2026-07-03","47","60","78.3"
"Design and Analysis of Algorithms","CDU Batch-1 - S-014","Insertion in Doubly Linked List","2026-07-02","47","60","78.3"
"Design and Analysis of Algorithms","CDU Batch-1 - S-014","Introduction to Doubly Linked List","2026-06-29","46","60","76.7"
"Design and Analysis of Algorithms","CDU Batch-1 - S-014","MCQ Practice","2026-06-29","43","60","71.7"
"Design and Analysis of Algorithms","CDU Batch-1 - S-014","Deletion in Linked List","2026-06-27","25","60","41.7"
"Design and Analysis of Algorithms","CDU Batch-1 - S-014","Deletion in Linked List","2026-06-25","48","60","80"
"Design and Analysis of Algorithms","CDU Batch-1 - S-014","Deletion in Linked List","2026-06-24","43","60","71.7"
"Design and Analysis of Algorithms","CDU Batch-1 - S-014","Insertion in Linked List","2026-06-23","38","60","63.3"
"Design and Analysis of Algorithms","CDU Batch-1 - S-014","MCQ Practice","2026-06-23","70","120","58.3"
"Design and Analysis of Algorithms","CDU Batch-1 - S-014","Insertion in Linked List","2026-06-22","4","60","6.7"
"Design and Analysis of Algorithms","CDU Batch-1 - S-014","MCQ Practice","2026-06-22","45","60","75"
"Design and Analysis of Algorithms","CDU Batch-1 - S-014","Insertion in Linked List","2026-06-20","41","60","68.3"
"Design and Analysis of Algorithms","CDU Batch-1 - S-014","MCQ Practice","2026-06-20","40","60","66.7"
"Design and Analysis of Algorithms","CDU Batch-1 - S-014","Introduction to Linked List","2026-06-19","47","60","78.3"
"Design and Analysis of Algorithms","CDU Batch-1 - S-014","Introduction to Linked List","2026-06-18","44","60","73.3"
"Design and Analysis of Algorithms","CDU Batch-1 - S-014","Two Sum","2026-06-17","35","60","58.3"
"Design and Analysis of Algorithms","CDU Batch-1 - S-014","Largest Subarray Sum","2026-06-16","31","60","51.7"
"Design and Analysis of Algorithms","CDU Batch-1 - S-014","Longest Subarray with Sum K","2026-06-15","9","60","15"
"Design and Analysis of Algorithms","CDU Batch-1 - S-014","MCQ Practice | Longest Subarray with Sum K","2026-06-13","9","60","15"
"Design and Analysis of Algorithms","CDU Batch-1 - S-014","Sliding Window, Two-Pointer Technique","2026-06-13","9","60","15"
"Design and Analysis of Algorithms","CDU Batch-1 - S-014","MCQ Practice","2026-06-12","14","120","11.7"
"Design and Analysis of Algorithms","CDU Batch-1 - S-014","Prefix Sum","2026-06-12","6","60","10"
"Design and Analysis of Algorithms","CDU Batch-1 - S-014","Hashing","2026-06-11","0","60","0"
"Design and Analysis of Algorithms","CDU Batch-1 - S-014","MCQ Practice","2026-06-11","0","60","0"
"Design and Analysis of Algorithms","CDU Batch-1 - S-015","Asteroid Collision","2026-08-22","0","60","0"
"Design and Analysis of Algorithms","CDU Batch-1 - S-015","MCQ Practice","2026-08-22","19","60","31.7"
"Design and Analysis of Algorithms","CDU Batch-1 - S-015","MCQ Practice","2026-08-20","86","120","71.7"
"Design and Analysis of Algorithms","CDU Batch-1 - S-015","Balanced Parenthesis","2026-08-19","46","60","76.7"
"Design and Analysis of Algorithms","CDU Batch-1 - S-015","MCQ Practice","2026-08-19","40","60","66.7"
"Design and Analysis of Algorithms","CDU Batch-1 - S-015","Implement Min Stack","2026-08-14","45","60","75"
"Design and Analysis of Algorithms","CDU Batch-1 - S-015","MCQ Practice","2026-08-08","25","60","41.7"
"Design and Analysis of Algorithms","CDU Batch-1 - S-015","MCQ Practice | Longest Subarray with Sum K","2026-08-08","23","60","38.3"
"Design and Analysis of Algorithms","CDU Batch-1 - S-015","Infix, Prefix, and Postfix Notations","2026-08-04","44","60","73.3"
"Design and Analysis of Algorithms","CDU Batch-1 - S-015","Infix, Prefix, and Postfix Notations","2026-08-03","44","60","73.3"
"Design and Analysis of Algorithms","CDU Batch-1 - S-015","Introduction to Monotonic Stacks","2026-08-01","35","60","58.3"
"Design and Analysis of Algorithms","CDU Batch-1 - S-015","MCQ Practice","2026-08-01","31","60","51.7"
"Design and Analysis of Algorithms","CDU Batch-1 - S-015","Introduction to Monotonic Stacks","2026-07-31","53","60","88.3"
"Design and Analysis of Algorithms","CDU Batch-1 - S-015","MCQ Practice","2026-07-31","47","60","78.3"
"Design and Analysis of Algorithms","CDU Batch-1 - S-015","MCQ Practice","2026-07-30","48","60","80"
"Design and Analysis of Algorithms","CDU Batch-1 - S-015","Module Quiz-2","2026-07-30","46","60","76.7"
"Design and Analysis of Algorithms","CDU Batch-1 - S-015","Stack Implementation Using Linked List","2026-07-30","48","60","80"
"Design and Analysis of Algorithms","CDU Batch-1 - S-015","MCQ Practice","2026-07-29","51","60","85"
"Design and Analysis of Algorithms","CDU Batch-1 - S-015","Stack Implementation Using Array","2026-07-29","49","60","81.7"
"Design and Analysis of Algorithms","CDU Batch-1 - S-015","Introduction of Stack","2026-07-28","44","60","73.3"
"Design and Analysis of Algorithms","CDU Batch-1 - S-015","MCQ Practice","2026-07-28","49","60","81.7"
"Design and Analysis of Algorithms","CDU Batch-1 - S-015","MCQ Practice | Longest Subarray with Sum K","2026-07-28","43","60","71.7"
"Design and Analysis of Algorithms","CDU Batch-1 - S-015","Flatten a Linked List","2026-07-27","55","60","91.7"
"Design and Analysis of Algorithms","CDU Batch-1 - S-015","Intersection Of Two Linked Lists","2026-07-23","52","60","86.7"
"Design and Analysis of Algorithms","CDU Batch-1 - S-015","MCQ Practice","2026-07-23","52","60","86.7"
"Design and Analysis of Algorithms","CDU Batch-1 - S-015","Intersection Of Two Linked Lists","2026-07-22","48","60","80"
"Design and Analysis of Algorithms","CDU Batch-1 - S-015","MCQ Practice","2026-07-22","47","60","78.3"
"Design and Analysis of Algorithms","CDU Batch-1 - S-015","MCQ Practice","2026-07-21","48","60","80"
"Design and Analysis of Algorithms","CDU Batch-1 - S-015","Merge Two Sorted Linked List","2026-07-21","48","60","80"
"Design and Analysis of Algorithms","CDU Batch-1 - S-015","MCQ Practice","2026-07-20","46","60","76.7"
"Design and Analysis of Algorithms","CDU Batch-1 - S-015","Adding Two Numbers","2026-07-18","36","60","60"
"Design and Analysis of Algorithms","CDU Batch-1 - S-015","MCQ Practice","2026-07-18","40","60","66.7"
"Design and Analysis of Algorithms","CDU Batch-1 - S-015","Length of Cycle In Linked List","2026-07-17","25","60","41.7"
"Design and Analysis of Algorithms","CDU Batch-1 - S-015","MCQ Practice","2026-07-16","50","60","83.3"
"Design and Analysis of Algorithms","CDU Batch-1 - S-015","Length of Cycle In Linked List","2026-07-15","52","60","86.7"
"Design and Analysis of Algorithms","CDU Batch-1 - S-015","MCQ Practice","2026-07-15","52","60","86.7"
"Design and Analysis of Algorithms","CDU Batch-1 - S-015","Cycle Detection In Linked List","2026-07-14","53","60","88.3"
"Design and Analysis of Algorithms","CDU Batch-1 - S-015","MCQ Practice","2026-07-14","54","60","90"
"Design and Analysis of Algorithms","CDU Batch-1 - S-015","MCQ Practice","2026-07-13","51","60","85"
"Design and Analysis of Algorithms","CDU Batch-1 - S-015","Reversing a Linked List","2026-07-13","32","60","53.3"
"Design and Analysis of Algorithms","CDU Batch-1 - S-015","Circular Linked List","2026-07-11","36","60","60"
"Design and Analysis of Algorithms","CDU Batch-1 - S-015","MCQ Practice","2026-07-09","46","60","76.7"
"Design and Analysis of Algorithms","CDU Batch-1 - S-015","Circular Linked List","2026-07-08","48","60","80"
"Design and Analysis of Algorithms","CDU Batch-1 - S-015","MCQ Practice","2026-07-07","82","120","68.3"
"Design and Analysis of Algorithms","CDU Batch-1 - S-015","Module Quiz-1","2026-07-07","44","60","73.3"
"Design and Analysis of Algorithms","CDU Batch-1 - S-015","Deletion in Doubly Linked List","2026-07-06","45","60","75"
"Design and Analysis of Algorithms","CDU Batch-1 - S-015","Deletion in Doubly Linked List","2026-07-03","50","60","83.3"
"Design and Analysis of Algorithms","CDU Batch-1 - S-015","MCQ Practice","2026-07-02","48","60","80"
"Design and Analysis of Algorithms","CDU Batch-1 - S-015","Insertion in Doubly Linked List","2026-07-01","42","60","70"
"Design and Analysis of Algorithms","CDU Batch-1 - S-015","MCQ Practice","2026-07-01","45","60","75"
"Design and Analysis of Algorithms","CDU Batch-1 - S-015","Insertion in Doubly Linked List","2026-06-29","51","60","85"
"Design and Analysis of Algorithms","CDU Batch-1 - S-015","MCQ Practice","2026-06-29","105","120","87.5"
"Design and Analysis of Algorithms","CDU Batch-1 - S-015","Introduction to Doubly Linked List","2026-06-27","34","60","56.7"
"Design and Analysis of Algorithms","CDU Batch-1 - S-015","Introduction to Doubly Linked List","2026-06-25","51","60","85"
"Design and Analysis of Algorithms","CDU Batch-1 - S-015","MCQ Practice","2026-06-25","48","60","80"
"Design and Analysis of Algorithms","CDU Batch-1 - S-015","Deletion in Linked List","2026-06-24","45","60","75"
"Design and Analysis of Algorithms","CDU Batch-1 - S-015","Deletion in Linked List","2026-06-23","37","60","61.7"
"Design and Analysis of Algorithms","CDU Batch-1 - S-015","MCQ Practice","2026-06-23","28","60","46.7"
"Design and Analysis of Algorithms","CDU Batch-1 - S-015","Insertion in Linked List","2026-06-22","47","60","78.3"
"Design and Analysis of Algorithms","CDU Batch-1 - S-015","MCQ Practice","2026-06-22","49","60","81.7"
"Design and Analysis of Algorithms","CDU Batch-1 - S-015","Insertion in Linked List","2026-06-20","43","60","71.7"
"Design and Analysis of Algorithms","CDU Batch-1 - S-015","Introduction to Linked List","2026-06-19","49","60","81.7"
"Design and Analysis of Algorithms","CDU Batch-1 - S-015","MCQ Practice","2026-06-19","49","60","81.7"
"Design and Analysis of Algorithms","CDU Batch-1 - S-015","Introduction to Linked List","2026-06-18","48","60","80"
"Design and Analysis of Algorithms","CDU Batch-1 - S-015","Two Sum","2026-06-17","16","60","26.7"
"Design and Analysis of Algorithms","CDU Batch-1 - S-015","Largest Subarray Sum","2026-06-16","10","60","16.7"
"Design and Analysis of Algorithms","CDU Batch-1 - S-015","Longest Subarray with Sum K","2026-06-15","10","60","16.7"
"Design and Analysis of Algorithms","CDU Batch-1 - S-015","MCQ Practice","2026-06-13","7","60","11.7"
"Design and Analysis of Algorithms","CDU Batch-1 - S-015","Sliding Window, Two-Pointer Technique","2026-06-13","7","60","11.7"
"Design and Analysis of Algorithms","CDU Batch-1 - S-015","Prefix Sum","2026-06-12","9","60","15"
"Design and Analysis of Algorithms","CDU Batch-1 - S-015","Hashing","2026-06-11","0","60","0"
"Design and Analysis of Algorithms","CDU Batch-1 - S-016","Asteroid Collision","2026-08-22","0","76","0"
"Design and Analysis of Algorithms","CDU Batch-1 - S-016","MCQ Practice","2026-08-22","34","76","44.7"
"Design and Analysis of Algorithms","CDU Batch-1 - S-016","MCQ Practice","2026-08-20","39","76","51.3"
"Design and Analysis of Algorithms","CDU Batch-1 - S-016","Balanced Parenthesis","2026-08-19","52","76","68.4"
"Design and Analysis of Algorithms","CDU Batch-1 - S-016","Implement Min Stack","2026-08-14","49","76","64.5"
"Design and Analysis of Algorithms","CDU Batch-1 - S-016","MCQ Practice | Longest Subarray with Sum K","2026-08-08","43","76","56.6"
"Design and Analysis of Algorithms","CDU Batch-1 - S-016","Infix, Prefix, and Postfix Notations","2026-08-04","53","76","69.7"
"Design and Analysis of Algorithms","CDU Batch-1 - S-016","MCQ Practice","2026-08-04","58","76","76.3"
"Design and Analysis of Algorithms","CDU Batch-1 - S-016","Infix, Prefix, and Postfix Notations","2026-08-03","55","76","72.4"
"Design and Analysis of Algorithms","CDU Batch-1 - S-016","MCQ Practice","2026-08-03","56","76","73.7"
"Design and Analysis of Algorithms","CDU Batch-1 - S-016","Introduction to Monotonic Stacks","2026-08-01","42","76","55.3"
"Design and Analysis of Algorithms","CDU Batch-1 - S-016","MCQ Practice","2026-08-01","71","152","46.7"
"Design and Analysis of Algorithms","CDU Batch-1 - S-016","Introduction to Monotonic Stacks","2026-07-31","47","76","61.8"
"Design and Analysis of Algorithms","CDU Batch-1 - S-016","MCQ Practice","2026-07-31","75","152","49.3"
"Design and Analysis of Algorithms","CDU Batch-1 - S-016","Module Quiz-2","2026-07-30","50","76","65.8"
"Design and Analysis of Algorithms","CDU Batch-1 - S-016","Stack Implementation Using Linked List","2026-07-30","51","76","67.1"
"Design and Analysis of Algorithms","CDU Batch-1 - S-016","MCQ Practice","2026-07-29","36","76","47.4"
"Design and Analysis of Algorithms","CDU Batch-1 - S-016","Stack Implementation Using Array","2026-07-29","41","76","53.9"
"Design and Analysis of Algorithms","CDU Batch-1 - S-016","Introduction of Stack","2026-07-28","51","76","67.1"
"Design and Analysis of Algorithms","CDU Batch-1 - S-016","MCQ Practice","2026-07-28","43","76","56.6"
"Design and Analysis of Algorithms","CDU Batch-1 - S-016","Flatten a Linked List","2026-07-27","45","76","59.2"
"Design and Analysis of Algorithms","CDU Batch-1 - S-016","MCQ Practice","2026-07-27","48","76","63.2"
"Design and Analysis of Algorithms","CDU Batch-1 - S-016","Intersection Of Two Linked Lists","2026-07-23","58","76","76.3"
"Design and Analysis of Algorithms","CDU Batch-1 - S-016","MCQ Practice","2026-07-23","51","76","67.1"
"Design and Analysis of Algorithms","CDU Batch-1 - S-016","Intersection Of Two Linked Lists","2026-07-22","56","76","73.7"
"Design and Analysis of Algorithms","CDU Batch-1 - S-016","MCQ Practice","2026-07-22","44","76","57.9"
"Design and Analysis of Algorithms","CDU Batch-1 - S-016","MCQ Practice","2026-07-21","50","76","65.8"
"Design and Analysis of Algorithms","CDU Batch-1 - S-016","Merge Two Sorted Linked List","2026-07-21","46","76","60.5"
"Design and Analysis of Algorithms","CDU Batch-1 - S-016","MCQ Practice","2026-07-20","47","76","61.8"
"Design and Analysis of Algorithms","CDU Batch-1 - S-016","Adding Two Numbers","2026-07-18","38","76","50"
"Design and Analysis of Algorithms","CDU Batch-1 - S-016","MCQ Practice","2026-07-18","49","76","64.5"
"Design and Analysis of Algorithms","CDU Batch-1 - S-016","MCQ Practice | Two Sum","2026-07-18","55","76","72.4"
"Design and Analysis of Algorithms","CDU Batch-1 - S-016","Length of Cycle In Linked List","2026-07-17","63","76","82.9"
"Design and Analysis of Algorithms","CDU Batch-1 - S-016","MCQ Practice","2026-07-17","40","76","52.6"
"Design and Analysis of Algorithms","CDU Batch-1 - S-016","MCQ Practice | Largest Subarray Sum","2026-07-17","63","76","82.9"
"Design and Analysis of Algorithms","CDU Batch-1 - S-016","Cycle Detection In Linked List","2026-07-16","61","76","80.3"
"Design and Analysis of Algorithms","CDU Batch-1 - S-016","MCQ Practice","2026-07-16","58","76","76.3"
"Design and Analysis of Algorithms","CDU Batch-1 - S-016","MCQ Practice","2026-07-15","62","76","81.6"
"Design and Analysis of Algorithms","CDU Batch-1 - S-016","MCQ Practice","2026-07-14","60","76","78.9"
"Design and Analysis of Algorithms","CDU Batch-1 - S-016","MCQ Practice","2026-07-13","61","76","80.3"
"Design and Analysis of Algorithms","CDU Batch-1 - S-016","Reversing a Linked List","2026-07-13","57","76","75"
"Design and Analysis of Algorithms","CDU Batch-1 - S-016","Circular Linked List","2026-07-11","31","76","40.8"
"Design and Analysis of Algorithms","CDU Batch-1 - S-016","Circular Linked List","2026-07-09","1","76","1.3"
"Design and Analysis of Algorithms","CDU Batch-1 - S-016","Circular Linked List","2026-07-08","57","76","75"
"Design and Analysis of Algorithms","CDU Batch-1 - S-016","MCQ Practice","2026-07-08","26","76","34.2"
"Design and Analysis of Algorithms","CDU Batch-1 - S-016","Circular Linked List","2026-07-07","46","76","60.5"
"Design and Analysis of Algorithms","CDU Batch-1 - S-016","MCQ Practice","2026-07-07","52","76","68.4"
"Design and Analysis of Algorithms","CDU Batch-1 - S-016","Module Quiz-1","2026-07-07","46","76","60.5"
"Design and Analysis of Algorithms","CDU Batch-1 - S-016","Deletion in Doubly Linked List","2026-07-06","58","76","76.3"
"Design and Analysis of Algorithms","CDU Batch-1 - S-016","MCQ Practice","2026-07-06","42","76","55.3"
"Design and Analysis of Algorithms","CDU Batch-1 - S-016","MCQ Practice | Longest Subarray with Sum K","2026-07-06","60","76","78.9"
"Design and Analysis of Algorithms","CDU Batch-1 - S-016","Deletion in Doubly Linked List","2026-07-03","48","76","63.2"
"Design and Analysis of Algorithms","CDU Batch-1 - S-016","Insertion in Doubly Linked List","2026-07-02","51","76","67.1"
"Design and Analysis of Algorithms","CDU Batch-1 - S-016","MCQ Practice","2026-07-02","48","76","63.2"
"Design and Analysis of Algorithms","CDU Batch-1 - S-016","Insertion in Doubly Linked List","2026-07-01","38","76","50"
"Design and Analysis of Algorithms","CDU Batch-1 - S-016","MCQ Practice","2026-07-01","38","76","50"
"Design and Analysis of Algorithms","CDU Batch-1 - S-016","Introduction to Doubly Linked List","2026-06-29","48","76","63.2"
"Design and Analysis of Algorithms","CDU Batch-1 - S-016","Introduction to Doubly Linked List","2026-06-25","52","76","68.4"
"Design and Analysis of Algorithms","CDU Batch-1 - S-016","Deletion in Linked List","2026-06-24","53","76","69.7"
"Design and Analysis of Algorithms","CDU Batch-1 - S-016","MCQ Practice","2026-06-24","45","76","59.2"
"Design and Analysis of Algorithms","CDU Batch-1 - S-016","Deletion in Linked List","2026-06-23","42","76","55.3"
"Design and Analysis of Algorithms","CDU Batch-1 - S-016","Insertion in Linked List","2026-06-22","51","76","67.1"
"Design and Analysis of Algorithms","CDU Batch-1 - S-016","Introduction to Linked List","2026-06-19","38","76","50"
"Design and Analysis of Algorithms","CDU Batch-1 - S-016","MCQ Practice","2026-06-19","38","76","50"
"Design and Analysis of Algorithms","CDU Batch-1 - S-016","Introduction to Linked List","2026-06-18","20","76","26.3"
"Design and Analysis of Algorithms","CDU Batch-1 - S-016","MCQ Practice","2026-06-18","20","76","26.3"
"Design and Analysis of Algorithms","CDU Batch-1 - S-016","Two Sum","2026-06-17","6","76","7.9"
"Design and Analysis of Algorithms","CDU Batch-1 - S-016","Largest Subarray Sum","2026-06-16","4","76","5.3"
"Design and Analysis of Algorithms","CDU Batch-1 - S-016","Longest Subarray with Sum K","2026-06-15","8","76","10.5"
"Design and Analysis of Algorithms","CDU Batch-1 - S-016","Sliding Window, Two-Pointer Technique","2026-06-13","9","76","11.8"
"Design and Analysis of Algorithms","CDU Batch-1 - S-016","Prefix Sum","2026-06-12","0","76","0"
"Design and Analysis of Algorithms","CDU Batch-1 - S-016","Hashing","2026-06-11","0","76","0"
"Design and Analysis of Algorithms","CDU Batch-1 - S-017","MCQ Practice","2026-08-22","0","60","0"
"Design and Analysis of Algorithms","CDU Batch-1 - S-017","Largest Rectangle In Histogram","2026-08-20","29","60","48.3"
"Design and Analysis of Algorithms","CDU Batch-1 - S-017","MCQ Practice","2026-08-20","28","120","23.3"
"Design and Analysis of Algorithms","CDU Batch-1 - S-017","Asteroid Collision","2026-08-19","13","60","21.7"
"Design and Analysis of Algorithms","CDU Batch-1 - S-017","MCQ Practice","2026-08-19","19","60","31.7"
"Design and Analysis of Algorithms","CDU Batch-1 - S-017","Balanced Parenthesis","2026-08-18","35","60","58.3"
"Design and Analysis of Algorithms","CDU Batch-1 - S-017","Implement Min Stack","2026-08-14","37","60","61.7"
"Design and Analysis of Algorithms","CDU Batch-1 - S-017","Implement Min Stack","2026-08-08","14","60","23.3"
"Design and Analysis of Algorithms","CDU Batch-1 - S-017","MCQ Practice","2026-08-08","24","60","40"
"Design and Analysis of Algorithms","CDU Batch-1 - S-017","Infix, Prefix, and Postfix Notations","2026-08-04","27","60","45"
"Design and Analysis of Algorithms","CDU Batch-1 - S-017","Introduction to Monotonic Stacks","2026-08-03","38","60","63.3"
"Design and Analysis of Algorithms","CDU Batch-1 - S-017","MCQ Practice","2026-07-31","27","60","45"
"Design and Analysis of Algorithms","CDU Batch-1 - S-017","MCQ Practice","2026-07-30","39","60","65"
"Design and Analysis of Algorithms","CDU Batch-1 - S-017","Introduction to Monotonic Stacks","2026-07-29","37","60","61.7"
"Design and Analysis of Algorithms","CDU Batch-1 - S-017","MCQ Practice","2026-07-29","42","60","70"
"Design and Analysis of Algorithms","CDU Batch-1 - S-017","MCQ Practice","2026-07-28","31","60","51.7"
"Design and Analysis of Algorithms","CDU Batch-1 - S-017","Stack Implementation Using Linked List","2026-07-28","29","60","48.3"
"Design and Analysis of Algorithms","CDU Batch-1 - S-017","MCQ Practice","2026-07-27","35","60","58.3"
"Design and Analysis of Algorithms","CDU Batch-1 - S-017","Stack Implementation Using Array","2026-07-27","35","60","58.3"
"Design and Analysis of Algorithms","CDU Batch-1 - S-017","Introduction of Stack","2026-07-23","32","60","53.3"
"Design and Analysis of Algorithms","CDU Batch-1 - S-017","MCQ Practice","2026-07-22","41","60","68.3"
"Design and Analysis of Algorithms","CDU Batch-1 - S-017","Flatten a Linked List","2026-07-21","41","60","68.3"
"Design and Analysis of Algorithms","CDU Batch-1 - S-017","Intersection Of Two Linked Lists","2026-07-20","30","60","50"
"Design and Analysis of Algorithms","CDU Batch-1 - S-017","MCQ Practice","2026-07-20","67","120","55.8"
"Design and Analysis of Algorithms","CDU Batch-1 - S-017","Intersection Of Two Linked Lists","2026-07-18","30","60","50"
"Design and Analysis of Algorithms","CDU Batch-1 - S-017","MCQ Practice","2026-07-18","36","60","60"
"Design and Analysis of Algorithms","CDU Batch-1 - S-017","Merge Two Sorted Linked List","2026-07-17","35","60","58.3"
"Design and Analysis of Algorithms","CDU Batch-1 - S-017","MCQ Practice","2026-07-16","17","60","28.3"
"Design and Analysis of Algorithms","CDU Batch-1 - S-017","MCQ Practice | Largest Subarray Sum","2026-07-16","45","60","75"
"Design and Analysis of Algorithms","CDU Batch-1 - S-017","Adding Two Numbers","2026-07-15","39","60","65"
"Design and Analysis of Algorithms","CDU Batch-1 - S-017","MCQ Practice","2026-07-15","52","60","86.7"
"Design and Analysis of Algorithms","CDU Batch-1 - S-017","Length of Cycle In Linked List","2026-07-14","43","60","71.7"
"Design and Analysis of Algorithms","CDU Batch-1 - S-017","MCQ Practice","2026-07-14","46","60","76.7"
"Design and Analysis of Algorithms","CDU Batch-1 - S-017","MCQ Practice","2026-07-13","40","60","66.7"
"Design and Analysis of Algorithms","CDU Batch-1 - S-017","MCQ Practice","2026-07-11","19","60","31.7"
"Design and Analysis of Algorithms","CDU Batch-1 - S-017","Cycle Detection In Linked List","2026-07-09","52","60","86.7"
"Design and Analysis of Algorithms","CDU Batch-1 - S-017","MCQ Practice","2026-07-08","41","60","68.3"
"Design and Analysis of Algorithms","CDU Batch-1 - S-017","Reversing a Linked List","2026-07-08","9","60","15"
"Design and Analysis of Algorithms","CDU Batch-1 - S-017","MCQ Practice","2026-07-07","32","60","53.3"
"Design and Analysis of Algorithms","CDU Batch-1 - S-017","MCQ Practice | Two Sum","2026-07-07","31","60","51.7"
"Design and Analysis of Algorithms","CDU Batch-1 - S-017","Module Quiz-1","2026-07-07","31","60","51.7"
"Design and Analysis of Algorithms","CDU Batch-1 - S-017","MCQ Practice | Longest Subarray with Sum K","2026-07-06","43","60","71.7"
"Design and Analysis of Algorithms","CDU Batch-1 - S-017","Circular Linked List","2026-07-03","44","60","73.3"
"Design and Analysis of Algorithms","CDU Batch-1 - S-017","MCQ Practice","2026-07-03","40","60","66.7"
"Design and Analysis of Algorithms","CDU Batch-1 - S-017","MCQ Practice","2026-07-02","36","60","60"
"Design and Analysis of Algorithms","CDU Batch-1 - S-017","Circular Linked List","2026-07-01","26","60","43.3"
"Design and Analysis of Algorithms","CDU Batch-1 - S-017","Deletion in Doubly Linked List","2026-06-29","42","60","70"
"Design and Analysis of Algorithms","CDU Batch-1 - S-017","MCQ Practice","2026-06-29","42","60","70"
"Design and Analysis of Algorithms","CDU Batch-1 - S-017","MCQ Practice","2026-06-27","33","60","55"
"Design and Analysis of Algorithms","CDU Batch-1 - S-017","Insertion in Doubly Linked List","2026-06-25","28","60","46.7"
"Design and Analysis of Algorithms","CDU Batch-1 - S-017","MCQ Practice","2026-06-25","29","60","48.3"
"Design and Analysis of Algorithms","CDU Batch-1 - S-017","Deletion in Linked List","2026-06-24","40","60","66.7"
"Design and Analysis of Algorithms","CDU Batch-1 - S-017","MCQ Practice","2026-06-24","39","60","65"
"Design and Analysis of Algorithms","CDU Batch-1 - S-017","Introduction to Doubly Linked List","2026-06-23","28","60","46.7"
"Design and Analysis of Algorithms","CDU Batch-1 - S-017","MCQ Practice","2026-06-23","34","60","56.7"
"Design and Analysis of Algorithms","CDU Batch-1 - S-017","Deletion in Linked List","2026-06-22","13","60","21.7"
"Design and Analysis of Algorithms","CDU Batch-1 - S-017","Deletion in Linked List","2026-06-20","11","60","18.3"
"Design and Analysis of Algorithms","CDU Batch-1 - S-017","MCQ Practice","2026-06-20","11","60","18.3"
"Design and Analysis of Algorithms","CDU Batch-1 - S-017","Insertion in Linked List","2026-06-19","10","60","16.7"
"Design and Analysis of Algorithms","CDU Batch-1 - S-017","Introduction to Linked List","2026-06-18","11","60","18.3"
"Design and Analysis of Algorithms","CDU Batch-1 - S-017","MCQ Practice","2026-06-18","11","60","18.3"
"Design and Analysis of Algorithms","CDU Batch-1 - S-017","Two Sum","2026-06-17","4","60","6.7"
"Design and Analysis of Algorithms","CDU Batch-1 - S-017","Largest Subarray Sum","2026-06-16","4","60","6.7"
"Design and Analysis of Algorithms","CDU Batch-1 - S-017","Longest Subarray with Sum K","2026-06-15","0","60","0"
"Design and Analysis of Algorithms","CDU Batch-1 - S-017","MCQ Practice","2026-06-13","0","60","0"
"Design and Analysis of Algorithms","CDU Batch-1 - S-017","Sliding Window, Two-Pointer Technique","2026-06-13","0","60","0"
"Design and Analysis of Algorithms","CDU Batch-1 - S-017","Prefix Sum","2026-06-12","0","60","0"
"Design and Analysis of Algorithms","CDU Batch-1 - S-017","Hashing","2026-06-11","0","60","0"
"Design and Analysis of Algorithms","CDU Batch-1 - S-018","MCQ Practice","2026-08-22","24","60","40"
"Design and Analysis of Algorithms","CDU Batch-1 - S-018","Largest Rectangle In Histogram","2026-08-20","34","60","56.7"
"Design and Analysis of Algorithms","CDU Batch-1 - S-018","MCQ Practice","2026-08-20","68","120","56.7"
"Design and Analysis of Algorithms","CDU Batch-1 - S-018","Asteroid Collision","2026-08-19","26","60","43.3"
"Design and Analysis of Algorithms","CDU Batch-1 - S-018","MCQ Practice","2026-08-19","28","60","46.7"
"Design and Analysis of Algorithms","CDU Batch-1 - S-018","Balanced Parenthesis","2026-08-18","39","60","65"
"Design and Analysis of Algorithms","CDU Batch-1 - S-018","MCQ Practice | Longest Subarray with Sum K","2026-08-08","19","60","31.7"
"Design and Analysis of Algorithms","CDU Batch-1 - S-018","Implement Min Stack","2026-08-04","43","60","71.7"
"Design and Analysis of Algorithms","CDU Batch-1 - S-018","MCQ Practice","2026-08-04","39","60","65"
"Design and Analysis of Algorithms","CDU Batch-1 - S-018","Infix, Prefix, and Postfix Notations","2026-08-03","39","60","65"
"Design and Analysis of Algorithms","CDU Batch-1 - S-018","MCQ Practice","2026-08-01","38","60","63.3"
"Design and Analysis of Algorithms","CDU Batch-1 - S-018","MCQ Practice","2026-07-31","29","60","48.3"
"Design and Analysis of Algorithms","CDU Batch-1 - S-018","MCQ Practice","2026-07-30","31","60","51.7"
"Design and Analysis of Algorithms","CDU Batch-1 - S-018","Module Quiz-2","2026-07-30","34","60","56.7"
"Design and Analysis of Algorithms","CDU Batch-1 - S-018","Introduction to Monotonic Stacks","2026-07-29","36","60","60"
"Design and Analysis of Algorithms","CDU Batch-1 - S-018","MCQ Practice","2026-07-28","37","60","61.7"
"Design and Analysis of Algorithms","CDU Batch-1 - S-018","Stack Implementation Using Linked List","2026-07-28","44","60","73.3"
"Design and Analysis of Algorithms","CDU Batch-1 - S-018","MCQ Practice","2026-07-27","43","60","71.7"
"Design and Analysis of Algorithms","CDU Batch-1 - S-018","Stack Implementation Using Array","2026-07-23","38","60","63.3"
"Design and Analysis of Algorithms","CDU Batch-1 - S-018","Introduction of Stack","2026-07-22","40","60","66.7"
"Design and Analysis of Algorithms","CDU Batch-1 - S-018","Flatten a Linked List","2026-07-21","31","60","51.7"
"Design and Analysis of Algorithms","CDU Batch-1 - S-018","MCQ Practice","2026-07-21","40","60","66.7"
"Design and Analysis of Algorithms","CDU Batch-1 - S-018","Intersection Of Two Linked Lists","2026-07-20","43","60","71.7"
"Design and Analysis of Algorithms","CDU Batch-1 - S-018","MCQ Practice","2026-07-20","86","120","71.7"
"Design and Analysis of Algorithms","CDU Batch-1 - S-018","MCQ Practice","2026-07-18","68","120","56.7"
"Design and Analysis of Algorithms","CDU Batch-1 - S-018","MCQ Practice | Largest Subarray Sum","2026-07-18","36","60","60"
"Design and Analysis of Algorithms","CDU Batch-1 - S-018","MCQ Practice | Two Sum","2026-07-18","30","60","50"
"Design and Analysis of Algorithms","CDU Batch-1 - S-018","MCQ Practice","2026-07-17","41","60","68.3"
"Design and Analysis of Algorithms","CDU Batch-1 - S-018","Merge Two Sorted Linked List","2026-07-17","34","60","56.7"
"Design and Analysis of Algorithms","CDU Batch-1 - S-018","MCQ Practice","2026-07-16","46","60","76.7"
"Design and Analysis of Algorithms","CDU Batch-1 - S-018","Adding Two Numbers","2026-07-15","44","60","73.3"
"Design and Analysis of Algorithms","CDU Batch-1 - S-018","MCQ Practice","2026-07-15","31","60","51.7"
"Design and Analysis of Algorithms","CDU Batch-1 - S-018","Length of Cycle In Linked List","2026-07-14","25","60","41.7"
"Design and Analysis of Algorithms","CDU Batch-1 - S-018","MCQ Practice","2026-07-14","43","60","71.7"
"Design and Analysis of Algorithms","CDU Batch-1 - S-018","MCQ Practice","2026-07-13","33","60","55"
"Design and Analysis of Algorithms","CDU Batch-1 - S-018","MCQ Practice","2026-07-11","21","60","35"
"Design and Analysis of Algorithms","CDU Batch-1 - S-018","Cycle Detection In Linked List","2026-07-09","41","60","68.3"
"Design and Analysis of Algorithms","CDU Batch-1 - S-018","MCQ Practice","2026-07-09","43","60","71.7"
"Design and Analysis of Algorithms","CDU Batch-1 - S-018","Reversing a Linked List","2026-07-08","45","60","75"
"Design and Analysis of Algorithms","CDU Batch-1 - S-018","Circular Linked List","2026-07-07","36","60","60"
"Design and Analysis of Algorithms","CDU Batch-1 - S-018","Module Quiz-1","2026-07-07","30","60","50"
"Design and Analysis of Algorithms","CDU Batch-1 - S-018","Circular Linked List","2026-07-06","42","60","70"
"Design and Analysis of Algorithms","CDU Batch-1 - S-018","MCQ Practice","2026-07-06","60","120","50"
"Design and Analysis of Algorithms","CDU Batch-1 - S-018","MCQ Practice | Longest Subarray with Sum K","2026-07-06","46","60","76.7"
"Design and Analysis of Algorithms","CDU Batch-1 - S-018","Circular Linked List","2026-07-03","33","60","55"
"Design and Analysis of Algorithms","CDU Batch-1 - S-018","Deletion in Doubly Linked List","2026-07-02","25","60","41.7"
"Design and Analysis of Algorithms","CDU Batch-1 - S-018","MCQ Practice","2026-07-02","77","120","64.2"
"Design and Analysis of Algorithms","CDU Batch-1 - S-018","Deletion in Doubly Linked List","2026-06-29","29","60","48.3"
"Design and Analysis of Algorithms","CDU Batch-1 - S-018","MCQ Practice","2026-06-29","27","60","45"
"Design and Analysis of Algorithms","CDU Batch-1 - S-018","Insertion in Doubly Linked List","2026-06-25","15","60","25"
"Design and Analysis of Algorithms","CDU Batch-1 - S-018","Introduction to Doubly Linked List","2026-06-24","9","60","15"
"Design and Analysis of Algorithms","CDU Batch-1 - S-018","MCQ Practice","2026-06-24","12","60","20"
"Design and Analysis of Algorithms","CDU Batch-1 - S-018","Introduction to Doubly Linked List","2026-06-23","5","60","8.3"
"Design and Analysis of Algorithms","CDU Batch-1 - S-018","MCQ Practice","2026-06-23","10","120","8.3"
"Design and Analysis of Algorithms","CDU Batch-1 - S-018","Deletion in Linked List","2026-06-22","5","60","8.3"
"Design and Analysis of Algorithms","CDU Batch-1 - S-018","MCQ Practice","2026-06-22","10","120","8.3"
"Design and Analysis of Algorithms","CDU Batch-1 - S-018","Insertion in Linked List","2026-06-19","3","60","5"
"Design and Analysis of Algorithms","CDU Batch-1 - S-018","Introduction to Linked List","2026-06-18","4","60","6.7"
"Design and Analysis of Algorithms","CDU Batch-1 - S-018","Two Sum","2026-06-17","2","60","3.3"
"Design and Analysis of Algorithms","CDU Batch-1 - S-018","Largest Subarray Sum","2026-06-16","3","60","5"
"Design and Analysis of Algorithms","CDU Batch-1 - S-018","Longest Subarray with Sum K","2026-06-15","1","60","1.7"
"Design and Analysis of Algorithms","CDU Batch-1 - S-018","Sliding Window, Two-Pointer Technique","2026-06-13","1","60","1.7"
"Design and Analysis of Algorithms","CDU Batch-1 - S-018","Prefix Sum","2026-06-12","0","60","0"
"Design and Analysis of Algorithms","CDU Batch-1 - S-018","Hashing","2026-06-11","0","60","0"
"Design and Analysis of Algorithms","CDU Batch-1 - S-019","Largest Rectangle In Histogram","2026-08-22","0","39","0"
"Design and Analysis of Algorithms","CDU Batch-1 - S-019","MCQ Practice","2026-08-22","0","39","0"
"Design and Analysis of Algorithms","CDU Batch-1 - S-019","Asteroid Collision","2026-08-20","24","39","61.5"
"Design and Analysis of Algorithms","CDU Batch-1 - S-019","MCQ Practice","2026-08-20","22","39","56.4"
"Design and Analysis of Algorithms","CDU Batch-1 - S-019","Balanced Parenthesis","2026-08-19","12","39","30.8"
"Design and Analysis of Algorithms","CDU Batch-1 - S-019","MCQ Practice","2026-08-19","16","39","41"
"Design and Analysis of Algorithms","CDU Batch-1 - S-019","Implement Min Stack","2026-08-14","15","39","38.5"
"Design and Analysis of Algorithms","CDU Batch-1 - S-019","Implement Min Stack","2026-08-08","9","39","23.1"
"Design and Analysis of Algorithms","CDU Batch-1 - S-019","MCQ Practice","2026-08-08","9","39","23.1"
"Design and Analysis of Algorithms","CDU Batch-1 - S-019","Infix, Prefix, and Postfix Notations","2026-08-04","23","39","59"
"Design and Analysis of Algorithms","CDU Batch-1 - S-019","Introduction to Monotonic Stacks","2026-08-03","22","39","56.4"
"Design and Analysis of Algorithms","CDU Batch-1 - S-019","MCQ Practice","2026-08-03","23","39","59"
"Design and Analysis of Algorithms","CDU Batch-1 - S-019","Stack Implementation Using Linked List","2026-08-01","16","39","41"
"Design and Analysis of Algorithms","CDU Batch-1 - S-019","MCQ Practice","2026-07-31","21","39","53.8"
"Design and Analysis of Algorithms","CDU Batch-1 - S-019","Stack Implementation Using Linked List","2026-07-31","0","39","0"
"Design and Analysis of Algorithms","CDU Batch-1 - S-019","MCQ Practice","2026-07-30","26","39","66.7"
"Design and Analysis of Algorithms","CDU Batch-1 - S-019","Module Quiz-2","2026-07-30","23","39","59"
"Design and Analysis of Algorithms","CDU Batch-1 - S-019","Stack Implementation Using Linked List","2026-07-30","27","39","69.2"
"Design and Analysis of Algorithms","CDU Batch-1 - S-019","MCQ Practice","2026-07-29","25","39","64.1"
"Design and Analysis of Algorithms","CDU Batch-1 - S-019","Stack Implementation Using Linked List","2026-07-29","4","39","10.3"
"Design and Analysis of Algorithms","CDU Batch-1 - S-019","MCQ Practice","2026-07-28","25","39","64.1"
"Design and Analysis of Algorithms","CDU Batch-1 - S-019","Introduction of Stack","2026-07-27","21","39","53.8"
"Design and Analysis of Algorithms","CDU Batch-1 - S-019","Stack Implementation Using Array","2026-07-27","18","39","46.2"
"Design and Analysis of Algorithms","CDU Batch-1 - S-019","MCQ Practice","2026-07-23","46","78","59"
"Design and Analysis of Algorithms","CDU Batch-1 - S-019","Flatten a Linked List","2026-07-22","18","39","46.2"
"Design and Analysis of Algorithms","CDU Batch-1 - S-019","MCQ Practice","2026-07-22","19","39","48.7"
"Design and Analysis of Algorithms","CDU Batch-1 - S-019","MCQ Practice","2026-07-21","38","78","48.7"
"Design and Analysis of Algorithms","CDU Batch-1 - S-019","Intersection Of Two Linked Lists","2026-07-20","3","39","7.7"
"Design and Analysis of Algorithms","CDU Batch-1 - S-019","MCQ Practice","2026-07-20","21","39","53.8"
"Design and Analysis of Algorithms","CDU Batch-1 - S-019","MCQ Practice | Two Sum","2026-07-20","20","39","51.3"
"Design and Analysis of Algorithms","CDU Batch-1 - S-019","Intersection Of Two Linked Lists","2026-07-18","13","39","33.3"
"Design and Analysis of Algorithms","CDU Batch-1 - S-019","MCQ Practice","2026-07-17","21","39","53.8"
"Design and Analysis of Algorithms","CDU Batch-1 - S-019","Merge Two Sorted Linked List","2026-07-17","20","39","51.3"
"Design and Analysis of Algorithms","CDU Batch-1 - S-019","MCQ Practice","2026-07-16","16","39","41"
"Design and Analysis of Algorithms","CDU Batch-1 - S-019","Adding Two Numbers","2026-07-15","12","39","30.8"
"Design and Analysis of Algorithms","CDU Batch-1 - S-019","MCQ Practice","2026-07-15","4","39","10.3"
"Design and Analysis of Algorithms","CDU Batch-1 - S-019","Length of Cycle In Linked List","2026-07-14","15","39","38.5"
"Design and Analysis of Algorithms","CDU Batch-1 - S-019","MCQ Practice | Largest Subarray Sum","2026-07-14","15","39","38.5"
"Design and Analysis of Algorithms","CDU Batch-1 - S-019","MCQ Practice","2026-07-13","14","39","35.9"
"Design and Analysis of Algorithms","CDU Batch-1 - S-019","Cycle Detection In Linked List","2026-07-11","9","39","23.1"
"Design and Analysis of Algorithms","CDU Batch-1 - S-019","Cycle Detection In Linked List","2026-07-09","0","39","0"
"Design and Analysis of Algorithms","CDU Batch-1 - S-019","MCQ Practice","2026-07-09","10","39","25.6"
"Design and Analysis of Algorithms","CDU Batch-1 - S-019","Reversing a Linked List","2026-07-08","5","39","12.8"
"Design and Analysis of Algorithms","CDU Batch-1 - S-019","MCQ Practice","2026-07-07","15","78","19.2"
"Design and Analysis of Algorithms","CDU Batch-1 - S-019","Module Quiz-1","2026-07-07","8","39","20.5"
"Design and Analysis of Algorithms","CDU Batch-1 - S-019","MCQ Practice","2026-07-06","1","39","2.6"
"Design and Analysis of Algorithms","CDU Batch-1 - S-019","MCQ Practice | Longest Subarray with Sum K","2026-07-06","3","39","7.7"
"Design and Analysis of Algorithms","CDU Batch-1 - S-019","MCQ Practice","2026-07-03","0","39","0"
"Design and Analysis of Algorithms","CDU Batch-1 - S-019","MCQ Practice","2026-07-01","0","39","0"
"Design and Analysis of Algorithms","CDU Batch-1 - S-019","Deletion in Doubly Linked List","2026-06-29","0","39","0"
"Design and Analysis of Algorithms","CDU Batch-1 - S-019","MCQ Practice","2026-06-29","0","39","0"
"Design and Analysis of Algorithms","CDU Batch-1 - S-019","MCQ Practice","2026-06-27","0","39","0"
"Design and Analysis of Algorithms","CDU Batch-1 - S-019","Deletion in Linked List","2026-06-25","0","39","0"
"Design and Analysis of Algorithms","CDU Batch-1 - S-019","MCQ Practice","2026-06-25","0","39","0"
"Design and Analysis of Algorithms","CDU Batch-1 - S-019","Introduction to Doubly Linked List","2026-06-24","0","39","0"
"Design and Analysis of Algorithms","CDU Batch-1 - S-019","Introduction to Doubly Linked List","2026-06-23","0","39","0"
"Design and Analysis of Algorithms","CDU Batch-1 - S-019","Deletion in Linked List","2026-06-22","2","39","5.1"
"Design and Analysis of Algorithms","CDU Batch-1 - S-019","MCQ Practice","2026-06-22","2","39","5.1"
"Design and Analysis of Algorithms","CDU Batch-1 - S-019","Insertion in Linked List","2026-06-19","0","39","0"
"Design and Analysis of Algorithms","CDU Batch-1 - S-019","MCQ Practice","2026-06-19","0","39","0"
"Design and Analysis of Algorithms","CDU Batch-1 - S-019","Introduction to Linked List","2026-06-18","1","39","2.6"
"Design and Analysis of Algorithms","CDU Batch-1 - S-019","MCQ Practice","2026-06-18","1","39","2.6"
"Design and Analysis of Algorithms","CDU Batch-1 - S-019","Two Sum","2026-06-17","1","39","2.6"
"Design and Analysis of Algorithms","CDU Batch-1 - S-019","Largest Subarray Sum","2026-06-16","0","39","0"
"Design and Analysis of Algorithms","CDU Batch-1 - S-019","Longest Subarray with Sum K","2026-06-15","0","39","0"
"Design and Analysis of Algorithms","CDU Batch-1 - S-019","Sliding Window, Two-Pointer Technique","2026-06-13","0","78","0"
"Design and Analysis of Algorithms","CDU Batch-1 - S-019","Prefix Sum","2026-06-12","2","39","5.1"
"Design and Analysis of Algorithms","CDU Batch-1 - S-019","Hashing","2026-06-11","0","39","0"
"Design and Analysis of Algorithms","CDU Batch-1 - S-019","MCQ Practice","2026-06-11","0","39","0"
"Design and Analysis of Algorithms","CDU Batch-1 - S-020","Largest Rectangle In Histogram","2026-08-22","18","47","38.3"
"Design and Analysis of Algorithms","CDU Batch-1 - S-020","MCQ Practice","2026-08-22","17","47","36.2"
"Design and Analysis of Algorithms","CDU Batch-1 - S-020","Asteroid Collision","2026-08-20","23","47","48.9"
"Design and Analysis of Algorithms","CDU Batch-1 - S-020","MCQ Practice","2026-08-20","10","47","21.3"
"Design and Analysis of Algorithms","CDU Batch-1 - S-020","Balanced Parenthesis","2026-08-19","0","47","0"
"Design and Analysis of Algorithms","CDU Batch-1 - S-020","MCQ Practice","2026-08-19","22","94","23.4"
"Design and Analysis of Algorithms","CDU Batch-1 - S-020","MCQ Practice | Largest Subarray Sum","2026-08-08","15","47","31.9"
"Design and Analysis of Algorithms","CDU Batch-1 - S-020","MCQ Practice | Longest Subarray with Sum K","2026-08-08","16","47","34"
"Design and Analysis of Algorithms","CDU Batch-1 - S-020","Infix, Prefix, and Postfix Notations","2026-08-04","35","47","74.5"
"Design and Analysis of Algorithms","CDU Batch-1 - S-020","MCQ Practice","2026-08-04","38","47","80.9"
"Design and Analysis of Algorithms","CDU Batch-1 - S-020","Introduction to Monotonic Stacks","2026-08-03","20","47","42.6"
"Design and Analysis of Algorithms","CDU Batch-1 - S-020","MCQ Practice","2026-08-03","34","47","72.3"
"Design and Analysis of Algorithms","CDU Batch-1 - S-020","MCQ Practice","2026-08-01","25","47","53.2"
"Design and Analysis of Algorithms","CDU Batch-1 - S-020","MCQ Practice","2026-07-31","1","47","2.1"
"Design and Analysis of Algorithms","CDU Batch-1 - S-020","MCQ Practice","2026-07-30","23","47","48.9"
"Design and Analysis of Algorithms","CDU Batch-1 - S-020","Module Quiz-2","2026-07-30","32","47","68.1"
"Design and Analysis of Algorithms","CDU Batch-1 - S-020","Introduction to Monotonic Stacks","2026-07-29","33","47","70.2"
"Design and Analysis of Algorithms","CDU Batch-1 - S-020","MCQ Practice","2026-07-29","31","47","66"
"Design and Analysis of Algorithms","CDU Batch-1 - S-020","Stack Implementation Using Linked List","2026-07-28","26","47","55.3"
"Design and Analysis of Algorithms","CDU Batch-1 - S-020","MCQ Practice","2026-07-23","21","47","44.7"
"Design and Analysis of Algorithms","CDU Batch-1 - S-020","Introduction of Stack","2026-07-22","33","47","70.2"
"Design and Analysis of Algorithms","CDU Batch-1 - S-020","Flatten a Linked List","2026-07-21","19","47","40.4"
"Design and Analysis of Algorithms","CDU Batch-1 - S-020","MCQ Practice","2026-07-21","26","47","55.3"
"Design and Analysis of Algorithms","CDU Batch-1 - S-020","Intersection Of Two Linked Lists","2026-07-20","36","47","76.6"
"Design and Analysis of Algorithms","CDU Batch-1 - S-020","MCQ Practice | Largest Subarray Sum","2026-07-20","30","47","63.8"
"Design and Analysis of Algorithms","CDU Batch-1 - S-020","MCQ Practice | Two Sum","2026-07-20","33","47","70.2"
"Design and Analysis of Algorithms","CDU Batch-1 - S-020","Intersection Of Two Linked Lists","2026-07-18","18","47","38.3"
"Design and Analysis of Algorithms","CDU Batch-1 - S-020","MCQ Practice","2026-07-18","18","47","38.3"
"Design and Analysis of Algorithms","CDU Batch-1 - S-020","MCQ Practice","2026-07-17","17","47","36.2"
"Design and Analysis of Algorithms","CDU Batch-1 - S-020","Merge Two Sorted Linked List","2026-07-17","17","47","36.2"
"Design and Analysis of Algorithms","CDU Batch-1 - S-020","MCQ Practice","2026-07-16","30","94","31.9"
"Design and Analysis of Algorithms","CDU Batch-1 - S-020","MCQ Practice","2026-07-15","14","47","29.8"
"Design and Analysis of Algorithms","CDU Batch-1 - S-020","Length of Cycle In Linked List","2026-07-14","25","47","53.2"
"Design and Analysis of Algorithms","CDU Batch-1 - S-020","MCQ Practice","2026-07-13","6","47","12.8"
"Design and Analysis of Algorithms","CDU Batch-1 - S-020","Cycle Detection In Linked List","2026-07-11","11","47","23.4"
"Design and Analysis of Algorithms","CDU Batch-1 - S-020","Cycle Detection In Linked List","2026-07-09","4","47","8.5"
"Design and Analysis of Algorithms","CDU Batch-1 - S-020","MCQ Practice","2026-07-09","6","47","12.8"
"Design and Analysis of Algorithms","CDU Batch-1 - S-020","Reversing a Linked List","2026-07-08","34","47","72.3"
"Design and Analysis of Algorithms","CDU Batch-1 - S-020","MCQ Practice","2026-07-07","21","47","44.7"
"Design and Analysis of Algorithms","CDU Batch-1 - S-020","Module Quiz-1","2026-07-07","29","47","61.7"
"Design and Analysis of Algorithms","CDU Batch-1 - S-020","MCQ Practice","2026-07-06","12","47","25.5"
"Design and Analysis of Algorithms","CDU Batch-1 - S-020","MCQ Practice | Longest Subarray with Sum K","2026-07-06","18","47","38.3"
"Design and Analysis of Algorithms","CDU Batch-1 - S-020","Circular Linked List","2026-07-03","27","47","57.4"
"Design and Analysis of Algorithms","CDU Batch-1 - S-020","Circular Linked List","2026-07-02","29","47","61.7"
"Design and Analysis of Algorithms","CDU Batch-1 - S-020","MCQ Practice","2026-07-02","15","47","31.9"
"Design and Analysis of Algorithms","CDU Batch-1 - S-020","Circular Linked List","2026-07-01","19","47","40.4"
"Design and Analysis of Algorithms","CDU Batch-1 - S-020","MCQ Practice","2026-07-01","23","47","48.9"
"Design and Analysis of Algorithms","CDU Batch-1 - S-020","MCQ Practice","2026-06-29","23","47","48.9"
"Design and Analysis of Algorithms","CDU Batch-1 - S-020","Deletion in Doubly Linked List","2026-06-25","21","47","44.7"
"Design and Analysis of Algorithms","CDU Batch-1 - S-020","MCQ Practice","2026-06-25","21","47","44.7"
"Design and Analysis of Algorithms","CDU Batch-1 - S-020","Insertion in Doubly Linked List","2026-06-24","17","47","36.2"
"Design and Analysis of Algorithms","CDU Batch-1 - S-020","Introduction to Doubly Linked List","2026-06-23","10","47","21.3"
"Design and Analysis of Algorithms","CDU Batch-1 - S-020","Deletion in Linked List","2026-06-22","8","47","17"
"Design and Analysis of Algorithms","CDU Batch-1 - S-020","Deletion in Linked List","2026-06-20","8","47","17"
"Design and Analysis of Algorithms","CDU Batch-1 - S-020","MCQ Practice","2026-06-20","5","47","10.6"
"Design and Analysis of Algorithms","CDU Batch-1 - S-020","Insertion in Linked List","2026-06-19","6","47","12.8"
"Design and Analysis of Algorithms","CDU Batch-1 - S-020","MCQ Practice","2026-06-19","6","47","12.8"
"Design and Analysis of Algorithms","CDU Batch-1 - S-020","Introduction to Linked List","2026-06-18","0","47","0"
"Design and Analysis of Algorithms","CDU Batch-1 - S-020","MCQ Practice","2026-06-18","5","47","10.6"
"Design and Analysis of Algorithms","CDU Batch-1 - S-020","Two Sum","2026-06-17","2","47","4.3"
"Design and Analysis of Algorithms","CDU Batch-1 - S-020","Largest Subarray Sum","2026-06-16","2","47","4.3"
"Design and Analysis of Algorithms","CDU Batch-1 - S-020","Longest Subarray with Sum K","2026-06-15","2","47","4.3"
"Design and Analysis of Algorithms","CDU Batch-1 - S-020","MCQ Practice","2026-06-13","2","47","4.3"
"Design and Analysis of Algorithms","CDU Batch-1 - S-020","Sliding Window, Two-Pointer Technique","2026-06-13","2","47","4.3"
"Design and Analysis of Algorithms","CDU Batch-1 - S-020","Prefix Sum","2026-06-12","2","47","4.3"
"Design and Analysis of Algorithms","CDU Batch-1 - S-020","Hashing","2026-06-11","2","47","4.3"
"Design and Analysis of Algorithms","CDU Batch-1 - S-020","MCQ Practice","2026-06-11","2","47","4.3"
